ISO-10303-21;
HEADER;
/* Generated by software containing ST-Developer
 * from STEP Tools, Inc. (www.steptools.com) 
 */
/* OPTION: using custom renumber hook */

FILE_DESCRIPTION(
/* description */ ('STEP AP242 Edition 2',
'CAx-IF Rec.Pracs.---Representation and Presentation of Product Manufa
cturing Information (PMI)---4.0---2014-10-13',
'CAx-IF Rec.Pracs.---3D Tessellated Geometry---0.4---2014-09-14','2;1',
'CAx-IF Rec.Pracs.---User Defined Attributes---1.5---2016-08-15'),
/* implementation_level */ '2;1');

FILE_NAME(
/* name */ 'Case2 - Case',
/* time_stamp */ '2026-04-29T19:24:38Z',
/* author */ (''),
/* organization */ (''),
/* preprocessor_version */ 'ST-DEVELOPER v20',
/* originating_system */ 'ONSHAPE BY PTC INC, 1.214',
/* authorisation */ '  ');

FILE_SCHEMA (('AP242_MANAGED_MODEL_BASED_3D_ENGINEERING_MIM_LF { 1 0 10303 442 3 1 4 }'));
ENDSEC;

DATA;
#10=SHAPE_REPRESENTATION_RELATIONSHIP('','',#3928,#11);
#11=ADVANCED_BREP_SHAPE_REPRESENTATION('',(#3926),#6868);
#12=B_SPLINE_SURFACE_WITH_KNOTS('',1,3,((#6485,#6486,#6487,#6488,#6489,
#6490),(#6491,#6492,#6493,#6494,#6495,#6496)),.RULED_SURF.,.F.,.F.,.F.,
(2,2),(4,2,4),(0.,1.),(3.1415926535898,3.92699081698724,4.71238898038469),
 .UNSPECIFIED.);
#13=B_SPLINE_SURFACE_WITH_KNOTS('',1,3,((#6501,#6502,#6503,#6504,#6505,
#6506),(#6507,#6508,#6509,#6510,#6511,#6512)),.RULED_SURF.,.F.,.F.,.F.,
(2,2),(4,2,4),(0.,1.),(1.5707963267949,2.35619449019234,3.1415926535898),
 .UNSPECIFIED.);
#14=B_SPLINE_SURFACE_WITH_KNOTS('',1,3,((#6527,#6528,#6529,#6530),(#6531,
#6532,#6533,#6534)),.RULED_SURF.,.F.,.F.,.F.,(2,2),(4,4),(0.,1.),(0.558599304468695,
1.57079632679491),.PIECEWISE_BEZIER_KNOTS.);
#15=B_SPLINE_SURFACE_WITH_KNOTS('',1,3,((#6539,#6540,#6541,#6542),(#6543,
#6544,#6545,#6546)),.RULED_SURF.,.F.,.F.,.F.,(2,2),(4,4),(0.,1.),(4.71238898038468,
5.79137612827512),.PIECEWISE_BEZIER_KNOTS.);
#16=B_SPLINE_SURFACE_WITH_KNOTS('',1,3,((#6561,#6562,#6563,#6564),(#6565,
#6566,#6567,#6568)),.RULED_SURF.,.F.,.F.,.F.,(2,2),(4,4),(0.,1.),(3.70019195802958,
4.71238898038469),.PIECEWISE_BEZIER_KNOTS.);
#17=B_SPLINE_SURFACE_WITH_KNOTS('',1,3,((#6573,#6574,#6575,#6576),(#6577,
#6578,#6579,#6580)),.RULED_SURF.,.F.,.F.,.F.,(2,2),(4,4),(0.,1.),(1.75581955343197,
2.64978347460263),.PIECEWISE_BEZIER_KNOTS.);
#18=B_SPLINE_SURFACE_WITH_KNOTS('',1,3,((#6595,#6596,#6597,#6598),(#6599,
#6600,#6601,#6602)),.RULED_SURF.,.F.,.F.,.F.,(2,2),(4,4),(0.,1.),(4.71238898038469,
5.49778714378072),.PIECEWISE_BEZIER_KNOTS.);
#19=B_SPLINE_SURFACE_WITH_KNOTS('',1,3,((#6607,#6608,#6609,#6610),(#6611,
#6612,#6613,#6614)),.RULED_SURF.,.F.,.F.,.F.,(2,2),(4,4),(0.,1.),(4.89741220698783,
5.23598775727153),.PIECEWISE_BEZIER_KNOTS.);
#20=B_SPLINE_SURFACE_WITH_KNOTS('',1,3,((#6629,#6630,#6631,#6632),(#6633,
#6634,#6635,#6636)),.RULED_SURF.,.F.,.F.,.F.,(2,2),(4,4),(0.,1.),(1.5707963267949,
2.35619449018406),.PIECEWISE_BEZIER_KNOTS.);
#21=B_SPLINE_SURFACE_WITH_KNOTS('',1,3,((#6641,#6642,#6643,#6644,#6645,
#6646),(#6647,#6648,#6649,#6650,#6651,#6652)),.RULED_SURF.,.F.,.F.,.F.,
(2,2),(4,2,4),(0.,1.),(0.523598776623484,1.30899694015842,2.09439510369336),
 .UNSPECIFIED.);
#22=B_SPLINE_SURFACE_WITH_KNOTS('',1,3,((#6667,#6668,#6669,#6670,#6671,
#6672),(#6673,#6674,#6675,#6676,#6677,#6678)),.RULED_SURF.,.F.,.F.,.F.,
(2,2),(4,2,4),(0.,1.),(4.71238898038469,5.49778714378214,6.28318530717959),
 .UNSPECIFIED.);
#23=B_SPLINE_SURFACE_WITH_KNOTS('',1,3,((#6683,#6684,#6685,#6686),(#6687,
#6688,#6689,#6690)),.RULED_SURF.,.F.,.F.,.F.,(2,2),(4,4),(0.,1.),(0.,0.52359877661709),
 .PIECEWISE_BEZIER_KNOTS.);
#24=CONICAL_SURFACE('',#4149,0.004,0.785398163397448);
#25=CONICAL_SURFACE('',#4150,0.004,0.785398163397448);
#26=CONICAL_SURFACE('',#4152,0.003,0.130899693899575);
#27=CONICAL_SURFACE('',#4158,0.003,0.130899693899575);
#28=CONICAL_SURFACE('',#4162,0.003,0.130899693899575);
#29=CONICAL_SURFACE('',#4166,0.003,0.130899693899575);
#30=CONICAL_SURFACE('',#4170,0.003,0.130899693899575);
#31=CONICAL_SURFACE('',#4232,0.00565,0.785398163397445);
#32=CONICAL_SURFACE('',#4233,0.00565,0.785398163397445);
#33=CONICAL_SURFACE('',#4236,0.00435,0.785398163397448);
#34=CONICAL_SURFACE('',#4237,0.00435,0.785398163397448);
#35=CONICAL_SURFACE('',#4240,0.00565,0.785398163397448);
#36=CONICAL_SURFACE('',#4241,0.00565,0.785398163397446);
#37=CONICAL_SURFACE('',#4244,0.00565,0.785398163397444);
#38=CONICAL_SURFACE('',#4245,0.00434999999999972,0.785398163397446);
#39=CONICAL_SURFACE('',#4248,0.00435,0.785398163397443);
#40=CONICAL_SURFACE('',#4249,0.00565,0.78539816339745);
#41=CONICAL_SURFACE('',#4252,0.00565,0.785398163397448);
#42=CONICAL_SURFACE('',#4253,0.0056500000000002,0.785398163397446);
#43=CONICAL_SURFACE('',#4256,0.008,0.785398163397445);
#44=CONICAL_SURFACE('',#4257,0.008,0.785398163397448);
#45=CONICAL_SURFACE('',#4260,0.002,0.785398163397448);
#46=CONICAL_SURFACE('',#4261,0.002,0.785398163397448);
#47=CONICAL_SURFACE('',#4264,0.008,0.785398163397446);
#48=CONICAL_SURFACE('',#4265,0.008,0.785398163397446);
#49=CONICAL_SURFACE('',#4268,0.00199999999999994,0.785398163397449);
#50=CONICAL_SURFACE('',#4269,0.008,0.785398163397448);
#51=CONICAL_SURFACE('',#4272,0.008,0.785398163397445);
#52=CONICAL_SURFACE('',#4273,0.00199999999999995,0.785398163397442);
#53=CONICAL_SURFACE('',#4276,0.00800000000000022,0.78539816339745);
#54=CONICAL_SURFACE('',#4277,0.008,0.785398163397448);
#55=B_SPLINE_CURVE_WITH_KNOTS('',3,(#5581,#5582,#5583,#5584,#5585,#5586,
#5587),.UNSPECIFIED.,.F.,.F.,(4,1,1,1,4),(0.,0.000920578271250171,0.00184115654250034,
0.00276173481375051,0.00368231308500069),.UNSPECIFIED.);
#56=B_SPLINE_CURVE_WITH_KNOTS('',3,(#5616,#5617,#5618,#5619,#5620,#5621),
 .UNSPECIFIED.,.F.,.F.,(4,2,4),(4.71238898038469,5.49778714378214,6.28318530717959),
 .UNSPECIFIED.);
#57=B_SPLINE_CURVE_WITH_KNOTS('',3,(#5625,#5626,#5627,#5628),
 .UNSPECIFIED.,.F.,.F.,(4,4),(0.,0.00288503946047891),.UNSPECIFIED.);
#58=B_SPLINE_CURVE_WITH_KNOTS('',3,(#5632,#5633,#5634,#5635),
 .UNSPECIFIED.,.F.,.F.,(4,4),(0.,0.0028850930273716),.UNSPECIFIED.);
#59=B_SPLINE_CURVE_WITH_KNOTS('',3,(#5771,#5772,#5773,#5774,#5775,#5776),
 .UNSPECIFIED.,.F.,.F.,(4,2,4),(3.1415926535898,3.92699081698724,4.71238898038469),
 .UNSPECIFIED.);
#60=B_SPLINE_CURVE_WITH_KNOTS('',3,(#5782,#5783,#5784,#5785,#5786,#5787),
 .UNSPECIFIED.,.F.,.F.,(4,2,4),(1.5707963267949,2.35619449019234,3.1415926535898),
 .UNSPECIFIED.);
#61=B_SPLINE_CURVE_WITH_KNOTS('',3,(#5809,#5810,#5811,#5812),
 .UNSPECIFIED.,.F.,.F.,(4,4),(0.,1.),.UNSPECIFIED.);
#62=B_SPLINE_CURVE_WITH_KNOTS('',3,(#5824,#5825,#5826,#5827,#5828),
 .UNSPECIFIED.,.F.,.F.,(4,1,4),(0.,0.5,1.),.UNSPECIFIED.);
#63=B_SPLINE_CURVE_WITH_KNOTS('',3,(#5840,#5841,#5842,#5843,#5844,#5845,
#5846,#5847,#5848,#5849,#5850,#5851,#5852,#5853,#5854,#5855,#5856,#5857),
 .UNSPECIFIED.,.F.,.F.,(4,1,1,1,1,1,1,1,1,1,1,1,1,1,1,4),(0.,0.125,0.25,
0.3125,0.375,0.4375,0.46875,0.484375,0.5,0.515625,0.53125,0.5625,0.625,
0.75,0.875,1.),.UNSPECIFIED.);
#64=B_SPLINE_CURVE_WITH_KNOTS('',3,(#5869,#5870,#5871,#5872,#5873),
 .UNSPECIFIED.,.F.,.F.,(4,1,4),(0.,0.5,1.),.UNSPECIFIED.);
#65=B_SPLINE_CURVE_WITH_KNOTS('',3,(#5888,#5889,#5890,#5891,#5892),
 .UNSPECIFIED.,.F.,.F.,(4,1,4),(0.,0.5,1.),.UNSPECIFIED.);
#66=B_SPLINE_CURVE_WITH_KNOTS('',3,(#5904,#5905,#5906,#5907,#5908),
 .UNSPECIFIED.,.F.,.F.,(4,1,4),(0.,0.5,1.),.UNSPECIFIED.);
#67=B_SPLINE_CURVE_WITH_KNOTS('',3,(#5920,#5921,#5922,#5923),
 .UNSPECIFIED.,.F.,.F.,(4,4),(0.,1.),.UNSPECIFIED.);
#68=B_SPLINE_CURVE_WITH_KNOTS('',3,(#5935,#5936,#5937,#5938,#5939,#5940),
 .UNSPECIFIED.,.F.,.F.,(4,2,4),(0.523598776623484,1.30899694015842,2.09439510369336),
 .UNSPECIFIED.);
#69=B_SPLINE_CURVE_WITH_KNOTS('',3,(#6060,#6061,#6062,#6063),
 .UNSPECIFIED.,.F.,.F.,(4,4),(0.,1.),.UNSPECIFIED.);
#70=B_SPLINE_CURVE_WITH_KNOTS('',3,(#6073,#6074,#6075,#6076,#6077),
 .UNSPECIFIED.,.F.,.F.,(4,1,4),(0.,0.5,1.),.UNSPECIFIED.);
#71=B_SPLINE_CURVE_WITH_KNOTS('',3,(#6082,#6083,#6084,#6085),
 .UNSPECIFIED.,.F.,.F.,(4,4),(0.,1.),.UNSPECIFIED.);
#72=B_SPLINE_CURVE_WITH_KNOTS('',3,(#6089,#6090,#6091,#6092,#6093),
 .UNSPECIFIED.,.F.,.F.,(4,1,4),(0.,0.5,1.),.UNSPECIFIED.);
#73=B_SPLINE_CURVE_WITH_KNOTS('',3,(#6097,#6098,#6099,#6100),
 .UNSPECIFIED.,.F.,.F.,(4,4),(0.,1.),.UNSPECIFIED.);
#74=B_SPLINE_CURVE_WITH_KNOTS('',3,(#6104,#6105,#6106,#6107,#6108,#6109,
#6110),.UNSPECIFIED.,.F.,.F.,(4,1,1,1,4),(0.,0.25,0.5,0.75,1.),
 .UNSPECIFIED.);
#75=B_SPLINE_CURVE_WITH_KNOTS('',3,(#6114,#6115,#6116,#6117,#6118,#6119,
#6120),.UNSPECIFIED.,.F.,.F.,(4,1,1,1,4),(0.,0.25,0.5,0.75,1.),
 .UNSPECIFIED.);
#76=B_SPLINE_CURVE_WITH_KNOTS('',3,(#6124,#6125,#6126,#6127,#6128),
 .UNSPECIFIED.,.F.,.F.,(4,1,4),(0.,0.5,1.),.UNSPECIFIED.);
#77=B_SPLINE_CURVE_WITH_KNOTS('',3,(#6132,#6133,#6134,#6135,#6136),
 .UNSPECIFIED.,.F.,.F.,(4,1,4),(0.,0.5,1.),.UNSPECIFIED.);
#78=B_SPLINE_CURVE_WITH_KNOTS('',3,(#6140,#6141,#6142,#6143,#6144,#6145,
#6146),.UNSPECIFIED.,.F.,.F.,(4,1,1,1,4),(0.,0.25,0.5,0.75,1.),
 .UNSPECIFIED.);
#79=B_SPLINE_CURVE_WITH_KNOTS('',3,(#6150,#6151,#6152,#6153),
 .UNSPECIFIED.,.F.,.F.,(4,4),(0.,1.),.UNSPECIFIED.);
#80=B_SPLINE_CURVE_WITH_KNOTS('',3,(#6157,#6158,#6159,#6160),
 .UNSPECIFIED.,.F.,.F.,(4,4),(0.,1.),.UNSPECIFIED.);
#81=B_SPLINE_CURVE_WITH_KNOTS('',3,(#6164,#6165,#6166,#6167),
 .UNSPECIFIED.,.F.,.F.,(4,4),(0.,1.),.UNSPECIFIED.);
#82=B_SPLINE_CURVE_WITH_KNOTS('',3,(#6448,#6449,#6450,#6451),
 .UNSPECIFIED.,.F.,.F.,(4,4),(0.,0.00289665749319835),.UNSPECIFIED.);
#83=B_SPLINE_CURVE_WITH_KNOTS('',3,(#6452,#6453,#6454,#6455,#6456),
 .UNSPECIFIED.,.F.,.F.,(4,1,4),(0.,0.00196586545689646,0.00393173091379292),
 .UNSPECIFIED.);
#84=B_SPLINE_CURVE_WITH_KNOTS('',3,(#6477,#6478,#6479,#6480),
 .UNSPECIFIED.,.F.,.F.,(4,4),(0.,1.),.UNSPECIFIED.);
#85=B_SPLINE_CURVE_WITH_KNOTS('',3,(#6481,#6482,#6483,#6484),
 .UNSPECIFIED.,.F.,.F.,(4,4),(0.,1.),.UNSPECIFIED.);
#86=B_SPLINE_CURVE_WITH_KNOTS('',3,(#6497,#6498,#6499,#6500),
 .UNSPECIFIED.,.F.,.F.,(4,4),(0.,1.),.UNSPECIFIED.);
#87=B_SPLINE_CURVE_WITH_KNOTS('',3,(#6513,#6514,#6515,#6516),
 .UNSPECIFIED.,.F.,.F.,(4,4),(0.,1.),.UNSPECIFIED.);
#88=B_SPLINE_CURVE_WITH_KNOTS('',3,(#6518,#6519,#6520,#6521),
 .UNSPECIFIED.,.F.,.F.,(4,4),(0.,1.),.UNSPECIFIED.);
#89=B_SPLINE_CURVE_WITH_KNOTS('',3,(#6523,#6524,#6525,#6526),
 .UNSPECIFIED.,.F.,.F.,(4,4),(0.,1.),.UNSPECIFIED.);
#90=B_SPLINE_CURVE_WITH_KNOTS('',3,(#6535,#6536,#6537,#6538),
 .UNSPECIFIED.,.F.,.F.,(4,4),(0.,1.),.UNSPECIFIED.);
#91=B_SPLINE_CURVE_WITH_KNOTS('',3,(#6547,#6548,#6549,#6550),
 .UNSPECIFIED.,.F.,.F.,(4,4),(0.,1.),.UNSPECIFIED.);
#92=B_SPLINE_CURVE_WITH_KNOTS('',3,(#6552,#6553,#6554,#6555),
 .UNSPECIFIED.,.F.,.F.,(4,4),(0.,1.),.UNSPECIFIED.);
#93=B_SPLINE_CURVE_WITH_KNOTS('',3,(#6557,#6558,#6559,#6560),
 .UNSPECIFIED.,.F.,.F.,(4,4),(0.,1.),.UNSPECIFIED.);
#94=B_SPLINE_CURVE_WITH_KNOTS('',3,(#6569,#6570,#6571,#6572),
 .UNSPECIFIED.,.F.,.F.,(4,4),(0.,1.),.UNSPECIFIED.);
#95=B_SPLINE_CURVE_WITH_KNOTS('',3,(#6581,#6582,#6583,#6584),
 .UNSPECIFIED.,.F.,.F.,(4,4),(0.,1.),.UNSPECIFIED.);
#96=B_SPLINE_CURVE_WITH_KNOTS('',3,(#6586,#6587,#6588,#6589),
 .UNSPECIFIED.,.F.,.F.,(4,4),(0.,1.),.UNSPECIFIED.);
#97=B_SPLINE_CURVE_WITH_KNOTS('',3,(#6591,#6592,#6593,#6594),
 .UNSPECIFIED.,.F.,.F.,(4,4),(0.,1.),.UNSPECIFIED.);
#98=B_SPLINE_CURVE_WITH_KNOTS('',3,(#6603,#6604,#6605,#6606),
 .UNSPECIFIED.,.F.,.F.,(4,4),(0.,1.),.UNSPECIFIED.);
#99=B_SPLINE_CURVE_WITH_KNOTS('',3,(#6615,#6616,#6617,#6618),
 .UNSPECIFIED.,.F.,.F.,(4,4),(0.,1.),.UNSPECIFIED.);
#100=B_SPLINE_CURVE_WITH_KNOTS('',3,(#6620,#6621,#6622,#6623),
 .UNSPECIFIED.,.F.,.F.,(4,4),(0.,1.),.UNSPECIFIED.);
#101=B_SPLINE_CURVE_WITH_KNOTS('',3,(#6625,#6626,#6627,#6628),
 .UNSPECIFIED.,.F.,.F.,(4,4),(0.,1.),.UNSPECIFIED.);
#102=B_SPLINE_CURVE_WITH_KNOTS('',3,(#6637,#6638,#6639,#6640),
 .UNSPECIFIED.,.F.,.F.,(4,4),(0.,1.),.UNSPECIFIED.);
#103=B_SPLINE_CURVE_WITH_KNOTS('',3,(#6653,#6654,#6655,#6656),
 .UNSPECIFIED.,.F.,.F.,(4,4),(0.,1.),.UNSPECIFIED.);
#104=B_SPLINE_CURVE_WITH_KNOTS('',3,(#6658,#6659,#6660,#6661),
 .UNSPECIFIED.,.F.,.F.,(4,4),(0.,1.),.UNSPECIFIED.);
#105=B_SPLINE_CURVE_WITH_KNOTS('',3,(#6663,#6664,#6665,#6666),
 .UNSPECIFIED.,.F.,.F.,(4,4),(0.,1.),.UNSPECIFIED.);
#106=B_SPLINE_CURVE_WITH_KNOTS('',3,(#6679,#6680,#6681,#6682),
 .UNSPECIFIED.,.F.,.F.,(4,4),(0.,1.),.UNSPECIFIED.);
#107=B_SPLINE_CURVE_WITH_KNOTS('',3,(#6691,#6692,#6693,#6694),
 .UNSPECIFIED.,.F.,.F.,(4,4),(0.,1.),.UNSPECIFIED.);
#108=ELLIPSE('',#3965,0.0050728652159444,0.005);
#109=ELLIPSE('',#3967,0.00505017229377696,0.005);
#110=ELLIPSE('',#4000,0.00505017229377696,0.005);
#111=ELLIPSE('',#4002,0.0050728652159444,0.005);
#112=PLANE('',#3936);
#113=PLANE('',#3944);
#114=PLANE('',#3953);
#115=PLANE('',#3978);
#116=PLANE('',#3981);
#117=PLANE('',#3982);
#118=PLANE('',#3983);
#119=PLANE('',#4012);
#120=PLANE('',#4017);
#121=PLANE('',#4024);
#122=PLANE('',#4027);
#123=PLANE('',#4030);
#124=PLANE('',#4033);
#125=PLANE('',#4034);
#126=PLANE('',#4037);
#127=PLANE('',#4040);
#128=PLANE('',#4043);
#129=PLANE('',#4046);
#130=PLANE('',#4071);
#131=PLANE('',#4074);
#132=PLANE('',#4077);
#133=PLANE('',#4082);
#134=PLANE('',#4086);
#135=PLANE('',#4089);
#136=PLANE('',#4092);
#137=PLANE('',#4095);
#138=PLANE('',#4098);
#139=PLANE('',#4101);
#140=PLANE('',#4104);
#141=PLANE('',#4107);
#142=PLANE('',#4110);
#143=PLANE('',#4113);
#144=PLANE('',#4116);
#145=PLANE('',#4120);
#146=PLANE('',#4122);
#147=PLANE('',#4124);
#148=PLANE('',#4126);
#149=PLANE('',#4128);
#150=PLANE('',#4130);
#151=PLANE('',#4132);
#152=PLANE('',#4134);
#153=PLANE('',#4136);
#154=PLANE('',#4138);
#155=PLANE('',#4139);
#156=PLANE('',#4140);
#157=PLANE('',#4148);
#158=PLANE('',#4151);
#159=PLANE('',#4153);
#160=PLANE('',#4154);
#161=PLANE('',#4155);
#162=PLANE('',#4159);
#163=PLANE('',#4163);
#164=PLANE('',#4167);
#165=PLANE('',#4173);
#166=PLANE('',#4176);
#167=PLANE('',#4179);
#168=PLANE('',#4182);
#169=PLANE('',#4185);
#170=PLANE('',#4186);
#171=PLANE('',#4195);
#172=PLANE('',#4196);
#173=PLANE('',#4197);
#174=PLANE('',#4198);
#175=PLANE('',#4200);
#176=PLANE('',#4204);
#177=PLANE('',#4205);
#178=PLANE('',#4206);
#179=PLANE('',#4207);
#180=PLANE('',#4208);
#181=PLANE('',#4209);
#182=PLANE('',#4210);
#183=PLANE('',#4211);
#184=PLANE('',#4212);
#185=PLANE('',#4213);
#186=PLANE('',#4214);
#187=PLANE('',#4215);
#188=PLANE('',#4216);
#189=PLANE('',#4217);
#190=PLANE('',#4218);
#191=PLANE('',#4221);
#192=PLANE('',#4224);
#193=PLANE('',#4227);
#194=PLANE('',#4230);
#195=PLANE('',#4231);
#196=PLANE('',#4234);
#197=PLANE('',#4235);
#198=PLANE('',#4238);
#199=PLANE('',#4239);
#200=PLANE('',#4242);
#201=PLANE('',#4243);
#202=PLANE('',#4246);
#203=PLANE('',#4247);
#204=PLANE('',#4250);
#205=PLANE('',#4251);
#206=PLANE('',#4254);
#207=PLANE('',#4255);
#208=PLANE('',#4258);
#209=PLANE('',#4259);
#210=PLANE('',#4262);
#211=PLANE('',#4263);
#212=PLANE('',#4266);
#213=PLANE('',#4267);
#214=PLANE('',#4270);
#215=PLANE('',#4271);
#216=PLANE('',#4274);
#217=PLANE('',#4275);
#218=PLANE('',#4278);
#219=PLANE('',#4292);
#220=PLANE('',#4293);
#221=PLANE('',#4294);
#222=PLANE('',#4295);
#223=PLANE('',#4296);
#224=PLANE('',#4297);
#225=PLANE('',#4299);
#226=PLANE('',#4301);
#227=PLANE('',#4302);
#228=PLANE('',#4303);
#229=PLANE('',#4312);
#230=CIRCLE('',#3931,0.00125);
#231=CIRCLE('',#3932,0.00125);
#232=CIRCLE('',#3934,0.00125);
#233=CIRCLE('',#3935,0.00125);
#234=CIRCLE('',#3937,0.0005);
#235=CIRCLE('',#3938,0.001);
#236=CIRCLE('',#3939,0.001);
#237=CIRCLE('',#3940,0.0075);
#238=CIRCLE('',#3941,0.0025);
#239=CIRCLE('',#3942,0.0005);
#240=CIRCLE('',#3943,0.0005);
#241=CIRCLE('',#3945,0.00326330499517479);
#242=CIRCLE('',#3946,0.001);
#243=CIRCLE('',#3947,0.0005);
#244=CIRCLE('',#3948,0.0005);
#245=CIRCLE('',#3949,0.00689999999999982);
#246=CIRCLE('',#3950,0.0031);
#247=CIRCLE('',#3951,0.00310000000000015);
#248=CIRCLE('',#3952,0.002);
#249=CIRCLE('',#3954,0.00326330499517479);
#250=CIRCLE('',#3955,0.00326330499517479);
#251=CIRCLE('',#3956,0.00326330499517479);
#252=CIRCLE('',#3957,0.001);
#253=CIRCLE('',#3958,0.002);
#254=CIRCLE('',#3959,0.0069);
#255=CIRCLE('',#3960,0.0031);
#256=CIRCLE('',#3961,0.0031);
#257=CIRCLE('',#3962,0.0069);
#258=CIRCLE('',#3963,0.0031);
#259=CIRCLE('',#3964,0.0031);
#260=CIRCLE('',#3966,0.00326330499517479);
#261=CIRCLE('',#3968,0.0031);
#262=CIRCLE('',#3969,0.0005);
#263=CIRCLE('',#3970,0.0025);
#264=CIRCLE('',#3971,0.0075);
#265=CIRCLE('',#3972,0.001);
#266=CIRCLE('',#3974,0.003);
#267=CIRCLE('',#3975,0.003);
#268=CIRCLE('',#3976,0.003);
#269=CIRCLE('',#3977,0.003);
#270=CIRCLE('',#3980,0.0085);
#271=CIRCLE('',#3984,0.00515);
#272=CIRCLE('',#3985,0.00485);
#273=CIRCLE('',#3986,0.00515);
#274=CIRCLE('',#3987,0.00515);
#275=CIRCLE('',#3988,0.00485);
#276=CIRCLE('',#3989,0.00515);
#277=CIRCLE('',#3990,0.00515);
#278=CIRCLE('',#3991,0.00485);
#279=CIRCLE('',#3992,0.00515);
#280=CIRCLE('',#3993,0.00484999999999972);
#281=CIRCLE('',#3994,0.00515);
#282=CIRCLE('',#3995,0.00515000000000021);
#283=CIRCLE('',#3996,0.00310000000000015);
#284=CIRCLE('',#3997,0.0031);
#285=CIRCLE('',#3998,0.00689999999999982);
#286=CIRCLE('',#3999,0.0031);
#287=CIRCLE('',#4001,0.003);
#288=CIRCLE('',#4003,0.0031);
#289=CIRCLE('',#4004,0.0031);
#290=CIRCLE('',#4005,0.0069);
#291=CIRCLE('',#4006,0.0031);
#292=CIRCLE('',#4007,0.0031);
#293=CIRCLE('',#4008,0.0069);
#294=CIRCLE('',#4009,0.002);
#295=CIRCLE('',#4010,0.00415);
#296=CIRCLE('',#4011,0.0015);
#297=CIRCLE('',#4014,0.0085);
#298=CIRCLE('',#4016,0.0085);
#299=CIRCLE('',#4018,0.0025);
#300=CIRCLE('',#4019,0.0025);
#301=CIRCLE('',#4020,0.0025);
#302=CIRCLE('',#4021,0.0025);
#303=CIRCLE('',#4023,0.00149999999999996);
#304=CIRCLE('',#4026,0.0085);
#305=CIRCLE('',#4029,0.0085);
#306=CIRCLE('',#4032,0.00149999999999998);
#307=CIRCLE('',#4036,0.00149999999999998);
#308=CIRCLE('',#4039,0.0085);
#309=CIRCLE('',#4042,0.00149999999999994);
#310=CIRCLE('',#4045,0.0085);
#311=CIRCLE('',#4047,0.00565);
#312=CIRCLE('',#4048,0.0056500000000002);
#313=CIRCLE('',#4049,0.00565);
#314=CIRCLE('',#4050,0.00434999999999972);
#315=CIRCLE('',#4051,0.00565);
#316=CIRCLE('',#4052,0.00435);
#317=CIRCLE('',#4053,0.00565);
#318=CIRCLE('',#4054,0.00565);
#319=CIRCLE('',#4055,0.00435);
#320=CIRCLE('',#4056,0.00565);
#321=CIRCLE('',#4057,0.00565);
#322=CIRCLE('',#4058,0.00435);
#323=CIRCLE('',#4059,0.00800000000000022);
#324=CIRCLE('',#4060,0.008);
#325=CIRCLE('',#4061,0.00199999999999995);
#326=CIRCLE('',#4062,0.008);
#327=CIRCLE('',#4063,0.008);
#328=CIRCLE('',#4064,0.002);
#329=CIRCLE('',#4065,0.008);
#330=CIRCLE('',#4066,0.008);
#331=CIRCLE('',#4067,0.002);
#332=CIRCLE('',#4068,0.008);
#333=CIRCLE('',#4069,0.00199999999999994);
#334=CIRCLE('',#4070,0.008);
#335=CIRCLE('',#4072,0.004);
#336=CIRCLE('',#4073,0.004);
#337=CIRCLE('',#4076,0.00850000000000022);
#338=CIRCLE('',#4078,0.00525);
#339=CIRCLE('',#4079,0.00525);
#340=CIRCLE('',#4080,0.00525);
#341=CIRCLE('',#4081,0.00525);
#342=CIRCLE('',#4083,0.003);
#343=CIRCLE('',#4085,0.00515);
#344=CIRCLE('',#4088,0.00485);
#345=CIRCLE('',#4091,0.00515);
#346=CIRCLE('',#4094,0.00515);
#347=CIRCLE('',#4097,0.00485);
#348=CIRCLE('',#4100,0.00515);
#349=CIRCLE('',#4103,0.00515);
#350=CIRCLE('',#4106,0.00485);
#351=CIRCLE('',#4109,0.00515);
#352=CIRCLE('',#4112,0.00484999999999972);
#353=CIRCLE('',#4115,0.00515);
#354=CIRCLE('',#4118,0.00515000000000021);
#355=CIRCLE('',#4141,0.002);
#356=CIRCLE('',#4142,0.001);
#357=CIRCLE('',#4143,0.001);
#358=CIRCLE('',#4144,0.002);
#359=CIRCLE('',#4146,0.003);
#360=CIRCLE('',#4147,0.003);
#361=CIRCLE('',#4156,0.0015);
#362=CIRCLE('',#4157,0.003);
#363=CIRCLE('',#4160,0.0015);
#364=CIRCLE('',#4161,0.003);
#365=CIRCLE('',#4164,0.0015);
#366=CIRCLE('',#4165,0.003);
#367=CIRCLE('',#4168,0.0015);
#368=CIRCLE('',#4169,0.003);
#369=CIRCLE('',#4172,0.0015);
#370=CIRCLE('',#4175,0.0015);
#371=CIRCLE('',#4178,0.0015);
#372=CIRCLE('',#4181,0.0015);
#373=CIRCLE('',#4184,0.0015);
#374=CIRCLE('',#4187,0.002);
#375=CIRCLE('',#4188,0.002);
#376=CIRCLE('',#4189,0.002);
#377=CIRCLE('',#4190,0.001);
#378=CIRCLE('',#4191,0.002);
#379=CIRCLE('',#4192,0.002);
#380=CIRCLE('',#4193,0.001);
#381=CIRCLE('',#4194,0.00415);
#382=CIRCLE('',#4201,0.0025);
#383=CIRCLE('',#4202,0.0025);
#384=CIRCLE('',#4203,0.0025);
#385=CIRCLE('',#4220,0.00525);
#386=CIRCLE('',#4223,0.00525);
#387=CIRCLE('',#4226,0.00525);
#388=CIRCLE('',#4229,0.00525);
#389=CIRCLE('',#4304,0.001);
#390=CIRCLE('',#4305,0.001);
#391=ORIENTED_EDGE('',*,*,#1507,.F.);
#392=ORIENTED_EDGE('',*,*,#1508,.T.);
#393=ORIENTED_EDGE('',*,*,#1509,.F.);
#394=ORIENTED_EDGE('',*,*,#1510,.F.);
#395=ORIENTED_EDGE('',*,*,#1511,.F.);
#396=ORIENTED_EDGE('',*,*,#1512,.T.);
#397=ORIENTED_EDGE('',*,*,#1513,.F.);
#398=ORIENTED_EDGE('',*,*,#1514,.F.);
#399=ORIENTED_EDGE('',*,*,#1515,.F.);
#400=ORIENTED_EDGE('',*,*,#1512,.F.);
#401=ORIENTED_EDGE('',*,*,#1516,.F.);
#402=ORIENTED_EDGE('',*,*,#1508,.F.);
#403=ORIENTED_EDGE('',*,*,#1517,.T.);
#404=ORIENTED_EDGE('',*,*,#1518,.T.);
#405=ORIENTED_EDGE('',*,*,#1519,.T.);
#406=ORIENTED_EDGE('',*,*,#1520,.T.);
#407=ORIENTED_EDGE('',*,*,#1521,.F.);
#408=ORIENTED_EDGE('',*,*,#1522,.T.);
#409=ORIENTED_EDGE('',*,*,#1523,.F.);
#410=ORIENTED_EDGE('',*,*,#1524,.F.);
#411=ORIENTED_EDGE('',*,*,#1525,.T.);
#412=ORIENTED_EDGE('',*,*,#1526,.F.);
#413=ORIENTED_EDGE('',*,*,#1527,.T.);
#414=ORIENTED_EDGE('',*,*,#1528,.T.);
#415=ORIENTED_EDGE('',*,*,#1529,.F.);
#416=ORIENTED_EDGE('',*,*,#1530,.T.);
#417=ORIENTED_EDGE('',*,*,#1531,.F.);
#418=ORIENTED_EDGE('',*,*,#1532,.F.);
#419=ORIENTED_EDGE('',*,*,#1533,.F.);
#420=ORIENTED_EDGE('',*,*,#1534,.T.);
#421=ORIENTED_EDGE('',*,*,#1535,.T.);
#422=ORIENTED_EDGE('',*,*,#1536,.T.);
#423=ORIENTED_EDGE('',*,*,#1537,.T.);
#424=ORIENTED_EDGE('',*,*,#1538,.F.);
#425=ORIENTED_EDGE('',*,*,#1539,.F.);
#426=ORIENTED_EDGE('',*,*,#1540,.F.);
#427=ORIENTED_EDGE('',*,*,#1541,.F.);
#428=ORIENTED_EDGE('',*,*,#1542,.F.);
#429=ORIENTED_EDGE('',*,*,#1543,.F.);
#430=ORIENTED_EDGE('',*,*,#1544,.F.);
#431=ORIENTED_EDGE('',*,*,#1545,.T.);
#432=ORIENTED_EDGE('',*,*,#1546,.T.);
#433=ORIENTED_EDGE('',*,*,#1547,.T.);
#434=ORIENTED_EDGE('',*,*,#1548,.F.);
#435=ORIENTED_EDGE('',*,*,#1549,.F.);
#436=ORIENTED_EDGE('',*,*,#1550,.F.);
#437=ORIENTED_EDGE('',*,*,#1551,.T.);
#438=ORIENTED_EDGE('',*,*,#1552,.T.);
#439=ORIENTED_EDGE('',*,*,#1553,.F.);
#440=ORIENTED_EDGE('',*,*,#1554,.T.);
#441=ORIENTED_EDGE('',*,*,#1555,.F.);
#442=ORIENTED_EDGE('',*,*,#1556,.F.);
#443=ORIENTED_EDGE('',*,*,#1557,.F.);
#444=ORIENTED_EDGE('',*,*,#1558,.F.);
#445=ORIENTED_EDGE('',*,*,#1559,.F.);
#446=ORIENTED_EDGE('',*,*,#1560,.F.);
#447=ORIENTED_EDGE('',*,*,#1561,.F.);
#448=ORIENTED_EDGE('',*,*,#1562,.F.);
#449=ORIENTED_EDGE('',*,*,#1563,.F.);
#450=ORIENTED_EDGE('',*,*,#1564,.F.);
#451=ORIENTED_EDGE('',*,*,#1565,.F.);
#452=ORIENTED_EDGE('',*,*,#1566,.F.);
#453=ORIENTED_EDGE('',*,*,#1567,.F.);
#454=ORIENTED_EDGE('',*,*,#1568,.T.);
#455=ORIENTED_EDGE('',*,*,#1569,.F.);
#456=ORIENTED_EDGE('',*,*,#1570,.F.);
#457=ORIENTED_EDGE('',*,*,#1571,.T.);
#458=ORIENTED_EDGE('',*,*,#1572,.T.);
#459=ORIENTED_EDGE('',*,*,#1573,.F.);
#460=ORIENTED_EDGE('',*,*,#1574,.F.);
#461=ORIENTED_EDGE('',*,*,#1575,.F.);
#462=ORIENTED_EDGE('',*,*,#1576,.T.);
#463=ORIENTED_EDGE('',*,*,#1577,.F.);
#464=ORIENTED_EDGE('',*,*,#1578,.T.);
#465=ORIENTED_EDGE('',*,*,#1579,.F.);
#466=ORIENTED_EDGE('',*,*,#1580,.T.);
#467=ORIENTED_EDGE('',*,*,#1581,.T.);
#468=ORIENTED_EDGE('',*,*,#1582,.T.);
#469=ORIENTED_EDGE('',*,*,#1583,.T.);
#470=ORIENTED_EDGE('',*,*,#1584,.T.);
#471=ORIENTED_EDGE('',*,*,#1545,.F.);
#472=ORIENTED_EDGE('',*,*,#1585,.T.);
#473=ORIENTED_EDGE('',*,*,#1586,.F.);
#474=ORIENTED_EDGE('',*,*,#1587,.F.);
#475=ORIENTED_EDGE('',*,*,#1588,.T.);
#476=ORIENTED_EDGE('',*,*,#1589,.T.);
#477=ORIENTED_EDGE('',*,*,#1590,.F.);
#478=ORIENTED_EDGE('',*,*,#1591,.F.);
#479=ORIENTED_EDGE('',*,*,#1592,.T.);
#480=ORIENTED_EDGE('',*,*,#1593,.T.);
#481=ORIENTED_EDGE('',*,*,#1594,.T.);
#482=ORIENTED_EDGE('',*,*,#1595,.F.);
#483=ORIENTED_EDGE('',*,*,#1596,.T.);
#484=ORIENTED_EDGE('',*,*,#1597,.T.);
#485=ORIENTED_EDGE('',*,*,#1598,.T.);
#486=ORIENTED_EDGE('',*,*,#1599,.F.);
#487=ORIENTED_EDGE('',*,*,#1600,.T.);
#488=ORIENTED_EDGE('',*,*,#1601,.F.);
#489=ORIENTED_EDGE('',*,*,#1602,.T.);
#490=ORIENTED_EDGE('',*,*,#1573,.T.);
#491=ORIENTED_EDGE('',*,*,#1603,.T.);
#492=ORIENTED_EDGE('',*,*,#1604,.T.);
#493=ORIENTED_EDGE('',*,*,#1605,.T.);
#494=ORIENTED_EDGE('',*,*,#1585,.F.);
#495=ORIENTED_EDGE('',*,*,#1544,.T.);
#496=ORIENTED_EDGE('',*,*,#1606,.F.);
#497=ORIENTED_EDGE('',*,*,#1607,.T.);
#498=ORIENTED_EDGE('',*,*,#1608,.F.);
#499=ORIENTED_EDGE('',*,*,#1609,.T.);
#500=ORIENTED_EDGE('',*,*,#1610,.T.);
#501=ORIENTED_EDGE('',*,*,#1611,.T.);
#502=ORIENTED_EDGE('',*,*,#1612,.T.);
#503=ORIENTED_EDGE('',*,*,#1613,.T.);
#504=ORIENTED_EDGE('',*,*,#1614,.T.);
#505=ORIENTED_EDGE('',*,*,#1615,.T.);
#506=ORIENTED_EDGE('',*,*,#1616,.T.);
#507=ORIENTED_EDGE('',*,*,#1617,.T.);
#508=ORIENTED_EDGE('',*,*,#1618,.T.);
#509=ORIENTED_EDGE('',*,*,#1619,.T.);
#510=ORIENTED_EDGE('',*,*,#1620,.T.);
#511=ORIENTED_EDGE('',*,*,#1621,.T.);
#512=ORIENTED_EDGE('',*,*,#1622,.T.);
#513=ORIENTED_EDGE('',*,*,#1623,.T.);
#514=ORIENTED_EDGE('',*,*,#1624,.T.);
#515=ORIENTED_EDGE('',*,*,#1625,.T.);
#516=ORIENTED_EDGE('',*,*,#1626,.T.);
#517=ORIENTED_EDGE('',*,*,#1627,.T.);
#518=ORIENTED_EDGE('',*,*,#1628,.T.);
#519=ORIENTED_EDGE('',*,*,#1629,.T.);
#520=ORIENTED_EDGE('',*,*,#1630,.T.);
#521=ORIENTED_EDGE('',*,*,#1631,.T.);
#522=ORIENTED_EDGE('',*,*,#1632,.T.);
#523=ORIENTED_EDGE('',*,*,#1633,.T.);
#524=ORIENTED_EDGE('',*,*,#1634,.T.);
#525=ORIENTED_EDGE('',*,*,#1586,.T.);
#526=ORIENTED_EDGE('',*,*,#1607,.F.);
#527=ORIENTED_EDGE('',*,*,#1635,.F.);
#528=ORIENTED_EDGE('',*,*,#1636,.F.);
#529=ORIENTED_EDGE('',*,*,#1637,.F.);
#530=ORIENTED_EDGE('',*,*,#1638,.F.);
#531=ORIENTED_EDGE('',*,*,#1639,.F.);
#532=ORIENTED_EDGE('',*,*,#1640,.F.);
#533=ORIENTED_EDGE('',*,*,#1641,.F.);
#534=ORIENTED_EDGE('',*,*,#1604,.F.);
#535=ORIENTED_EDGE('',*,*,#1642,.T.);
#536=ORIENTED_EDGE('',*,*,#1643,.F.);
#537=ORIENTED_EDGE('',*,*,#1644,.T.);
#538=ORIENTED_EDGE('',*,*,#1645,.T.);
#539=ORIENTED_EDGE('',*,*,#1646,.T.);
#540=ORIENTED_EDGE('',*,*,#1647,.F.);
#541=ORIENTED_EDGE('',*,*,#1648,.F.);
#542=ORIENTED_EDGE('',*,*,#1649,.F.);
#543=ORIENTED_EDGE('',*,*,#1650,.F.);
#544=ORIENTED_EDGE('',*,*,#1651,.F.);
#545=ORIENTED_EDGE('',*,*,#1652,.F.);
#546=ORIENTED_EDGE('',*,*,#1653,.F.);
#547=ORIENTED_EDGE('',*,*,#1654,.F.);
#548=ORIENTED_EDGE('',*,*,#1655,.F.);
#549=ORIENTED_EDGE('',*,*,#1656,.F.);
#550=ORIENTED_EDGE('',*,*,#1657,.F.);
#551=ORIENTED_EDGE('',*,*,#1658,.F.);
#552=ORIENTED_EDGE('',*,*,#1659,.F.);
#553=ORIENTED_EDGE('',*,*,#1660,.T.);
#554=ORIENTED_EDGE('',*,*,#1661,.T.);
#555=ORIENTED_EDGE('',*,*,#1662,.F.);
#556=ORIENTED_EDGE('',*,*,#1663,.F.);
#557=ORIENTED_EDGE('',*,*,#1664,.F.);
#558=ORIENTED_EDGE('',*,*,#1665,.T.);
#559=ORIENTED_EDGE('',*,*,#1666,.T.);
#560=ORIENTED_EDGE('',*,*,#1667,.T.);
#561=ORIENTED_EDGE('',*,*,#1666,.F.);
#562=ORIENTED_EDGE('',*,*,#1668,.T.);
#563=ORIENTED_EDGE('',*,*,#1669,.T.);
#564=ORIENTED_EDGE('',*,*,#1670,.T.);
#565=ORIENTED_EDGE('',*,*,#1671,.F.);
#566=ORIENTED_EDGE('',*,*,#1672,.T.);
#567=ORIENTED_EDGE('',*,*,#1664,.T.);
#568=ORIENTED_EDGE('',*,*,#1673,.T.);
#569=ORIENTED_EDGE('',*,*,#1674,.F.);
#570=ORIENTED_EDGE('',*,*,#1675,.T.);
#571=ORIENTED_EDGE('',*,*,#1595,.T.);
#572=ORIENTED_EDGE('',*,*,#1676,.T.);
#573=ORIENTED_EDGE('',*,*,#1677,.F.);
#574=ORIENTED_EDGE('',*,*,#1678,.T.);
#575=ORIENTED_EDGE('',*,*,#1593,.F.);
#576=ORIENTED_EDGE('',*,*,#1679,.T.);
#577=ORIENTED_EDGE('',*,*,#1680,.T.);
#578=ORIENTED_EDGE('',*,*,#1681,.T.);
#579=ORIENTED_EDGE('',*,*,#1599,.T.);
#580=ORIENTED_EDGE('',*,*,#1682,.T.);
#581=ORIENTED_EDGE('',*,*,#1683,.F.);
#582=ORIENTED_EDGE('',*,*,#1684,.T.);
#583=ORIENTED_EDGE('',*,*,#1674,.T.);
#584=ORIENTED_EDGE('',*,*,#1685,.T.);
#585=ORIENTED_EDGE('',*,*,#1686,.F.);
#586=ORIENTED_EDGE('',*,*,#1687,.T.);
#587=ORIENTED_EDGE('',*,*,#1683,.T.);
#588=ORIENTED_EDGE('',*,*,#1688,.T.);
#589=ORIENTED_EDGE('',*,*,#1689,.F.);
#590=ORIENTED_EDGE('',*,*,#1690,.T.);
#591=ORIENTED_EDGE('',*,*,#1686,.T.);
#592=ORIENTED_EDGE('',*,*,#1691,.T.);
#593=ORIENTED_EDGE('',*,*,#1692,.F.);
#594=ORIENTED_EDGE('',*,*,#1693,.T.);
#595=ORIENTED_EDGE('',*,*,#1689,.T.);
#596=ORIENTED_EDGE('',*,*,#1694,.T.);
#597=ORIENTED_EDGE('',*,*,#1695,.F.);
#598=ORIENTED_EDGE('',*,*,#1696,.T.);
#599=ORIENTED_EDGE('',*,*,#1692,.T.);
#600=ORIENTED_EDGE('',*,*,#1697,.T.);
#601=ORIENTED_EDGE('',*,*,#1698,.F.);
#602=ORIENTED_EDGE('',*,*,#1699,.T.);
#603=ORIENTED_EDGE('',*,*,#1695,.T.);
#604=ORIENTED_EDGE('',*,*,#1700,.T.);
#605=ORIENTED_EDGE('',*,*,#1701,.F.);
#606=ORIENTED_EDGE('',*,*,#1702,.T.);
#607=ORIENTED_EDGE('',*,*,#1698,.T.);
#608=ORIENTED_EDGE('',*,*,#1703,.T.);
#609=ORIENTED_EDGE('',*,*,#1669,.F.);
#610=ORIENTED_EDGE('',*,*,#1704,.T.);
#611=ORIENTED_EDGE('',*,*,#1701,.T.);
#612=ORIENTED_EDGE('',*,*,#1705,.T.);
#613=ORIENTED_EDGE('',*,*,#1706,.F.);
#614=ORIENTED_EDGE('',*,*,#1707,.T.);
#615=ORIENTED_EDGE('',*,*,#1671,.T.);
#616=ORIENTED_EDGE('',*,*,#1708,.T.);
#617=ORIENTED_EDGE('',*,*,#1709,.F.);
#618=ORIENTED_EDGE('',*,*,#1710,.T.);
#619=ORIENTED_EDGE('',*,*,#1706,.T.);
#620=ORIENTED_EDGE('',*,*,#1711,.T.);
#621=ORIENTED_EDGE('',*,*,#1712,.F.);
#622=ORIENTED_EDGE('',*,*,#1713,.T.);
#623=ORIENTED_EDGE('',*,*,#1709,.T.);
#624=ORIENTED_EDGE('',*,*,#1714,.T.);
#625=ORIENTED_EDGE('',*,*,#1715,.F.);
#626=ORIENTED_EDGE('',*,*,#1716,.T.);
#627=ORIENTED_EDGE('',*,*,#1712,.T.);
#628=ORIENTED_EDGE('',*,*,#1717,.T.);
#629=ORIENTED_EDGE('',*,*,#1718,.F.);
#630=ORIENTED_EDGE('',*,*,#1719,.T.);
#631=ORIENTED_EDGE('',*,*,#1715,.T.);
#632=ORIENTED_EDGE('',*,*,#1720,.T.);
#633=ORIENTED_EDGE('',*,*,#1721,.F.);
#634=ORIENTED_EDGE('',*,*,#1722,.T.);
#635=ORIENTED_EDGE('',*,*,#1718,.T.);
#636=ORIENTED_EDGE('',*,*,#1723,.T.);
#637=ORIENTED_EDGE('',*,*,#1724,.F.);
#638=ORIENTED_EDGE('',*,*,#1725,.T.);
#639=ORIENTED_EDGE('',*,*,#1721,.T.);
#640=ORIENTED_EDGE('',*,*,#1726,.T.);
#641=ORIENTED_EDGE('',*,*,#1727,.F.);
#642=ORIENTED_EDGE('',*,*,#1728,.T.);
#643=ORIENTED_EDGE('',*,*,#1724,.T.);
#644=ORIENTED_EDGE('',*,*,#1729,.T.);
#645=ORIENTED_EDGE('',*,*,#1730,.T.);
#646=ORIENTED_EDGE('',*,*,#1731,.T.);
#647=ORIENTED_EDGE('',*,*,#1732,.T.);
#648=ORIENTED_EDGE('',*,*,#1733,.T.);
#649=ORIENTED_EDGE('',*,*,#1734,.T.);
#650=ORIENTED_EDGE('',*,*,#1735,.T.);
#651=ORIENTED_EDGE('',*,*,#1736,.T.);
#652=ORIENTED_EDGE('',*,*,#1737,.T.);
#653=ORIENTED_EDGE('',*,*,#1738,.T.);
#654=ORIENTED_EDGE('',*,*,#1739,.T.);
#655=ORIENTED_EDGE('',*,*,#1740,.T.);
#656=ORIENTED_EDGE('',*,*,#1741,.T.);
#657=ORIENTED_EDGE('',*,*,#1742,.T.);
#658=ORIENTED_EDGE('',*,*,#1743,.T.);
#659=ORIENTED_EDGE('',*,*,#1744,.T.);
#660=ORIENTED_EDGE('',*,*,#1745,.T.);
#661=ORIENTED_EDGE('',*,*,#1746,.T.);
#662=ORIENTED_EDGE('',*,*,#1747,.T.);
#663=ORIENTED_EDGE('',*,*,#1748,.T.);
#664=ORIENTED_EDGE('',*,*,#1749,.T.);
#665=ORIENTED_EDGE('',*,*,#1750,.T.);
#666=ORIENTED_EDGE('',*,*,#1751,.T.);
#667=ORIENTED_EDGE('',*,*,#1752,.T.);
#668=ORIENTED_EDGE('',*,*,#1753,.T.);
#669=ORIENTED_EDGE('',*,*,#1754,.T.);
#670=ORIENTED_EDGE('',*,*,#1755,.T.);
#671=ORIENTED_EDGE('',*,*,#1756,.T.);
#672=ORIENTED_EDGE('',*,*,#1757,.T.);
#673=ORIENTED_EDGE('',*,*,#1758,.T.);
#674=ORIENTED_EDGE('',*,*,#1759,.T.);
#675=ORIENTED_EDGE('',*,*,#1760,.T.);
#676=ORIENTED_EDGE('',*,*,#1761,.T.);
#677=ORIENTED_EDGE('',*,*,#1762,.T.);
#678=ORIENTED_EDGE('',*,*,#1763,.T.);
#679=ORIENTED_EDGE('',*,*,#1764,.T.);
#680=ORIENTED_EDGE('',*,*,#1765,.T.);
#681=ORIENTED_EDGE('',*,*,#1766,.T.);
#682=ORIENTED_EDGE('',*,*,#1767,.T.);
#683=ORIENTED_EDGE('',*,*,#1768,.T.);
#684=ORIENTED_EDGE('',*,*,#1769,.T.);
#685=ORIENTED_EDGE('',*,*,#1770,.T.);
#686=ORIENTED_EDGE('',*,*,#1771,.T.);
#687=ORIENTED_EDGE('',*,*,#1772,.T.);
#688=ORIENTED_EDGE('',*,*,#1773,.T.);
#689=ORIENTED_EDGE('',*,*,#1774,.T.);
#690=ORIENTED_EDGE('',*,*,#1775,.T.);
#691=ORIENTED_EDGE('',*,*,#1776,.T.);
#692=ORIENTED_EDGE('',*,*,#1777,.T.);
#693=ORIENTED_EDGE('',*,*,#1778,.T.);
#694=ORIENTED_EDGE('',*,*,#1779,.T.);
#695=ORIENTED_EDGE('',*,*,#1780,.T.);
#696=ORIENTED_EDGE('',*,*,#1781,.T.);
#697=ORIENTED_EDGE('',*,*,#1597,.F.);
#698=ORIENTED_EDGE('',*,*,#1782,.T.);
#699=ORIENTED_EDGE('',*,*,#1783,.T.);
#700=ORIENTED_EDGE('',*,*,#1784,.T.);
#701=ORIENTED_EDGE('',*,*,#1785,.F.);
#702=ORIENTED_EDGE('',*,*,#1786,.T.);
#703=ORIENTED_EDGE('',*,*,#1727,.T.);
#704=ORIENTED_EDGE('',*,*,#1787,.T.);
#705=ORIENTED_EDGE('',*,*,#1783,.F.);
#706=ORIENTED_EDGE('',*,*,#1788,.T.);
#707=ORIENTED_EDGE('',*,*,#1785,.T.);
#708=ORIENTED_EDGE('',*,*,#1789,.T.);
#709=ORIENTED_EDGE('',*,*,#1790,.F.);
#710=ORIENTED_EDGE('',*,*,#1791,.F.);
#711=ORIENTED_EDGE('',*,*,#1792,.F.);
#712=ORIENTED_EDGE('',*,*,#1793,.F.);
#713=ORIENTED_EDGE('',*,*,#1794,.T.);
#714=ORIENTED_EDGE('',*,*,#1795,.T.);
#715=ORIENTED_EDGE('',*,*,#1796,.T.);
#716=ORIENTED_EDGE('',*,*,#1797,.T.);
#717=ORIENTED_EDGE('',*,*,#1798,.T.);
#718=ORIENTED_EDGE('',*,*,#1799,.T.);
#719=ORIENTED_EDGE('',*,*,#1800,.T.);
#720=ORIENTED_EDGE('',*,*,#1801,.T.);
#721=ORIENTED_EDGE('',*,*,#1802,.T.);
#722=ORIENTED_EDGE('',*,*,#1803,.T.);
#723=ORIENTED_EDGE('',*,*,#1804,.T.);
#724=ORIENTED_EDGE('',*,*,#1805,.T.);
#725=ORIENTED_EDGE('',*,*,#1806,.T.);
#726=ORIENTED_EDGE('',*,*,#1807,.T.);
#727=ORIENTED_EDGE('',*,*,#1808,.T.);
#728=ORIENTED_EDGE('',*,*,#1809,.T.);
#729=ORIENTED_EDGE('',*,*,#1810,.T.);
#730=ORIENTED_EDGE('',*,*,#1811,.T.);
#731=ORIENTED_EDGE('',*,*,#1812,.T.);
#732=ORIENTED_EDGE('',*,*,#1813,.T.);
#733=ORIENTED_EDGE('',*,*,#1814,.T.);
#734=ORIENTED_EDGE('',*,*,#1815,.T.);
#735=ORIENTED_EDGE('',*,*,#1816,.T.);
#736=ORIENTED_EDGE('',*,*,#1817,.T.);
#737=ORIENTED_EDGE('',*,*,#1818,.F.);
#738=ORIENTED_EDGE('',*,*,#1819,.T.);
#739=ORIENTED_EDGE('',*,*,#1820,.T.);
#740=ORIENTED_EDGE('',*,*,#1610,.F.);
#741=ORIENTED_EDGE('',*,*,#1821,.T.);
#742=ORIENTED_EDGE('',*,*,#1822,.T.);
#743=ORIENTED_EDGE('',*,*,#1587,.T.);
#744=ORIENTED_EDGE('',*,*,#1634,.F.);
#745=ORIENTED_EDGE('',*,*,#1820,.F.);
#746=ORIENTED_EDGE('',*,*,#1823,.T.);
#747=ORIENTED_EDGE('',*,*,#1824,.T.);
#748=ORIENTED_EDGE('',*,*,#1611,.F.);
#749=ORIENTED_EDGE('',*,*,#1824,.F.);
#750=ORIENTED_EDGE('',*,*,#1825,.T.);
#751=ORIENTED_EDGE('',*,*,#1826,.T.);
#752=ORIENTED_EDGE('',*,*,#1612,.F.);
#753=ORIENTED_EDGE('',*,*,#1826,.F.);
#754=ORIENTED_EDGE('',*,*,#1827,.T.);
#755=ORIENTED_EDGE('',*,*,#1828,.T.);
#756=ORIENTED_EDGE('',*,*,#1613,.F.);
#757=ORIENTED_EDGE('',*,*,#1828,.F.);
#758=ORIENTED_EDGE('',*,*,#1829,.T.);
#759=ORIENTED_EDGE('',*,*,#1830,.T.);
#760=ORIENTED_EDGE('',*,*,#1614,.F.);
#761=ORIENTED_EDGE('',*,*,#1830,.F.);
#762=ORIENTED_EDGE('',*,*,#1831,.T.);
#763=ORIENTED_EDGE('',*,*,#1832,.T.);
#764=ORIENTED_EDGE('',*,*,#1615,.F.);
#765=ORIENTED_EDGE('',*,*,#1832,.F.);
#766=ORIENTED_EDGE('',*,*,#1833,.T.);
#767=ORIENTED_EDGE('',*,*,#1834,.T.);
#768=ORIENTED_EDGE('',*,*,#1616,.F.);
#769=ORIENTED_EDGE('',*,*,#1834,.F.);
#770=ORIENTED_EDGE('',*,*,#1835,.T.);
#771=ORIENTED_EDGE('',*,*,#1836,.T.);
#772=ORIENTED_EDGE('',*,*,#1617,.F.);
#773=ORIENTED_EDGE('',*,*,#1836,.F.);
#774=ORIENTED_EDGE('',*,*,#1837,.T.);
#775=ORIENTED_EDGE('',*,*,#1838,.T.);
#776=ORIENTED_EDGE('',*,*,#1618,.F.);
#777=ORIENTED_EDGE('',*,*,#1838,.F.);
#778=ORIENTED_EDGE('',*,*,#1839,.T.);
#779=ORIENTED_EDGE('',*,*,#1840,.T.);
#780=ORIENTED_EDGE('',*,*,#1619,.F.);
#781=ORIENTED_EDGE('',*,*,#1840,.F.);
#782=ORIENTED_EDGE('',*,*,#1841,.T.);
#783=ORIENTED_EDGE('',*,*,#1842,.T.);
#784=ORIENTED_EDGE('',*,*,#1620,.F.);
#785=ORIENTED_EDGE('',*,*,#1842,.F.);
#786=ORIENTED_EDGE('',*,*,#1843,.T.);
#787=ORIENTED_EDGE('',*,*,#1844,.T.);
#788=ORIENTED_EDGE('',*,*,#1621,.F.);
#789=ORIENTED_EDGE('',*,*,#1844,.F.);
#790=ORIENTED_EDGE('',*,*,#1845,.T.);
#791=ORIENTED_EDGE('',*,*,#1846,.T.);
#792=ORIENTED_EDGE('',*,*,#1622,.F.);
#793=ORIENTED_EDGE('',*,*,#1846,.F.);
#794=ORIENTED_EDGE('',*,*,#1847,.T.);
#795=ORIENTED_EDGE('',*,*,#1848,.T.);
#796=ORIENTED_EDGE('',*,*,#1623,.F.);
#797=ORIENTED_EDGE('',*,*,#1848,.F.);
#798=ORIENTED_EDGE('',*,*,#1849,.T.);
#799=ORIENTED_EDGE('',*,*,#1850,.T.);
#800=ORIENTED_EDGE('',*,*,#1624,.F.);
#801=ORIENTED_EDGE('',*,*,#1850,.F.);
#802=ORIENTED_EDGE('',*,*,#1851,.T.);
#803=ORIENTED_EDGE('',*,*,#1852,.T.);
#804=ORIENTED_EDGE('',*,*,#1625,.F.);
#805=ORIENTED_EDGE('',*,*,#1852,.F.);
#806=ORIENTED_EDGE('',*,*,#1853,.T.);
#807=ORIENTED_EDGE('',*,*,#1854,.T.);
#808=ORIENTED_EDGE('',*,*,#1626,.F.);
#809=ORIENTED_EDGE('',*,*,#1854,.F.);
#810=ORIENTED_EDGE('',*,*,#1855,.T.);
#811=ORIENTED_EDGE('',*,*,#1856,.T.);
#812=ORIENTED_EDGE('',*,*,#1627,.F.);
#813=ORIENTED_EDGE('',*,*,#1856,.F.);
#814=ORIENTED_EDGE('',*,*,#1857,.T.);
#815=ORIENTED_EDGE('',*,*,#1858,.T.);
#816=ORIENTED_EDGE('',*,*,#1628,.F.);
#817=ORIENTED_EDGE('',*,*,#1858,.F.);
#818=ORIENTED_EDGE('',*,*,#1859,.T.);
#819=ORIENTED_EDGE('',*,*,#1860,.T.);
#820=ORIENTED_EDGE('',*,*,#1629,.F.);
#821=ORIENTED_EDGE('',*,*,#1860,.F.);
#822=ORIENTED_EDGE('',*,*,#1861,.T.);
#823=ORIENTED_EDGE('',*,*,#1862,.T.);
#824=ORIENTED_EDGE('',*,*,#1630,.F.);
#825=ORIENTED_EDGE('',*,*,#1862,.F.);
#826=ORIENTED_EDGE('',*,*,#1863,.T.);
#827=ORIENTED_EDGE('',*,*,#1864,.T.);
#828=ORIENTED_EDGE('',*,*,#1631,.F.);
#829=ORIENTED_EDGE('',*,*,#1864,.F.);
#830=ORIENTED_EDGE('',*,*,#1865,.T.);
#831=ORIENTED_EDGE('',*,*,#1866,.T.);
#832=ORIENTED_EDGE('',*,*,#1632,.F.);
#833=ORIENTED_EDGE('',*,*,#1866,.F.);
#834=ORIENTED_EDGE('',*,*,#1867,.T.);
#835=ORIENTED_EDGE('',*,*,#1818,.T.);
#836=ORIENTED_EDGE('',*,*,#1633,.F.);
#837=ORIENTED_EDGE('',*,*,#1606,.T.);
#838=ORIENTED_EDGE('',*,*,#1543,.T.);
#839=ORIENTED_EDGE('',*,*,#1868,.F.);
#840=ORIENTED_EDGE('',*,*,#1635,.T.);
#841=ORIENTED_EDGE('',*,*,#1868,.T.);
#842=ORIENTED_EDGE('',*,*,#1542,.T.);
#843=ORIENTED_EDGE('',*,*,#1869,.F.);
#844=ORIENTED_EDGE('',*,*,#1636,.T.);
#845=ORIENTED_EDGE('',*,*,#1869,.T.);
#846=ORIENTED_EDGE('',*,*,#1541,.T.);
#847=ORIENTED_EDGE('',*,*,#1870,.F.);
#848=ORIENTED_EDGE('',*,*,#1637,.T.);
#849=ORIENTED_EDGE('',*,*,#1870,.T.);
#850=ORIENTED_EDGE('',*,*,#1540,.T.);
#851=ORIENTED_EDGE('',*,*,#1871,.F.);
#852=ORIENTED_EDGE('',*,*,#1638,.T.);
#853=ORIENTED_EDGE('',*,*,#1871,.T.);
#854=ORIENTED_EDGE('',*,*,#1539,.T.);
#855=ORIENTED_EDGE('',*,*,#1872,.F.);
#856=ORIENTED_EDGE('',*,*,#1639,.T.);
#857=ORIENTED_EDGE('',*,*,#1538,.T.);
#858=ORIENTED_EDGE('',*,*,#1873,.T.);
#859=ORIENTED_EDGE('',*,*,#1529,.T.);
#860=ORIENTED_EDGE('',*,*,#1874,.T.);
#861=ORIENTED_EDGE('',*,*,#1575,.T.);
#862=ORIENTED_EDGE('',*,*,#1875,.F.);
#863=ORIENTED_EDGE('',*,*,#1640,.T.);
#864=ORIENTED_EDGE('',*,*,#1872,.T.);
#865=ORIENTED_EDGE('',*,*,#1875,.T.);
#866=ORIENTED_EDGE('',*,*,#1574,.T.);
#867=ORIENTED_EDGE('',*,*,#1605,.F.);
#868=ORIENTED_EDGE('',*,*,#1641,.T.);
#869=ORIENTED_EDGE('',*,*,#1647,.T.);
#870=ORIENTED_EDGE('',*,*,#1876,.T.);
#871=ORIENTED_EDGE('',*,*,#1567,.T.);
#872=ORIENTED_EDGE('',*,*,#1877,.F.);
#873=ORIENTED_EDGE('',*,*,#1877,.T.);
#874=ORIENTED_EDGE('',*,*,#1566,.T.);
#875=ORIENTED_EDGE('',*,*,#1878,.F.);
#876=ORIENTED_EDGE('',*,*,#1648,.T.);
#877=ORIENTED_EDGE('',*,*,#1878,.T.);
#878=ORIENTED_EDGE('',*,*,#1565,.T.);
#879=ORIENTED_EDGE('',*,*,#1879,.F.);
#880=ORIENTED_EDGE('',*,*,#1649,.T.);
#881=ORIENTED_EDGE('',*,*,#1879,.T.);
#882=ORIENTED_EDGE('',*,*,#1564,.T.);
#883=ORIENTED_EDGE('',*,*,#1880,.F.);
#884=ORIENTED_EDGE('',*,*,#1650,.T.);
#885=ORIENTED_EDGE('',*,*,#1880,.T.);
#886=ORIENTED_EDGE('',*,*,#1563,.T.);
#887=ORIENTED_EDGE('',*,*,#1881,.F.);
#888=ORIENTED_EDGE('',*,*,#1651,.T.);
#889=ORIENTED_EDGE('',*,*,#1881,.T.);
#890=ORIENTED_EDGE('',*,*,#1562,.T.);
#891=ORIENTED_EDGE('',*,*,#1882,.F.);
#892=ORIENTED_EDGE('',*,*,#1652,.T.);
#893=ORIENTED_EDGE('',*,*,#1882,.T.);
#894=ORIENTED_EDGE('',*,*,#1561,.T.);
#895=ORIENTED_EDGE('',*,*,#1883,.F.);
#896=ORIENTED_EDGE('',*,*,#1653,.T.);
#897=ORIENTED_EDGE('',*,*,#1883,.T.);
#898=ORIENTED_EDGE('',*,*,#1560,.T.);
#899=ORIENTED_EDGE('',*,*,#1884,.F.);
#900=ORIENTED_EDGE('',*,*,#1654,.T.);
#901=ORIENTED_EDGE('',*,*,#1884,.T.);
#902=ORIENTED_EDGE('',*,*,#1559,.T.);
#903=ORIENTED_EDGE('',*,*,#1885,.F.);
#904=ORIENTED_EDGE('',*,*,#1655,.T.);
#905=ORIENTED_EDGE('',*,*,#1885,.T.);
#906=ORIENTED_EDGE('',*,*,#1558,.T.);
#907=ORIENTED_EDGE('',*,*,#1886,.F.);
#908=ORIENTED_EDGE('',*,*,#1656,.T.);
#909=ORIENTED_EDGE('',*,*,#1886,.T.);
#910=ORIENTED_EDGE('',*,*,#1557,.T.);
#911=ORIENTED_EDGE('',*,*,#1887,.F.);
#912=ORIENTED_EDGE('',*,*,#1657,.T.);
#913=ORIENTED_EDGE('',*,*,#1887,.T.);
#914=ORIENTED_EDGE('',*,*,#1556,.T.);
#915=ORIENTED_EDGE('',*,*,#1888,.F.);
#916=ORIENTED_EDGE('',*,*,#1658,.T.);
#917=ORIENTED_EDGE('',*,*,#1555,.T.);
#918=ORIENTED_EDGE('',*,*,#1889,.T.);
#919=ORIENTED_EDGE('',*,*,#1659,.T.);
#920=ORIENTED_EDGE('',*,*,#1888,.T.);
#921=ORIENTED_EDGE('',*,*,#1890,.T.);
#922=ORIENTED_EDGE('',*,*,#1891,.T.);
#923=ORIENTED_EDGE('',*,*,#1588,.F.);
#924=ORIENTED_EDGE('',*,*,#1822,.F.);
#925=ORIENTED_EDGE('',*,*,#1892,.T.);
#926=ORIENTED_EDGE('',*,*,#1893,.T.);
#927=ORIENTED_EDGE('',*,*,#1894,.F.);
#928=ORIENTED_EDGE('',*,*,#1590,.T.);
#929=ORIENTED_EDGE('',*,*,#1895,.T.);
#930=ORIENTED_EDGE('',*,*,#1896,.F.);
#931=ORIENTED_EDGE('',*,*,#1897,.T.);
#932=ORIENTED_EDGE('',*,*,#1898,.T.);
#933=ORIENTED_EDGE('',*,*,#1899,.T.);
#934=ORIENTED_EDGE('',*,*,#1900,.T.);
#935=ORIENTED_EDGE('',*,*,#1901,.F.);
#936=ORIENTED_EDGE('',*,*,#1896,.T.);
#937=ORIENTED_EDGE('',*,*,#1902,.T.);
#938=ORIENTED_EDGE('',*,*,#1890,.F.);
#939=ORIENTED_EDGE('',*,*,#1821,.F.);
#940=ORIENTED_EDGE('',*,*,#1609,.F.);
#941=ORIENTED_EDGE('',*,*,#1903,.F.);
#942=ORIENTED_EDGE('',*,*,#1781,.F.);
#943=ORIENTED_EDGE('',*,*,#1904,.F.);
#944=ORIENTED_EDGE('',*,*,#1891,.F.);
#945=ORIENTED_EDGE('',*,*,#1904,.T.);
#946=ORIENTED_EDGE('',*,*,#1780,.F.);
#947=ORIENTED_EDGE('',*,*,#1905,.F.);
#948=ORIENTED_EDGE('',*,*,#1589,.F.);
#949=ORIENTED_EDGE('',*,*,#1903,.T.);
#950=ORIENTED_EDGE('',*,*,#1902,.F.);
#951=ORIENTED_EDGE('',*,*,#1906,.F.);
#952=ORIENTED_EDGE('',*,*,#1778,.F.);
#953=ORIENTED_EDGE('',*,*,#1905,.T.);
#954=ORIENTED_EDGE('',*,*,#1779,.F.);
#955=ORIENTED_EDGE('',*,*,#1906,.T.);
#956=ORIENTED_EDGE('',*,*,#1895,.F.);
#957=ORIENTED_EDGE('',*,*,#1907,.F.);
#958=ORIENTED_EDGE('',*,*,#1570,.T.);
#959=ORIENTED_EDGE('',*,*,#1908,.T.);
#960=ORIENTED_EDGE('',*,*,#1644,.F.);
#961=ORIENTED_EDGE('',*,*,#1569,.T.);
#962=ORIENTED_EDGE('',*,*,#1909,.T.);
#963=ORIENTED_EDGE('',*,*,#1645,.F.);
#964=ORIENTED_EDGE('',*,*,#1908,.F.);
#965=ORIENTED_EDGE('',*,*,#1643,.T.);
#966=ORIENTED_EDGE('',*,*,#1910,.T.);
#967=ORIENTED_EDGE('',*,*,#1571,.F.);
#968=ORIENTED_EDGE('',*,*,#1907,.T.);
#969=ORIENTED_EDGE('',*,*,#1911,.F.);
#970=ORIENTED_EDGE('',*,*,#1912,.T.);
#971=ORIENTED_EDGE('',*,*,#1548,.T.);
#972=ORIENTED_EDGE('',*,*,#1912,.F.);
#973=ORIENTED_EDGE('',*,*,#1913,.F.);
#974=ORIENTED_EDGE('',*,*,#1914,.T.);
#975=ORIENTED_EDGE('',*,*,#1549,.T.);
#976=ORIENTED_EDGE('',*,*,#1914,.F.);
#977=ORIENTED_EDGE('',*,*,#1915,.F.);
#978=ORIENTED_EDGE('',*,*,#1916,.T.);
#979=ORIENTED_EDGE('',*,*,#1550,.T.);
#980=ORIENTED_EDGE('',*,*,#1916,.F.);
#981=ORIENTED_EDGE('',*,*,#1917,.F.);
#982=ORIENTED_EDGE('',*,*,#1918,.T.);
#983=ORIENTED_EDGE('',*,*,#1532,.T.);
#984=ORIENTED_EDGE('',*,*,#1918,.F.);
#985=ORIENTED_EDGE('',*,*,#1919,.F.);
#986=ORIENTED_EDGE('',*,*,#1917,.T.);
#987=ORIENTED_EDGE('',*,*,#1919,.T.);
#988=ORIENTED_EDGE('',*,*,#1920,.F.);
#989=ORIENTED_EDGE('',*,*,#1915,.T.);
#990=ORIENTED_EDGE('',*,*,#1920,.T.);
#991=ORIENTED_EDGE('',*,*,#1921,.F.);
#992=ORIENTED_EDGE('',*,*,#1913,.T.);
#993=ORIENTED_EDGE('',*,*,#1921,.T.);
#994=ORIENTED_EDGE('',*,*,#1922,.F.);
#995=ORIENTED_EDGE('',*,*,#1911,.T.);
#996=ORIENTED_EDGE('',*,*,#1922,.T.);
#997=ORIENTED_EDGE('',*,*,#1923,.F.);
#998=ORIENTED_EDGE('',*,*,#1663,.T.);
#999=ORIENTED_EDGE('',*,*,#1923,.T.);
#1000=ORIENTED_EDGE('',*,*,#1924,.T.);
#1001=ORIENTED_EDGE('',*,*,#1925,.T.);
#1002=ORIENTED_EDGE('',*,*,#1926,.F.);
#1003=ORIENTED_EDGE('',*,*,#1927,.T.);
#1004=ORIENTED_EDGE('',*,*,#1928,.T.);
#1005=ORIENTED_EDGE('',*,*,#1929,.T.);
#1006=ORIENTED_EDGE('',*,*,#1930,.T.);
#1007=ORIENTED_EDGE('',*,*,#1931,.T.);
#1008=ORIENTED_EDGE('',*,*,#1932,.T.);
#1009=ORIENTED_EDGE('',*,*,#1933,.F.);
#1010=ORIENTED_EDGE('',*,*,#1934,.T.);
#1011=ORIENTED_EDGE('',*,*,#1935,.T.);
#1012=ORIENTED_EDGE('',*,*,#1936,.F.);
#1013=ORIENTED_EDGE('',*,*,#1937,.F.);
#1014=ORIENTED_EDGE('',*,*,#1938,.T.);
#1015=ORIENTED_EDGE('',*,*,#1680,.F.);
#1016=ORIENTED_EDGE('',*,*,#1939,.T.);
#1017=ORIENTED_EDGE('',*,*,#1677,.T.);
#1018=ORIENTED_EDGE('',*,*,#1940,.T.);
#1019=ORIENTED_EDGE('',*,*,#1941,.F.);
#1020=ORIENTED_EDGE('',*,*,#1942,.T.);
#1021=ORIENTED_EDGE('',*,*,#1601,.T.);
#1022=ORIENTED_EDGE('',*,*,#1943,.T.);
#1023=ORIENTED_EDGE('',*,*,#1944,.F.);
#1024=ORIENTED_EDGE('',*,*,#1945,.T.);
#1025=ORIENTED_EDGE('',*,*,#1933,.T.);
#1026=ORIENTED_EDGE('',*,*,#1946,.T.);
#1027=ORIENTED_EDGE('',*,*,#1900,.F.);
#1028=ORIENTED_EDGE('',*,*,#1947,.T.);
#1029=ORIENTED_EDGE('',*,*,#1936,.T.);
#1030=ORIENTED_EDGE('',*,*,#1948,.T.);
#1031=ORIENTED_EDGE('',*,*,#1897,.F.);
#1032=ORIENTED_EDGE('',*,*,#1901,.T.);
#1033=ORIENTED_EDGE('',*,*,#1608,.T.);
#1034=ORIENTED_EDGE('',*,*,#1949,.F.);
#1035=ORIENTED_EDGE('',*,*,#1950,.F.);
#1036=ORIENTED_EDGE('',*,*,#1951,.T.);
#1037=ORIENTED_EDGE('',*,*,#1944,.T.);
#1038=ORIENTED_EDGE('',*,*,#1952,.T.);
#1039=ORIENTED_EDGE('',*,*,#1937,.T.);
#1040=ORIENTED_EDGE('',*,*,#1949,.T.);
#1041=ORIENTED_EDGE('',*,*,#1662,.T.);
#1042=ORIENTED_EDGE('',*,*,#1661,.F.);
#1043=ORIENTED_EDGE('',*,*,#1953,.T.);
#1044=ORIENTED_EDGE('',*,*,#1924,.F.);
#1045=ORIENTED_EDGE('',*,*,#1954,.T.);
#1046=ORIENTED_EDGE('',*,*,#1591,.T.);
#1047=ORIENTED_EDGE('',*,*,#1955,.T.);
#1048=ORIENTED_EDGE('',*,*,#1941,.T.);
#1049=ORIENTED_EDGE('',*,*,#1956,.T.);
#1050=ORIENTED_EDGE('',*,*,#1950,.T.);
#1051=ORIENTED_EDGE('',*,*,#1894,.T.);
#1052=ORIENTED_EDGE('',*,*,#1957,.T.);
#1053=ORIENTED_EDGE('',*,*,#1930,.F.);
#1054=ORIENTED_EDGE('',*,*,#1958,.T.);
#1055=ORIENTED_EDGE('',*,*,#1583,.F.);
#1056=ORIENTED_EDGE('',*,*,#1546,.F.);
#1057=ORIENTED_EDGE('',*,*,#1959,.T.);
#1058=ORIENTED_EDGE('',*,*,#1928,.F.);
#1059=ORIENTED_EDGE('',*,*,#1960,.T.);
#1060=ORIENTED_EDGE('',*,*,#1553,.T.);
#1061=ORIENTED_EDGE('',*,*,#1961,.T.);
#1062=ORIENTED_EDGE('',*,*,#1962,.T.);
#1063=ORIENTED_EDGE('',*,*,#1963,.T.);
#1064=ORIENTED_EDGE('',*,*,#1533,.T.);
#1065=ORIENTED_EDGE('',*,*,#1964,.T.);
#1066=ORIENTED_EDGE('',*,*,#1926,.T.);
#1067=ORIENTED_EDGE('',*,*,#1965,.T.);
#1068=ORIENTED_EDGE('',*,*,#1966,.F.);
#1069=ORIENTED_EDGE('',*,*,#1667,.F.);
#1070=ORIENTED_EDGE('',*,*,#1967,.F.);
#1071=ORIENTED_EDGE('',*,*,#1807,.F.);
#1072=ORIENTED_EDGE('',*,*,#1967,.T.);
#1073=ORIENTED_EDGE('',*,*,#1670,.F.);
#1074=ORIENTED_EDGE('',*,*,#1968,.F.);
#1075=ORIENTED_EDGE('',*,*,#1808,.F.);
#1076=ORIENTED_EDGE('',*,*,#1966,.T.);
#1077=ORIENTED_EDGE('',*,*,#1806,.F.);
#1078=ORIENTED_EDGE('',*,*,#1969,.F.);
#1079=ORIENTED_EDGE('',*,*,#1673,.F.);
#1080=ORIENTED_EDGE('',*,*,#1968,.T.);
#1081=ORIENTED_EDGE('',*,*,#1705,.F.);
#1082=ORIENTED_EDGE('',*,*,#1970,.F.);
#1083=ORIENTED_EDGE('',*,*,#1809,.F.);
#1084=ORIENTED_EDGE('',*,*,#1969,.T.);
#1085=ORIENTED_EDGE('',*,*,#1805,.F.);
#1086=ORIENTED_EDGE('',*,*,#1971,.F.);
#1087=ORIENTED_EDGE('',*,*,#1708,.F.);
#1088=ORIENTED_EDGE('',*,*,#1970,.T.);
#1089=ORIENTED_EDGE('',*,*,#1703,.F.);
#1090=ORIENTED_EDGE('',*,*,#1972,.F.);
#1091=ORIENTED_EDGE('',*,*,#1810,.F.);
#1092=ORIENTED_EDGE('',*,*,#1971,.T.);
#1093=ORIENTED_EDGE('',*,*,#1804,.F.);
#1094=ORIENTED_EDGE('',*,*,#1973,.F.);
#1095=ORIENTED_EDGE('',*,*,#1711,.F.);
#1096=ORIENTED_EDGE('',*,*,#1972,.T.);
#1097=ORIENTED_EDGE('',*,*,#1700,.F.);
#1098=ORIENTED_EDGE('',*,*,#1974,.F.);
#1099=ORIENTED_EDGE('',*,*,#1811,.F.);
#1100=ORIENTED_EDGE('',*,*,#1973,.T.);
#1101=ORIENTED_EDGE('',*,*,#1803,.F.);
#1102=ORIENTED_EDGE('',*,*,#1975,.F.);
#1103=ORIENTED_EDGE('',*,*,#1714,.F.);
#1104=ORIENTED_EDGE('',*,*,#1974,.T.);
#1105=ORIENTED_EDGE('',*,*,#1697,.F.);
#1106=ORIENTED_EDGE('',*,*,#1976,.F.);
#1107=ORIENTED_EDGE('',*,*,#1812,.F.);
#1108=ORIENTED_EDGE('',*,*,#1975,.T.);
#1109=ORIENTED_EDGE('',*,*,#1802,.F.);
#1110=ORIENTED_EDGE('',*,*,#1977,.F.);
#1111=ORIENTED_EDGE('',*,*,#1717,.F.);
#1112=ORIENTED_EDGE('',*,*,#1976,.T.);
#1113=ORIENTED_EDGE('',*,*,#1694,.F.);
#1114=ORIENTED_EDGE('',*,*,#1978,.F.);
#1115=ORIENTED_EDGE('',*,*,#1813,.F.);
#1116=ORIENTED_EDGE('',*,*,#1977,.T.);
#1117=ORIENTED_EDGE('',*,*,#1801,.F.);
#1118=ORIENTED_EDGE('',*,*,#1979,.F.);
#1119=ORIENTED_EDGE('',*,*,#1720,.F.);
#1120=ORIENTED_EDGE('',*,*,#1978,.T.);
#1121=ORIENTED_EDGE('',*,*,#1691,.F.);
#1122=ORIENTED_EDGE('',*,*,#1980,.F.);
#1123=ORIENTED_EDGE('',*,*,#1814,.F.);
#1124=ORIENTED_EDGE('',*,*,#1979,.T.);
#1125=ORIENTED_EDGE('',*,*,#1800,.F.);
#1126=ORIENTED_EDGE('',*,*,#1981,.F.);
#1127=ORIENTED_EDGE('',*,*,#1723,.F.);
#1128=ORIENTED_EDGE('',*,*,#1980,.T.);
#1129=ORIENTED_EDGE('',*,*,#1688,.F.);
#1130=ORIENTED_EDGE('',*,*,#1982,.F.);
#1131=ORIENTED_EDGE('',*,*,#1815,.F.);
#1132=ORIENTED_EDGE('',*,*,#1981,.T.);
#1133=ORIENTED_EDGE('',*,*,#1799,.F.);
#1134=ORIENTED_EDGE('',*,*,#1983,.F.);
#1135=ORIENTED_EDGE('',*,*,#1726,.F.);
#1136=ORIENTED_EDGE('',*,*,#1982,.T.);
#1137=ORIENTED_EDGE('',*,*,#1685,.F.);
#1138=ORIENTED_EDGE('',*,*,#1984,.F.);
#1139=ORIENTED_EDGE('',*,*,#1816,.F.);
#1140=ORIENTED_EDGE('',*,*,#1983,.T.);
#1141=ORIENTED_EDGE('',*,*,#1798,.F.);
#1142=ORIENTED_EDGE('',*,*,#1985,.F.);
#1143=ORIENTED_EDGE('',*,*,#1729,.F.);
#1144=ORIENTED_EDGE('',*,*,#1984,.T.);
#1145=ORIENTED_EDGE('',*,*,#1682,.F.);
#1146=ORIENTED_EDGE('',*,*,#1986,.F.);
#1147=ORIENTED_EDGE('',*,*,#1817,.F.);
#1148=ORIENTED_EDGE('',*,*,#1985,.T.);
#1149=ORIENTED_EDGE('',*,*,#1797,.F.);
#1150=ORIENTED_EDGE('',*,*,#1987,.F.);
#1151=ORIENTED_EDGE('',*,*,#1787,.F.);
#1152=ORIENTED_EDGE('',*,*,#1986,.T.);
#1153=ORIENTED_EDGE('',*,*,#1598,.F.);
#1154=ORIENTED_EDGE('',*,*,#1988,.F.);
#1155=ORIENTED_EDGE('',*,*,#1794,.F.);
#1156=ORIENTED_EDGE('',*,*,#1987,.T.);
#1157=ORIENTED_EDGE('',*,*,#1796,.F.);
#1158=ORIENTED_EDGE('',*,*,#1989,.F.);
#1159=ORIENTED_EDGE('',*,*,#1789,.F.);
#1160=ORIENTED_EDGE('',*,*,#1988,.T.);
#1161=ORIENTED_EDGE('',*,*,#1784,.F.);
#1162=ORIENTED_EDGE('',*,*,#1989,.T.);
#1163=ORIENTED_EDGE('',*,*,#1795,.F.);
#1164=ORIENTED_EDGE('',*,*,#1990,.F.);
#1165=ORIENTED_EDGE('',*,*,#1793,.T.);
#1166=ORIENTED_EDGE('',*,*,#1990,.T.);
#1167=ORIENTED_EDGE('',*,*,#1991,.F.);
#1168=ORIENTED_EDGE('',*,*,#1792,.T.);
#1169=ORIENTED_EDGE('',*,*,#1991,.T.);
#1170=ORIENTED_EDGE('',*,*,#1992,.F.);
#1171=ORIENTED_EDGE('',*,*,#1791,.T.);
#1172=ORIENTED_EDGE('',*,*,#1992,.T.);
#1173=ORIENTED_EDGE('',*,*,#1993,.F.);
#1174=ORIENTED_EDGE('',*,*,#1790,.T.);
#1175=ORIENTED_EDGE('',*,*,#1993,.T.);
#1176=ORIENTED_EDGE('',*,*,#1994,.F.);
#1177=ORIENTED_EDGE('',*,*,#1845,.F.);
#1178=ORIENTED_EDGE('',*,*,#1995,.F.);
#1179=ORIENTED_EDGE('',*,*,#1743,.F.);
#1180=ORIENTED_EDGE('',*,*,#1995,.T.);
#1181=ORIENTED_EDGE('',*,*,#1843,.F.);
#1182=ORIENTED_EDGE('',*,*,#1996,.F.);
#1183=ORIENTED_EDGE('',*,*,#1744,.F.);
#1184=ORIENTED_EDGE('',*,*,#1994,.T.);
#1185=ORIENTED_EDGE('',*,*,#1742,.F.);
#1186=ORIENTED_EDGE('',*,*,#1997,.F.);
#1187=ORIENTED_EDGE('',*,*,#1847,.F.);
#1188=ORIENTED_EDGE('',*,*,#1996,.T.);
#1189=ORIENTED_EDGE('',*,*,#1841,.F.);
#1190=ORIENTED_EDGE('',*,*,#1998,.F.);
#1191=ORIENTED_EDGE('',*,*,#1745,.F.);
#1192=ORIENTED_EDGE('',*,*,#1997,.T.);
#1193=ORIENTED_EDGE('',*,*,#1741,.F.);
#1194=ORIENTED_EDGE('',*,*,#1999,.F.);
#1195=ORIENTED_EDGE('',*,*,#1849,.F.);
#1196=ORIENTED_EDGE('',*,*,#1998,.T.);
#1197=ORIENTED_EDGE('',*,*,#1839,.F.);
#1198=ORIENTED_EDGE('',*,*,#2000,.F.);
#1199=ORIENTED_EDGE('',*,*,#1746,.F.);
#1200=ORIENTED_EDGE('',*,*,#1999,.T.);
#1201=ORIENTED_EDGE('',*,*,#1740,.F.);
#1202=ORIENTED_EDGE('',*,*,#2001,.F.);
#1203=ORIENTED_EDGE('',*,*,#1851,.F.);
#1204=ORIENTED_EDGE('',*,*,#2000,.T.);
#1205=ORIENTED_EDGE('',*,*,#1837,.F.);
#1206=ORIENTED_EDGE('',*,*,#2002,.F.);
#1207=ORIENTED_EDGE('',*,*,#1747,.F.);
#1208=ORIENTED_EDGE('',*,*,#2001,.T.);
#1209=ORIENTED_EDGE('',*,*,#1739,.F.);
#1210=ORIENTED_EDGE('',*,*,#2003,.F.);
#1211=ORIENTED_EDGE('',*,*,#1853,.F.);
#1212=ORIENTED_EDGE('',*,*,#2002,.T.);
#1213=ORIENTED_EDGE('',*,*,#1835,.F.);
#1214=ORIENTED_EDGE('',*,*,#2004,.F.);
#1215=ORIENTED_EDGE('',*,*,#1748,.F.);
#1216=ORIENTED_EDGE('',*,*,#2003,.T.);
#1217=ORIENTED_EDGE('',*,*,#1738,.F.);
#1218=ORIENTED_EDGE('',*,*,#2005,.F.);
#1219=ORIENTED_EDGE('',*,*,#1855,.F.);
#1220=ORIENTED_EDGE('',*,*,#2004,.T.);
#1221=ORIENTED_EDGE('',*,*,#1833,.F.);
#1222=ORIENTED_EDGE('',*,*,#2006,.F.);
#1223=ORIENTED_EDGE('',*,*,#1749,.F.);
#1224=ORIENTED_EDGE('',*,*,#2005,.T.);
#1225=ORIENTED_EDGE('',*,*,#1737,.F.);
#1226=ORIENTED_EDGE('',*,*,#2007,.F.);
#1227=ORIENTED_EDGE('',*,*,#1857,.F.);
#1228=ORIENTED_EDGE('',*,*,#2006,.T.);
#1229=ORIENTED_EDGE('',*,*,#1831,.F.);
#1230=ORIENTED_EDGE('',*,*,#2008,.F.);
#1231=ORIENTED_EDGE('',*,*,#1750,.F.);
#1232=ORIENTED_EDGE('',*,*,#2007,.T.);
#1233=ORIENTED_EDGE('',*,*,#1736,.F.);
#1234=ORIENTED_EDGE('',*,*,#2009,.F.);
#1235=ORIENTED_EDGE('',*,*,#1859,.F.);
#1236=ORIENTED_EDGE('',*,*,#2008,.T.);
#1237=ORIENTED_EDGE('',*,*,#1829,.F.);
#1238=ORIENTED_EDGE('',*,*,#2010,.F.);
#1239=ORIENTED_EDGE('',*,*,#1751,.F.);
#1240=ORIENTED_EDGE('',*,*,#2009,.T.);
#1241=ORIENTED_EDGE('',*,*,#1735,.F.);
#1242=ORIENTED_EDGE('',*,*,#2011,.F.);
#1243=ORIENTED_EDGE('',*,*,#1861,.F.);
#1244=ORIENTED_EDGE('',*,*,#2010,.T.);
#1245=ORIENTED_EDGE('',*,*,#1827,.F.);
#1246=ORIENTED_EDGE('',*,*,#2012,.F.);
#1247=ORIENTED_EDGE('',*,*,#1752,.F.);
#1248=ORIENTED_EDGE('',*,*,#2011,.T.);
#1249=ORIENTED_EDGE('',*,*,#1734,.F.);
#1250=ORIENTED_EDGE('',*,*,#2013,.F.);
#1251=ORIENTED_EDGE('',*,*,#1863,.F.);
#1252=ORIENTED_EDGE('',*,*,#2012,.T.);
#1253=ORIENTED_EDGE('',*,*,#1825,.F.);
#1254=ORIENTED_EDGE('',*,*,#2014,.F.);
#1255=ORIENTED_EDGE('',*,*,#1753,.F.);
#1256=ORIENTED_EDGE('',*,*,#2013,.T.);
#1257=ORIENTED_EDGE('',*,*,#1733,.F.);
#1258=ORIENTED_EDGE('',*,*,#2015,.F.);
#1259=ORIENTED_EDGE('',*,*,#1865,.F.);
#1260=ORIENTED_EDGE('',*,*,#2014,.T.);
#1261=ORIENTED_EDGE('',*,*,#1823,.F.);
#1262=ORIENTED_EDGE('',*,*,#2016,.F.);
#1263=ORIENTED_EDGE('',*,*,#1730,.F.);
#1264=ORIENTED_EDGE('',*,*,#2015,.T.);
#1265=ORIENTED_EDGE('',*,*,#1732,.F.);
#1266=ORIENTED_EDGE('',*,*,#2017,.F.);
#1267=ORIENTED_EDGE('',*,*,#1867,.F.);
#1268=ORIENTED_EDGE('',*,*,#2016,.T.);
#1269=ORIENTED_EDGE('',*,*,#1819,.F.);
#1270=ORIENTED_EDGE('',*,*,#2017,.T.);
#1271=ORIENTED_EDGE('',*,*,#1731,.F.);
#1272=ORIENTED_EDGE('',*,*,#2018,.F.);
#1273=ORIENTED_EDGE('',*,*,#1665,.F.);
#1274=ORIENTED_EDGE('',*,*,#2019,.F.);
#1275=ORIENTED_EDGE('',*,*,#1767,.F.);
#1276=ORIENTED_EDGE('',*,*,#2019,.T.);
#1277=ORIENTED_EDGE('',*,*,#1672,.F.);
#1278=ORIENTED_EDGE('',*,*,#2020,.F.);
#1279=ORIENTED_EDGE('',*,*,#1768,.F.);
#1280=ORIENTED_EDGE('',*,*,#2018,.T.);
#1281=ORIENTED_EDGE('',*,*,#1766,.F.);
#1282=ORIENTED_EDGE('',*,*,#2021,.F.);
#1283=ORIENTED_EDGE('',*,*,#1668,.F.);
#1284=ORIENTED_EDGE('',*,*,#2020,.T.);
#1285=ORIENTED_EDGE('',*,*,#1707,.F.);
#1286=ORIENTED_EDGE('',*,*,#2022,.F.);
#1287=ORIENTED_EDGE('',*,*,#1769,.F.);
#1288=ORIENTED_EDGE('',*,*,#2021,.T.);
#1289=ORIENTED_EDGE('',*,*,#1765,.F.);
#1290=ORIENTED_EDGE('',*,*,#2023,.F.);
#1291=ORIENTED_EDGE('',*,*,#1704,.F.);
#1292=ORIENTED_EDGE('',*,*,#2022,.T.);
#1293=ORIENTED_EDGE('',*,*,#1710,.F.);
#1294=ORIENTED_EDGE('',*,*,#2024,.F.);
#1295=ORIENTED_EDGE('',*,*,#1770,.F.);
#1296=ORIENTED_EDGE('',*,*,#2023,.T.);
#1297=ORIENTED_EDGE('',*,*,#1764,.F.);
#1298=ORIENTED_EDGE('',*,*,#2025,.F.);
#1299=ORIENTED_EDGE('',*,*,#1702,.F.);
#1300=ORIENTED_EDGE('',*,*,#2024,.T.);
#1301=ORIENTED_EDGE('',*,*,#1713,.F.);
#1302=ORIENTED_EDGE('',*,*,#2026,.F.);
#1303=ORIENTED_EDGE('',*,*,#1771,.F.);
#1304=ORIENTED_EDGE('',*,*,#2025,.T.);
#1305=ORIENTED_EDGE('',*,*,#1763,.F.);
#1306=ORIENTED_EDGE('',*,*,#2027,.F.);
#1307=ORIENTED_EDGE('',*,*,#1699,.F.);
#1308=ORIENTED_EDGE('',*,*,#2026,.T.);
#1309=ORIENTED_EDGE('',*,*,#1716,.F.);
#1310=ORIENTED_EDGE('',*,*,#2028,.F.);
#1311=ORIENTED_EDGE('',*,*,#1772,.F.);
#1312=ORIENTED_EDGE('',*,*,#2027,.T.);
#1313=ORIENTED_EDGE('',*,*,#1762,.F.);
#1314=ORIENTED_EDGE('',*,*,#2029,.F.);
#1315=ORIENTED_EDGE('',*,*,#1696,.F.);
#1316=ORIENTED_EDGE('',*,*,#2028,.T.);
#1317=ORIENTED_EDGE('',*,*,#1719,.F.);
#1318=ORIENTED_EDGE('',*,*,#2030,.F.);
#1319=ORIENTED_EDGE('',*,*,#1773,.F.);
#1320=ORIENTED_EDGE('',*,*,#2029,.T.);
#1321=ORIENTED_EDGE('',*,*,#1761,.F.);
#1322=ORIENTED_EDGE('',*,*,#2031,.F.);
#1323=ORIENTED_EDGE('',*,*,#1693,.F.);
#1324=ORIENTED_EDGE('',*,*,#2030,.T.);
#1325=ORIENTED_EDGE('',*,*,#1722,.F.);
#1326=ORIENTED_EDGE('',*,*,#2032,.F.);
#1327=ORIENTED_EDGE('',*,*,#1774,.F.);
#1328=ORIENTED_EDGE('',*,*,#2031,.T.);
#1329=ORIENTED_EDGE('',*,*,#1760,.F.);
#1330=ORIENTED_EDGE('',*,*,#2033,.F.);
#1331=ORIENTED_EDGE('',*,*,#1690,.F.);
#1332=ORIENTED_EDGE('',*,*,#2032,.T.);
#1333=ORIENTED_EDGE('',*,*,#1725,.F.);
#1334=ORIENTED_EDGE('',*,*,#2034,.F.);
#1335=ORIENTED_EDGE('',*,*,#1775,.F.);
#1336=ORIENTED_EDGE('',*,*,#2033,.T.);
#1337=ORIENTED_EDGE('',*,*,#1759,.F.);
#1338=ORIENTED_EDGE('',*,*,#2035,.F.);
#1339=ORIENTED_EDGE('',*,*,#1687,.F.);
#1340=ORIENTED_EDGE('',*,*,#2034,.T.);
#1341=ORIENTED_EDGE('',*,*,#1728,.F.);
#1342=ORIENTED_EDGE('',*,*,#2036,.F.);
#1343=ORIENTED_EDGE('',*,*,#1776,.F.);
#1344=ORIENTED_EDGE('',*,*,#2035,.T.);
#1345=ORIENTED_EDGE('',*,*,#1758,.F.);
#1346=ORIENTED_EDGE('',*,*,#2037,.F.);
#1347=ORIENTED_EDGE('',*,*,#1684,.F.);
#1348=ORIENTED_EDGE('',*,*,#2036,.T.);
#1349=ORIENTED_EDGE('',*,*,#1786,.F.);
#1350=ORIENTED_EDGE('',*,*,#2038,.F.);
#1351=ORIENTED_EDGE('',*,*,#1777,.F.);
#1352=ORIENTED_EDGE('',*,*,#2037,.T.);
#1353=ORIENTED_EDGE('',*,*,#1757,.F.);
#1354=ORIENTED_EDGE('',*,*,#2039,.F.);
#1355=ORIENTED_EDGE('',*,*,#1675,.F.);
#1356=ORIENTED_EDGE('',*,*,#2038,.T.);
#1357=ORIENTED_EDGE('',*,*,#1788,.F.);
#1358=ORIENTED_EDGE('',*,*,#2040,.F.);
#1359=ORIENTED_EDGE('',*,*,#1754,.F.);
#1360=ORIENTED_EDGE('',*,*,#2039,.T.);
#1361=ORIENTED_EDGE('',*,*,#1756,.F.);
#1362=ORIENTED_EDGE('',*,*,#2041,.F.);
#1363=ORIENTED_EDGE('',*,*,#1596,.F.);
#1364=ORIENTED_EDGE('',*,*,#2040,.T.);
#1365=ORIENTED_EDGE('',*,*,#1782,.F.);
#1366=ORIENTED_EDGE('',*,*,#2041,.T.);
#1367=ORIENTED_EDGE('',*,*,#1755,.F.);
#1368=ORIENTED_EDGE('',*,*,#1954,.F.);
#1369=ORIENTED_EDGE('',*,*,#1939,.F.);
#1370=ORIENTED_EDGE('',*,*,#1679,.F.);
#1371=ORIENTED_EDGE('',*,*,#1592,.F.);
#1372=ORIENTED_EDGE('',*,*,#1952,.F.);
#1373=ORIENTED_EDGE('',*,*,#1943,.F.);
#1374=ORIENTED_EDGE('',*,*,#1600,.F.);
#1375=ORIENTED_EDGE('',*,*,#1681,.F.);
#1376=ORIENTED_EDGE('',*,*,#1938,.F.);
#1377=ORIENTED_EDGE('',*,*,#1956,.F.);
#1378=ORIENTED_EDGE('',*,*,#1940,.F.);
#1379=ORIENTED_EDGE('',*,*,#1676,.F.);
#1380=ORIENTED_EDGE('',*,*,#1602,.F.);
#1381=ORIENTED_EDGE('',*,*,#1945,.F.);
#1382=ORIENTED_EDGE('',*,*,#1951,.F.);
#1383=ORIENTED_EDGE('',*,*,#1955,.F.);
#1384=ORIENTED_EDGE('',*,*,#1594,.F.);
#1385=ORIENTED_EDGE('',*,*,#1678,.F.);
#1386=ORIENTED_EDGE('',*,*,#1942,.F.);
#1387=ORIENTED_EDGE('',*,*,#1568,.F.);
#1388=ORIENTED_EDGE('',*,*,#1876,.F.);
#1389=ORIENTED_EDGE('',*,*,#1646,.F.);
#1390=ORIENTED_EDGE('',*,*,#1909,.F.);
#1391=ORIENTED_EDGE('',*,*,#1572,.F.);
#1392=ORIENTED_EDGE('',*,*,#1910,.F.);
#1393=ORIENTED_EDGE('',*,*,#1642,.F.);
#1394=ORIENTED_EDGE('',*,*,#1603,.F.);
#1395=ORIENTED_EDGE('',*,*,#1925,.F.);
#1396=ORIENTED_EDGE('',*,*,#1953,.F.);
#1397=ORIENTED_EDGE('',*,*,#1660,.F.);
#1398=ORIENTED_EDGE('',*,*,#1889,.F.);
#1399=ORIENTED_EDGE('',*,*,#1554,.F.);
#1400=ORIENTED_EDGE('',*,*,#1965,.F.);
#1401=ORIENTED_EDGE('',*,*,#1929,.F.);
#1402=ORIENTED_EDGE('',*,*,#1959,.F.);
#1403=ORIENTED_EDGE('',*,*,#1584,.F.);
#1404=ORIENTED_EDGE('',*,*,#1958,.F.);
#1405=ORIENTED_EDGE('',*,*,#1927,.F.);
#1406=ORIENTED_EDGE('',*,*,#1964,.F.);
#1407=ORIENTED_EDGE('',*,*,#1547,.F.);
#1408=ORIENTED_EDGE('',*,*,#1960,.F.);
#1409=ORIENTED_EDGE('',*,*,#1932,.F.);
#1410=ORIENTED_EDGE('',*,*,#2042,.T.);
#1411=ORIENTED_EDGE('',*,*,#1892,.F.);
#1412=ORIENTED_EDGE('',*,*,#1946,.F.);
#1413=ORIENTED_EDGE('',*,*,#1899,.F.);
#1414=ORIENTED_EDGE('',*,*,#2043,.T.);
#1415=ORIENTED_EDGE('',*,*,#1934,.F.);
#1416=ORIENTED_EDGE('',*,*,#1947,.F.);
#1417=ORIENTED_EDGE('',*,*,#1893,.F.);
#1418=ORIENTED_EDGE('',*,*,#2042,.F.);
#1419=ORIENTED_EDGE('',*,*,#1931,.F.);
#1420=ORIENTED_EDGE('',*,*,#1957,.F.);
#1421=ORIENTED_EDGE('',*,*,#1935,.F.);
#1422=ORIENTED_EDGE('',*,*,#2043,.F.);
#1423=ORIENTED_EDGE('',*,*,#1898,.F.);
#1424=ORIENTED_EDGE('',*,*,#1948,.F.);
#1425=ORIENTED_EDGE('',*,*,#1515,.T.);
#1426=ORIENTED_EDGE('',*,*,#1507,.T.);
#1427=ORIENTED_EDGE('',*,*,#2044,.F.);
#1428=ORIENTED_EDGE('',*,*,#1513,.T.);
#1429=ORIENTED_EDGE('',*,*,#2045,.F.);
#1430=ORIENTED_EDGE('',*,*,#1509,.T.);
#1431=ORIENTED_EDGE('',*,*,#1516,.T.);
#1432=ORIENTED_EDGE('',*,*,#1511,.T.);
#1433=ORIENTED_EDGE('',*,*,#1536,.F.);
#1434=ORIENTED_EDGE('',*,*,#2046,.T.);
#1435=ORIENTED_EDGE('',*,*,#1531,.T.);
#1436=ORIENTED_EDGE('',*,*,#2047,.T.);
#1437=ORIENTED_EDGE('',*,*,#2048,.T.);
#1438=ORIENTED_EDGE('',*,*,#2049,.T.);
#1439=ORIENTED_EDGE('',*,*,#1519,.F.);
#1440=ORIENTED_EDGE('',*,*,#2050,.T.);
#1441=ORIENTED_EDGE('',*,*,#1521,.T.);
#1442=ORIENTED_EDGE('',*,*,#2051,.T.);
#1443=ORIENTED_EDGE('',*,*,#2052,.T.);
#1444=ORIENTED_EDGE('',*,*,#2053,.T.);
#1445=ORIENTED_EDGE('',*,*,#1551,.F.);
#1446=ORIENTED_EDGE('',*,*,#2054,.T.);
#1447=ORIENTED_EDGE('',*,*,#1523,.T.);
#1448=ORIENTED_EDGE('',*,*,#2055,.T.);
#1449=ORIENTED_EDGE('',*,*,#1581,.F.);
#1450=ORIENTED_EDGE('',*,*,#2056,.F.);
#1451=ORIENTED_EDGE('',*,*,#1580,.F.);
#1452=ORIENTED_EDGE('',*,*,#2057,.F.);
#1453=ORIENTED_EDGE('',*,*,#1524,.T.);
#1454=ORIENTED_EDGE('',*,*,#2056,.T.);
#1455=ORIENTED_EDGE('',*,*,#1579,.T.);
#1456=ORIENTED_EDGE('',*,*,#2058,.F.);
#1457=ORIENTED_EDGE('',*,*,#1525,.F.);
#1458=ORIENTED_EDGE('',*,*,#2057,.T.);
#1459=ORIENTED_EDGE('',*,*,#1578,.F.);
#1460=ORIENTED_EDGE('',*,*,#2059,.F.);
#1461=ORIENTED_EDGE('',*,*,#1526,.T.);
#1462=ORIENTED_EDGE('',*,*,#2058,.T.);
#1463=ORIENTED_EDGE('',*,*,#1577,.T.);
#1464=ORIENTED_EDGE('',*,*,#2060,.T.);
#1465=ORIENTED_EDGE('',*,*,#1527,.F.);
#1466=ORIENTED_EDGE('',*,*,#2059,.T.);
#1467=ORIENTED_EDGE('',*,*,#2044,.T.);
#1468=ORIENTED_EDGE('',*,*,#1510,.T.);
#1469=ORIENTED_EDGE('',*,*,#2045,.T.);
#1470=ORIENTED_EDGE('',*,*,#1514,.T.);
#1471=ORIENTED_EDGE('',*,*,#2052,.F.);
#1472=ORIENTED_EDGE('',*,*,#2061,.T.);
#1473=ORIENTED_EDGE('',*,*,#2048,.F.);
#1474=ORIENTED_EDGE('',*,*,#2062,.T.);
#1475=ORIENTED_EDGE('',*,*,#1962,.F.);
#1476=ORIENTED_EDGE('',*,*,#2063,.T.);
#1477=ORIENTED_EDGE('',*,*,#1535,.F.);
#1478=ORIENTED_EDGE('',*,*,#2064,.T.);
#1479=ORIENTED_EDGE('',*,*,#1517,.F.);
#1480=ORIENTED_EDGE('',*,*,#2046,.F.);
#1481=ORIENTED_EDGE('',*,*,#1530,.F.);
#1482=ORIENTED_EDGE('',*,*,#1873,.F.);
#1483=ORIENTED_EDGE('',*,*,#1537,.F.);
#1484=ORIENTED_EDGE('',*,*,#2047,.F.);
#1485=ORIENTED_EDGE('',*,*,#1528,.F.);
#1486=ORIENTED_EDGE('',*,*,#2060,.F.);
#1487=ORIENTED_EDGE('',*,*,#1576,.F.);
#1488=ORIENTED_EDGE('',*,*,#1874,.F.);
#1489=ORIENTED_EDGE('',*,*,#2063,.F.);
#1490=ORIENTED_EDGE('',*,*,#1961,.F.);
#1491=ORIENTED_EDGE('',*,*,#1552,.F.);
#1492=ORIENTED_EDGE('',*,*,#2053,.F.);
#1493=ORIENTED_EDGE('',*,*,#1522,.F.);
#1494=ORIENTED_EDGE('',*,*,#2054,.F.);
#1495=ORIENTED_EDGE('',*,*,#1582,.F.);
#1496=ORIENTED_EDGE('',*,*,#2055,.F.);
#1497=ORIENTED_EDGE('',*,*,#2062,.F.);
#1498=ORIENTED_EDGE('',*,*,#2050,.F.);
#1499=ORIENTED_EDGE('',*,*,#1518,.F.);
#1500=ORIENTED_EDGE('',*,*,#2064,.F.);
#1501=ORIENTED_EDGE('',*,*,#1534,.F.);
#1502=ORIENTED_EDGE('',*,*,#1963,.F.);
#1503=ORIENTED_EDGE('',*,*,#2051,.F.);
#1504=ORIENTED_EDGE('',*,*,#1520,.F.);
#1505=ORIENTED_EDGE('',*,*,#2049,.F.);
#1506=ORIENTED_EDGE('',*,*,#2061,.F.);
#1507=EDGE_CURVE('',#2065,#2066,#2420,.T.);
#1508=EDGE_CURVE('',#2065,#2067,#230,.T.);
#1509=EDGE_CURVE('',#2068,#2067,#2421,.F.);
#1510=EDGE_CURVE('',#2066,#2068,#231,.T.);
#1511=EDGE_CURVE('',#2069,#2070,#2422,.T.);
#1512=EDGE_CURVE('',#2069,#2071,#232,.T.);
#1513=EDGE_CURVE('',#2072,#2071,#2423,.F.);
#1514=EDGE_CURVE('',#2070,#2072,#233,.T.);
#1515=EDGE_CURVE('',#2071,#2065,#2424,.T.);
#1516=EDGE_CURVE('',#2067,#2069,#2425,.T.);
#1517=EDGE_CURVE('',#2073,#2074,#234,.F.);
#1518=EDGE_CURVE('',#2074,#2075,#235,.T.);
#1519=EDGE_CURVE('',#2075,#2076,#2426,.T.);
#1520=EDGE_CURVE('',#2076,#2077,#2427,.T.);
#1521=EDGE_CURVE('',#2078,#2077,#2428,.T.);
#1522=EDGE_CURVE('',#2078,#2079,#236,.F.);
#1523=EDGE_CURVE('',#2080,#2079,#2429,.T.);
#1524=EDGE_CURVE('',#2081,#2080,#237,.T.);
#1525=EDGE_CURVE('',#2081,#2082,#2430,.T.);
#1526=EDGE_CURVE('',#2083,#2082,#238,.T.);
#1527=EDGE_CURVE('',#2083,#2084,#2431,.T.);
#1528=EDGE_CURVE('',#2084,#2085,#239,.T.);
#1529=EDGE_CURVE('',#2086,#2085,#2432,.T.);
#1530=EDGE_CURVE('',#2086,#2087,#240,.T.);
#1531=EDGE_CURVE('',#2073,#2087,#2433,.T.);
#1532=EDGE_CURVE('',#2088,#2088,#241,.T.);
#1533=EDGE_CURVE('',#2089,#2090,#2434,.T.);
#1534=EDGE_CURVE('',#2089,#2091,#242,.T.);
#1535=EDGE_CURVE('',#2091,#2092,#243,.T.);
#1536=EDGE_CURVE('',#2092,#2093,#2435,.T.);
#1537=EDGE_CURVE('',#2093,#2094,#244,.F.);
#1538=EDGE_CURVE('',#2095,#2094,#2436,.T.);
#1539=EDGE_CURVE('',#2096,#2095,#245,.T.);
#1540=EDGE_CURVE('',#2097,#2096,#2437,.T.);
#1541=EDGE_CURVE('',#2098,#2097,#246,.F.);
#1542=EDGE_CURVE('',#2099,#2098,#2438,.T.);
#1543=EDGE_CURVE('',#2100,#2099,#247,.F.);
#1544=EDGE_CURVE('',#2101,#2100,#2439,.T.);
#1545=EDGE_CURVE('',#2101,#2102,#2440,.F.);
#1546=EDGE_CURVE('',#2102,#2103,#2441,.T.);
#1547=EDGE_CURVE('',#2103,#2090,#248,.F.);
#1548=EDGE_CURVE('',#2104,#2104,#249,.T.);
#1549=EDGE_CURVE('',#2105,#2105,#250,.T.);
#1550=EDGE_CURVE('',#2106,#2106,#251,.T.);
#1551=EDGE_CURVE('',#2107,#2108,#2442,.T.);
#1552=EDGE_CURVE('',#2108,#2109,#252,.T.);
#1553=EDGE_CURVE('',#2110,#2109,#2443,.T.);
#1554=EDGE_CURVE('',#2110,#2111,#253,.F.);
#1555=EDGE_CURVE('',#2112,#2111,#2444,.T.);
#1556=EDGE_CURVE('',#2113,#2112,#254,.T.);
#1557=EDGE_CURVE('',#2114,#2113,#2445,.T.);
#1558=EDGE_CURVE('',#2115,#2114,#255,.F.);
#1559=EDGE_CURVE('',#2116,#2115,#2446,.T.);
#1560=EDGE_CURVE('',#2117,#2116,#256,.F.);
#1561=EDGE_CURVE('',#2118,#2117,#2447,.T.);
#1562=EDGE_CURVE('',#2119,#2118,#257,.T.);
#1563=EDGE_CURVE('',#2120,#2119,#2448,.T.);
#1564=EDGE_CURVE('',#2121,#2120,#258,.F.);
#1565=EDGE_CURVE('',#2122,#2121,#2449,.T.);
#1566=EDGE_CURVE('',#2123,#2122,#259,.F.);
#1567=EDGE_CURVE('',#2124,#2123,#2450,.T.);
#1568=EDGE_CURVE('',#2124,#2125,#108,.T.);
#1569=EDGE_CURVE('',#2126,#2125,#2451,.T.);
#1570=EDGE_CURVE('',#2127,#2126,#260,.T.);
#1571=EDGE_CURVE('',#2127,#2128,#2452,.F.);
#1572=EDGE_CURVE('',#2128,#2129,#109,.T.);
#1573=EDGE_CURVE('',#2130,#2129,#2453,.T.);
#1574=EDGE_CURVE('',#2131,#2130,#261,.F.);
#1575=EDGE_CURVE('',#2132,#2131,#2454,.T.);
#1576=EDGE_CURVE('',#2132,#2133,#262,.F.);
#1577=EDGE_CURVE('',#2134,#2133,#2455,.T.);
#1578=EDGE_CURVE('',#2134,#2135,#263,.T.);
#1579=EDGE_CURVE('',#2136,#2135,#2456,.T.);
#1580=EDGE_CURVE('',#2136,#2137,#264,.T.);
#1581=EDGE_CURVE('',#2137,#2138,#2457,.T.);
#1582=EDGE_CURVE('',#2138,#2107,#265,.T.);
#1583=EDGE_CURVE('',#2139,#2140,#266,.T.);
#1584=EDGE_CURVE('',#2140,#2102,#55,.T.);
#1585=EDGE_CURVE('',#2101,#2141,#267,.T.);
#1586=EDGE_CURVE('',#2142,#2141,#2458,.F.);
#1587=EDGE_CURVE('',#2143,#2142,#268,.F.);
#1588=EDGE_CURVE('',#2143,#2144,#2459,.T.);
#1589=EDGE_CURVE('',#2144,#2145,#269,.F.);
#1590=EDGE_CURVE('',#2139,#2145,#2460,.T.);
#1591=EDGE_CURVE('',#2146,#2147,#2461,.T.);
#1592=EDGE_CURVE('',#2146,#2148,#2462,.T.);
#1593=EDGE_CURVE('',#2148,#2149,#2463,.T.);
#1594=EDGE_CURVE('',#2149,#2147,#2464,.F.);
#1595=EDGE_CURVE('',#2150,#2151,#2465,.T.);
#1596=EDGE_CURVE('',#2150,#2152,#270,.F.);
#1597=EDGE_CURVE('',#2152,#2153,#2466,.T.);
#1598=EDGE_CURVE('',#2153,#2154,#56,.F.);
#1599=EDGE_CURVE('',#2155,#2154,#2467,.T.);
#1600=EDGE_CURVE('',#2155,#2156,#57,.T.);
#1601=EDGE_CURVE('',#2157,#2156,#2468,.T.);
#1602=EDGE_CURVE('',#2157,#2151,#58,.T.);
#1603=EDGE_CURVE('',#2129,#2158,#2469,.F.);
#1604=EDGE_CURVE('',#2158,#2159,#2470,.T.);
#1605=EDGE_CURVE('',#2159,#2130,#2471,.T.);
#1606=EDGE_CURVE('',#2160,#2100,#2472,.T.);
#1607=EDGE_CURVE('',#2160,#2141,#2473,.T.);
#1608=EDGE_CURVE('',#2161,#2162,#2474,.T.);
#1609=EDGE_CURVE('',#2161,#2163,#2475,.T.);
#1610=EDGE_CURVE('',#2163,#2164,#2476,.T.);
#1611=EDGE_CURVE('',#2164,#2165,#271,.T.);
#1612=EDGE_CURVE('',#2165,#2166,#2477,.T.);
#1613=EDGE_CURVE('',#2166,#2167,#272,.T.);
#1614=EDGE_CURVE('',#2167,#2168,#2478,.T.);
#1615=EDGE_CURVE('',#2168,#2169,#273,.T.);
#1616=EDGE_CURVE('',#2169,#2170,#2479,.T.);
#1617=EDGE_CURVE('',#2170,#2171,#274,.T.);
#1618=EDGE_CURVE('',#2171,#2172,#2480,.T.);
#1619=EDGE_CURVE('',#2172,#2173,#275,.T.);
#1620=EDGE_CURVE('',#2173,#2174,#2481,.T.);
#1621=EDGE_CURVE('',#2174,#2175,#276,.T.);
#1622=EDGE_CURVE('',#2175,#2176,#2482,.T.);
#1623=EDGE_CURVE('',#2176,#2177,#277,.T.);
#1624=EDGE_CURVE('',#2177,#2178,#2483,.T.);
#1625=EDGE_CURVE('',#2178,#2179,#278,.T.);
#1626=EDGE_CURVE('',#2179,#2180,#2484,.T.);
#1627=EDGE_CURVE('',#2180,#2181,#279,.T.);
#1628=EDGE_CURVE('',#2181,#2182,#2485,.T.);
#1629=EDGE_CURVE('',#2182,#2183,#280,.T.);
#1630=EDGE_CURVE('',#2183,#2184,#2486,.T.);
#1631=EDGE_CURVE('',#2184,#2185,#281,.T.);
#1632=EDGE_CURVE('',#2185,#2186,#2487,.T.);
#1633=EDGE_CURVE('',#2186,#2187,#282,.T.);
#1634=EDGE_CURVE('',#2187,#2142,#2488,.T.);
#1635=EDGE_CURVE('',#2188,#2160,#283,.T.);
#1636=EDGE_CURVE('',#2189,#2188,#2489,.T.);
#1637=EDGE_CURVE('',#2190,#2189,#284,.T.);
#1638=EDGE_CURVE('',#2191,#2190,#2490,.T.);
#1639=EDGE_CURVE('',#2192,#2191,#285,.T.);
#1640=EDGE_CURVE('',#2193,#2192,#2491,.T.);
#1641=EDGE_CURVE('',#2159,#2193,#286,.T.);
#1642=EDGE_CURVE('',#2158,#2194,#110,.F.);
#1643=EDGE_CURVE('',#2195,#2194,#2492,.F.);
#1644=EDGE_CURVE('',#2195,#2196,#287,.T.);
#1645=EDGE_CURVE('',#2196,#2197,#2493,.T.);
#1646=EDGE_CURVE('',#2197,#2198,#111,.F.);
#1647=EDGE_CURVE('',#2199,#2198,#2494,.T.);
#1648=EDGE_CURVE('',#2200,#2199,#288,.T.);
#1649=EDGE_CURVE('',#2201,#2200,#2495,.T.);
#1650=EDGE_CURVE('',#2202,#2201,#289,.T.);
#1651=EDGE_CURVE('',#2203,#2202,#2496,.T.);
#1652=EDGE_CURVE('',#2204,#2203,#290,.T.);
#1653=EDGE_CURVE('',#2205,#2204,#2497,.T.);
#1654=EDGE_CURVE('',#2206,#2205,#291,.T.);
#1655=EDGE_CURVE('',#2207,#2206,#2498,.T.);
#1656=EDGE_CURVE('',#2208,#2207,#292,.T.);
#1657=EDGE_CURVE('',#2209,#2208,#2499,.T.);
#1658=EDGE_CURVE('',#2210,#2209,#293,.T.);
#1659=EDGE_CURVE('',#2211,#2210,#2500,.T.);
#1660=EDGE_CURVE('',#2211,#2212,#294,.F.);
#1661=EDGE_CURVE('',#2212,#2213,#2501,.T.);
#1662=EDGE_CURVE('',#2162,#2213,#295,.T.);
#1663=EDGE_CURVE('',#2214,#2214,#296,.T.);
#1664=EDGE_CURVE('',#2215,#2216,#2502,.T.);
#1665=EDGE_CURVE('',#2215,#2217,#2503,.T.);
#1666=EDGE_CURVE('',#2217,#2218,#2504,.T.);
#1667=EDGE_CURVE('',#2218,#2216,#2505,.T.);
#1668=EDGE_CURVE('',#2217,#2219,#297,.F.);
#1669=EDGE_CURVE('',#2219,#2220,#2506,.T.);
#1670=EDGE_CURVE('',#2220,#2218,#59,.F.);
#1671=EDGE_CURVE('',#2221,#2222,#2507,.T.);
#1672=EDGE_CURVE('',#2221,#2215,#298,.F.);
#1673=EDGE_CURVE('',#2216,#2222,#60,.F.);
#1674=EDGE_CURVE('',#2223,#2224,#2508,.T.);
#1675=EDGE_CURVE('',#2223,#2150,#2509,.T.);
#1676=EDGE_CURVE('',#2151,#2225,#299,.T.);
#1677=EDGE_CURVE('',#2226,#2225,#2510,.T.);
#1678=EDGE_CURVE('',#2226,#2149,#300,.T.);
#1679=EDGE_CURVE('',#2148,#2227,#301,.T.);
#1680=EDGE_CURVE('',#2227,#2228,#2511,.T.);
#1681=EDGE_CURVE('',#2228,#2155,#302,.T.);
#1682=EDGE_CURVE('',#2154,#2224,#2512,.T.);
#1683=EDGE_CURVE('',#2229,#2230,#2513,.T.);
#1684=EDGE_CURVE('',#2229,#2223,#303,.T.);
#1685=EDGE_CURVE('',#2224,#2230,#61,.T.);
#1686=EDGE_CURVE('',#2231,#2232,#2514,.T.);
#1687=EDGE_CURVE('',#2231,#2229,#2515,.T.);
#1688=EDGE_CURVE('',#2230,#2232,#2516,.T.);
#1689=EDGE_CURVE('',#2233,#2234,#2517,.T.);
#1690=EDGE_CURVE('',#2233,#2231,#304,.F.);
#1691=EDGE_CURVE('',#2232,#2234,#62,.T.);
#1692=EDGE_CURVE('',#2235,#2236,#2518,.T.);
#1693=EDGE_CURVE('',#2235,#2233,#2519,.T.);
#1694=EDGE_CURVE('',#2234,#2236,#2520,.T.);
#1695=EDGE_CURVE('',#2237,#2238,#2521,.T.);
#1696=EDGE_CURVE('',#2237,#2235,#305,.F.);
#1697=EDGE_CURVE('',#2236,#2238,#63,.T.);
#1698=EDGE_CURVE('',#2239,#2240,#2522,.T.);
#1699=EDGE_CURVE('',#2239,#2237,#2523,.T.);
#1700=EDGE_CURVE('',#2238,#2240,#2524,.T.);
#1701=EDGE_CURVE('',#2241,#2242,#2525,.T.);
#1702=EDGE_CURVE('',#2241,#2239,#306,.T.);
#1703=EDGE_CURVE('',#2240,#2242,#64,.T.);
#1704=EDGE_CURVE('',#2219,#2241,#2526,.T.);
#1705=EDGE_CURVE('',#2242,#2220,#2527,.T.);
#1706=EDGE_CURVE('',#2243,#2244,#2528,.T.);
#1707=EDGE_CURVE('',#2243,#2221,#2529,.T.);
#1708=EDGE_CURVE('',#2222,#2244,#2530,.T.);
#1709=EDGE_CURVE('',#2245,#2246,#2531,.T.);
#1710=EDGE_CURVE('',#2245,#2243,#307,.T.);
#1711=EDGE_CURVE('',#2244,#2246,#65,.T.);
#1712=EDGE_CURVE('',#2247,#2248,#2532,.T.);
#1713=EDGE_CURVE('',#2247,#2245,#2533,.T.);
#1714=EDGE_CURVE('',#2246,#2248,#2534,.T.);
#1715=EDGE_CURVE('',#2249,#2250,#2535,.T.);
#1716=EDGE_CURVE('',#2249,#2247,#308,.F.);
#1717=EDGE_CURVE('',#2248,#2250,#66,.T.);
#1718=EDGE_CURVE('',#2251,#2252,#2536,.T.);
#1719=EDGE_CURVE('',#2251,#2249,#2537,.T.);
#1720=EDGE_CURVE('',#2250,#2252,#2538,.T.);
#1721=EDGE_CURVE('',#2253,#2254,#2539,.T.);
#1722=EDGE_CURVE('',#2253,#2251,#309,.T.);
#1723=EDGE_CURVE('',#2252,#2254,#67,.T.);
#1724=EDGE_CURVE('',#2255,#2256,#2540,.T.);
#1725=EDGE_CURVE('',#2255,#2253,#2541,.T.);
#1726=EDGE_CURVE('',#2254,#2256,#2542,.T.);
#1727=EDGE_CURVE('',#2257,#2258,#2543,.T.);
#1728=EDGE_CURVE('',#2257,#2255,#310,.F.);
#1729=EDGE_CURVE('',#2256,#2258,#68,.F.);
#1730=EDGE_CURVE('',#2259,#2260,#311,.F.);
#1731=EDGE_CURVE('',#2260,#2261,#2544,.T.);
#1732=EDGE_CURVE('',#2261,#2262,#312,.F.);
#1733=EDGE_CURVE('',#2262,#2263,#2545,.T.);
#1734=EDGE_CURVE('',#2263,#2264,#313,.F.);
#1735=EDGE_CURVE('',#2264,#2265,#2546,.T.);
#1736=EDGE_CURVE('',#2265,#2266,#314,.T.);
#1737=EDGE_CURVE('',#2266,#2267,#2547,.T.);
#1738=EDGE_CURVE('',#2267,#2268,#315,.F.);
#1739=EDGE_CURVE('',#2268,#2269,#2548,.T.);
#1740=EDGE_CURVE('',#2269,#2270,#316,.T.);
#1741=EDGE_CURVE('',#2270,#2271,#2549,.T.);
#1742=EDGE_CURVE('',#2271,#2272,#317,.F.);
#1743=EDGE_CURVE('',#2272,#2273,#2550,.T.);
#1744=EDGE_CURVE('',#2273,#2274,#318,.F.);
#1745=EDGE_CURVE('',#2274,#2275,#2551,.T.);
#1746=EDGE_CURVE('',#2275,#2276,#319,.T.);
#1747=EDGE_CURVE('',#2276,#2277,#2552,.T.);
#1748=EDGE_CURVE('',#2277,#2278,#320,.F.);
#1749=EDGE_CURVE('',#2278,#2279,#2553,.T.);
#1750=EDGE_CURVE('',#2279,#2280,#321,.F.);
#1751=EDGE_CURVE('',#2280,#2281,#2554,.T.);
#1752=EDGE_CURVE('',#2281,#2282,#322,.T.);
#1753=EDGE_CURVE('',#2282,#2259,#2555,.T.);
#1754=EDGE_CURVE('',#2283,#2284,#323,.T.);
#1755=EDGE_CURVE('',#2284,#2285,#2556,.T.);
#1756=EDGE_CURVE('',#2285,#2286,#324,.T.);
#1757=EDGE_CURVE('',#2286,#2287,#2557,.T.);
#1758=EDGE_CURVE('',#2287,#2288,#325,.F.);
#1759=EDGE_CURVE('',#2288,#2289,#2558,.T.);
#1760=EDGE_CURVE('',#2289,#2290,#326,.T.);
#1761=EDGE_CURVE('',#2290,#2291,#2559,.T.);
#1762=EDGE_CURVE('',#2291,#2292,#327,.T.);
#1763=EDGE_CURVE('',#2292,#2293,#2560,.T.);
#1764=EDGE_CURVE('',#2293,#2294,#328,.F.);
#1765=EDGE_CURVE('',#2294,#2295,#2561,.T.);
#1766=EDGE_CURVE('',#2295,#2296,#329,.T.);
#1767=EDGE_CURVE('',#2296,#2297,#2562,.T.);
#1768=EDGE_CURVE('',#2297,#2298,#330,.T.);
#1769=EDGE_CURVE('',#2298,#2299,#2563,.T.);
#1770=EDGE_CURVE('',#2299,#2300,#331,.F.);
#1771=EDGE_CURVE('',#2300,#2301,#2564,.T.);
#1772=EDGE_CURVE('',#2301,#2302,#332,.T.);
#1773=EDGE_CURVE('',#2302,#2303,#2565,.T.);
#1774=EDGE_CURVE('',#2303,#2304,#333,.F.);
#1775=EDGE_CURVE('',#2304,#2305,#2566,.T.);
#1776=EDGE_CURVE('',#2305,#2306,#334,.T.);
#1777=EDGE_CURVE('',#2306,#2283,#2567,.T.);
#1778=EDGE_CURVE('',#2307,#2308,#335,.T.);
#1779=EDGE_CURVE('',#2308,#2309,#2568,.T.);
#1780=EDGE_CURVE('',#2309,#2310,#336,.T.);
#1781=EDGE_CURVE('',#2310,#2307,#2569,.T.);
#1782=EDGE_CURVE('',#2152,#2311,#2570,.T.);
#1783=EDGE_CURVE('',#2311,#2312,#2571,.T.);
#1784=EDGE_CURVE('',#2312,#2153,#2572,.T.);
#1785=EDGE_CURVE('',#2313,#2314,#2573,.T.);
#1786=EDGE_CURVE('',#2313,#2257,#2574,.T.);
#1787=EDGE_CURVE('',#2258,#2314,#2575,.T.);
#1788=EDGE_CURVE('',#2311,#2313,#337,.F.);
#1789=EDGE_CURVE('',#2314,#2312,#69,.T.);
#1790=EDGE_CURVE('',#2315,#2315,#338,.T.);
#1791=EDGE_CURVE('',#2316,#2316,#339,.T.);
#1792=EDGE_CURVE('',#2317,#2317,#340,.T.);
#1793=EDGE_CURVE('',#2318,#2318,#341,.T.);
#1794=EDGE_CURVE('',#2319,#2320,#70,.T.);
#1795=EDGE_CURVE('',#2320,#2321,#2576,.T.);
#1796=EDGE_CURVE('',#2321,#2322,#71,.T.);
#1797=EDGE_CURVE('',#2322,#2323,#2577,.T.);
#1798=EDGE_CURVE('',#2323,#2324,#72,.T.);
#1799=EDGE_CURVE('',#2324,#2325,#2578,.T.);
#1800=EDGE_CURVE('',#2325,#2326,#73,.T.);
#1801=EDGE_CURVE('',#2326,#2327,#2579,.T.);
#1802=EDGE_CURVE('',#2327,#2328,#74,.T.);
#1803=EDGE_CURVE('',#2328,#2329,#2580,.T.);
#1804=EDGE_CURVE('',#2329,#2330,#75,.T.);
#1805=EDGE_CURVE('',#2330,#2331,#2581,.T.);
#1806=EDGE_CURVE('',#2331,#2332,#76,.T.);
#1807=EDGE_CURVE('',#2332,#2333,#2582,.T.);
#1808=EDGE_CURVE('',#2333,#2334,#77,.T.);
#1809=EDGE_CURVE('',#2334,#2335,#2583,.T.);
#1810=EDGE_CURVE('',#2335,#2336,#78,.T.);
#1811=EDGE_CURVE('',#2336,#2337,#2584,.T.);
#1812=EDGE_CURVE('',#2337,#2338,#79,.T.);
#1813=EDGE_CURVE('',#2338,#2339,#2585,.T.);
#1814=EDGE_CURVE('',#2339,#2340,#80,.T.);
#1815=EDGE_CURVE('',#2340,#2341,#2586,.T.);
#1816=EDGE_CURVE('',#2341,#2342,#81,.T.);
#1817=EDGE_CURVE('',#2342,#2319,#2587,.T.);
#1818=EDGE_CURVE('',#2343,#2187,#2588,.T.);
#1819=EDGE_CURVE('',#2343,#2344,#2589,.T.);
#1820=EDGE_CURVE('',#2344,#2164,#2590,.T.);
#1821=EDGE_CURVE('',#2163,#2345,#342,.F.);
#1822=EDGE_CURVE('',#2345,#2143,#2591,.T.);
#1823=EDGE_CURVE('',#2344,#2346,#343,.T.);
#1824=EDGE_CURVE('',#2346,#2165,#2592,.T.);
#1825=EDGE_CURVE('',#2346,#2347,#2593,.T.);
#1826=EDGE_CURVE('',#2347,#2166,#2594,.T.);
#1827=EDGE_CURVE('',#2347,#2348,#344,.F.);
#1828=EDGE_CURVE('',#2348,#2167,#2595,.T.);
#1829=EDGE_CURVE('',#2348,#2349,#2596,.T.);
#1830=EDGE_CURVE('',#2349,#2168,#2597,.T.);
#1831=EDGE_CURVE('',#2349,#2350,#345,.T.);
#1832=EDGE_CURVE('',#2350,#2169,#2598,.T.);
#1833=EDGE_CURVE('',#2350,#2351,#2599,.T.);
#1834=EDGE_CURVE('',#2351,#2170,#2600,.T.);
#1835=EDGE_CURVE('',#2351,#2352,#346,.T.);
#1836=EDGE_CURVE('',#2352,#2171,#2601,.T.);
#1837=EDGE_CURVE('',#2352,#2353,#2602,.T.);
#1838=EDGE_CURVE('',#2353,#2172,#2603,.T.);
#1839=EDGE_CURVE('',#2353,#2354,#347,.F.);
#1840=EDGE_CURVE('',#2354,#2173,#2604,.T.);
#1841=EDGE_CURVE('',#2354,#2355,#2605,.T.);
#1842=EDGE_CURVE('',#2355,#2174,#2606,.T.);
#1843=EDGE_CURVE('',#2355,#2356,#348,.T.);
#1844=EDGE_CURVE('',#2356,#2175,#2607,.T.);
#1845=EDGE_CURVE('',#2356,#2357,#2608,.T.);
#1846=EDGE_CURVE('',#2357,#2176,#2609,.T.);
#1847=EDGE_CURVE('',#2357,#2358,#349,.T.);
#1848=EDGE_CURVE('',#2358,#2177,#2610,.T.);
#1849=EDGE_CURVE('',#2358,#2359,#2611,.T.);
#1850=EDGE_CURVE('',#2359,#2178,#2612,.T.);
#1851=EDGE_CURVE('',#2359,#2360,#350,.F.);
#1852=EDGE_CURVE('',#2360,#2179,#2613,.T.);
#1853=EDGE_CURVE('',#2360,#2361,#2614,.T.);
#1854=EDGE_CURVE('',#2361,#2180,#2615,.T.);
#1855=EDGE_CURVE('',#2361,#2362,#351,.T.);
#1856=EDGE_CURVE('',#2362,#2181,#2616,.T.);
#1857=EDGE_CURVE('',#2362,#2363,#2617,.T.);
#1858=EDGE_CURVE('',#2363,#2182,#2618,.T.);
#1859=EDGE_CURVE('',#2363,#2364,#352,.F.);
#1860=EDGE_CURVE('',#2364,#2183,#2619,.T.);
#1861=EDGE_CURVE('',#2364,#2365,#2620,.T.);
#1862=EDGE_CURVE('',#2365,#2184,#2621,.T.);
#1863=EDGE_CURVE('',#2365,#2366,#353,.T.);
#1864=EDGE_CURVE('',#2366,#2185,#2622,.T.);
#1865=EDGE_CURVE('',#2366,#2367,#2623,.T.);
#1866=EDGE_CURVE('',#2367,#2186,#2624,.T.);
#1867=EDGE_CURVE('',#2367,#2343,#354,.T.);
#1868=EDGE_CURVE('',#2188,#2099,#2625,.T.);
#1869=EDGE_CURVE('',#2189,#2098,#2626,.T.);
#1870=EDGE_CURVE('',#2190,#2097,#2627,.T.);
#1871=EDGE_CURVE('',#2191,#2096,#2628,.T.);
#1872=EDGE_CURVE('',#2192,#2095,#2629,.T.);
#1873=EDGE_CURVE('',#2094,#2086,#2630,.F.);
#1874=EDGE_CURVE('',#2085,#2132,#2631,.T.);
#1875=EDGE_CURVE('',#2193,#2131,#2632,.T.);
#1876=EDGE_CURVE('',#2198,#2124,#2633,.F.);
#1877=EDGE_CURVE('',#2199,#2123,#2634,.T.);
#1878=EDGE_CURVE('',#2200,#2122,#2635,.T.);
#1879=EDGE_CURVE('',#2201,#2121,#2636,.T.);
#1880=EDGE_CURVE('',#2202,#2120,#2637,.T.);
#1881=EDGE_CURVE('',#2203,#2119,#2638,.T.);
#1882=EDGE_CURVE('',#2204,#2118,#2639,.T.);
#1883=EDGE_CURVE('',#2205,#2117,#2640,.T.);
#1884=EDGE_CURVE('',#2206,#2116,#2641,.T.);
#1885=EDGE_CURVE('',#2207,#2115,#2642,.T.);
#1886=EDGE_CURVE('',#2208,#2114,#2643,.T.);
#1887=EDGE_CURVE('',#2209,#2113,#2644,.T.);
#1888=EDGE_CURVE('',#2210,#2112,#2645,.T.);
#1889=EDGE_CURVE('',#2111,#2211,#2646,.T.);
#1890=EDGE_CURVE('',#2345,#2368,#2647,.T.);
#1891=EDGE_CURVE('',#2368,#2144,#2648,.T.);
#1892=EDGE_CURVE('',#2369,#2370,#355,.T.);
#1893=EDGE_CURVE('',#2370,#2371,#356,.F.);
#1894=EDGE_CURVE('',#2139,#2371,#2649,.T.);
#1895=EDGE_CURVE('',#2145,#2372,#2650,.T.);
#1896=EDGE_CURVE('',#2373,#2372,#2651,.T.);
#1897=EDGE_CURVE('',#2373,#2374,#2652,.T.);
#1898=EDGE_CURVE('',#2374,#2375,#357,.F.);
#1899=EDGE_CURVE('',#2375,#2376,#358,.T.);
#1900=EDGE_CURVE('',#2376,#2369,#2653,.T.);
#1901=EDGE_CURVE('',#2373,#2161,#359,.T.);
#1902=EDGE_CURVE('',#2372,#2368,#360,.F.);
#1903=EDGE_CURVE('',#2307,#2368,#2654,.T.);
#1904=EDGE_CURVE('',#2144,#2310,#2655,.T.);
#1905=EDGE_CURVE('',#2145,#2309,#2656,.T.);
#1906=EDGE_CURVE('',#2308,#2372,#2657,.T.);
#1907=EDGE_CURVE('',#2127,#2195,#2658,.F.);
#1908=EDGE_CURVE('',#2126,#2196,#2659,.F.);
#1909=EDGE_CURVE('',#2125,#2197,#2660,.T.);
#1910=EDGE_CURVE('',#2194,#2128,#2661,.F.);
#1911=EDGE_CURVE('',#2377,#2377,#361,.T.);
#1912=EDGE_CURVE('',#2378,#2378,#362,.T.);
#1913=EDGE_CURVE('',#2379,#2379,#363,.T.);
#1914=EDGE_CURVE('',#2380,#2380,#364,.T.);
#1915=EDGE_CURVE('',#2381,#2381,#365,.T.);
#1916=EDGE_CURVE('',#2382,#2382,#366,.T.);
#1917=EDGE_CURVE('',#2383,#2383,#367,.T.);
#1918=EDGE_CURVE('',#2384,#2384,#368,.T.);
#1919=EDGE_CURVE('',#2385,#2385,#369,.T.);
#1920=EDGE_CURVE('',#2386,#2386,#370,.T.);
#1921=EDGE_CURVE('',#2387,#2387,#371,.T.);
#1922=EDGE_CURVE('',#2388,#2388,#372,.T.);
#1923=EDGE_CURVE('',#2389,#2389,#373,.T.);
#1924=EDGE_CURVE('',#2390,#2391,#2662,.T.);
#1925=EDGE_CURVE('',#2391,#2392,#374,.T.);
#1926=EDGE_CURVE('',#2393,#2392,#2663,.T.);
#1927=EDGE_CURVE('',#2393,#2394,#375,.T.);
#1928=EDGE_CURVE('',#2394,#2395,#2664,.T.);
#1929=EDGE_CURVE('',#2395,#2396,#376,.T.);
#1930=EDGE_CURVE('',#2396,#2397,#2665,.T.);
#1931=EDGE_CURVE('',#2397,#2398,#377,.F.);
#1932=EDGE_CURVE('',#2398,#2399,#378,.T.);
#1933=EDGE_CURVE('',#2400,#2399,#2666,.T.);
#1934=EDGE_CURVE('',#2400,#2401,#379,.T.);
#1935=EDGE_CURVE('',#2401,#2402,#380,.F.);
#1936=EDGE_CURVE('',#2403,#2402,#2667,.T.);
#1937=EDGE_CURVE('',#2404,#2403,#381,.F.);
#1938=EDGE_CURVE('',#2404,#2228,#2668,.T.);
#1939=EDGE_CURVE('',#2227,#2390,#2669,.F.);
#1940=EDGE_CURVE('',#2225,#2405,#2670,.F.);
#1941=EDGE_CURVE('',#2406,#2405,#2671,.T.);
#1942=EDGE_CURVE('',#2406,#2226,#2672,.T.);
#1943=EDGE_CURVE('',#2156,#2407,#2673,.F.);
#1944=EDGE_CURVE('',#2408,#2407,#2674,.F.);
#1945=EDGE_CURVE('',#2408,#2157,#2675,.T.);
#1946=EDGE_CURVE('',#2399,#2369,#2676,.T.);
#1947=EDGE_CURVE('',#2376,#2400,#2677,.F.);
#1948=EDGE_CURVE('',#2402,#2374,#2678,.F.);
#1949=EDGE_CURVE('',#2403,#2162,#2679,.T.);
#1950=EDGE_CURVE('',#2409,#2213,#2680,.T.);
#1951=EDGE_CURVE('',#2409,#2408,#82,.T.);
#1952=EDGE_CURVE('',#2407,#2404,#83,.T.);
#1953=EDGE_CURVE('',#2212,#2391,#2681,.F.);
#1954=EDGE_CURVE('',#2390,#2146,#382,.F.);
#1955=EDGE_CURVE('',#2147,#2406,#383,.F.);
#1956=EDGE_CURVE('',#2405,#2409,#384,.F.);
#1957=EDGE_CURVE('',#2371,#2397,#2682,.F.);
#1958=EDGE_CURVE('',#2396,#2140,#2683,.T.);
#1959=EDGE_CURVE('',#2102,#2395,#2684,.F.);
#1960=EDGE_CURVE('',#2394,#2103,#2685,.T.);
#1961=EDGE_CURVE('',#2109,#2410,#2686,.F.);
#1962=EDGE_CURVE('',#2410,#2411,#2687,.T.);
#1963=EDGE_CURVE('',#2411,#2089,#2688,.T.);
#1964=EDGE_CURVE('',#2090,#2393,#2689,.F.);
#1965=EDGE_CURVE('',#2392,#2110,#2690,.T.);
#1966=EDGE_CURVE('',#2216,#2332,#84,.F.);
#1967=EDGE_CURVE('',#2333,#2218,#85,.F.);
#1968=EDGE_CURVE('',#2334,#2220,#86,.T.);
#1969=EDGE_CURVE('',#2222,#2331,#87,.T.);
#1970=EDGE_CURVE('',#2335,#2242,#88,.F.);
#1971=EDGE_CURVE('',#2244,#2330,#89,.F.);
#1972=EDGE_CURVE('',#2336,#2240,#90,.T.);
#1973=EDGE_CURVE('',#2246,#2329,#91,.T.);
#1974=EDGE_CURVE('',#2337,#2238,#92,.F.);
#1975=EDGE_CURVE('',#2248,#2328,#93,.F.);
#1976=EDGE_CURVE('',#2338,#2236,#94,.T.);
#1977=EDGE_CURVE('',#2250,#2327,#95,.T.);
#1978=EDGE_CURVE('',#2339,#2234,#96,.F.);
#1979=EDGE_CURVE('',#2252,#2326,#97,.F.);
#1980=EDGE_CURVE('',#2340,#2232,#98,.T.);
#1981=EDGE_CURVE('',#2254,#2325,#99,.T.);
#1982=EDGE_CURVE('',#2341,#2230,#100,.F.);
#1983=EDGE_CURVE('',#2256,#2324,#101,.F.);
#1984=EDGE_CURVE('',#2342,#2224,#102,.T.);
#1985=EDGE_CURVE('',#2258,#2323,#103,.T.);
#1986=EDGE_CURVE('',#2319,#2154,#104,.F.);
#1987=EDGE_CURVE('',#2314,#2322,#105,.F.);
#1988=EDGE_CURVE('',#2320,#2153,#106,.T.);
#1989=EDGE_CURVE('',#2312,#2321,#107,.T.);
#1990=EDGE_CURVE('',#2412,#2412,#385,.T.);
#1991=EDGE_CURVE('',#2413,#2413,#386,.T.);
#1992=EDGE_CURVE('',#2414,#2414,#387,.T.);
#1993=EDGE_CURVE('',#2415,#2415,#388,.T.);
#1994=EDGE_CURVE('',#2357,#2272,#2691,.T.);
#1995=EDGE_CURVE('',#2273,#2356,#2692,.T.);
#1996=EDGE_CURVE('',#2274,#2355,#2693,.T.);
#1997=EDGE_CURVE('',#2358,#2271,#2694,.T.);
#1998=EDGE_CURVE('',#2275,#2354,#2695,.T.);
#1999=EDGE_CURVE('',#2359,#2270,#2696,.T.);
#2000=EDGE_CURVE('',#2276,#2353,#2697,.T.);
#2001=EDGE_CURVE('',#2360,#2269,#2698,.T.);
#2002=EDGE_CURVE('',#2277,#2352,#2699,.T.);
#2003=EDGE_CURVE('',#2361,#2268,#2700,.T.);
#2004=EDGE_CURVE('',#2278,#2351,#2701,.T.);
#2005=EDGE_CURVE('',#2362,#2267,#2702,.T.);
#2006=EDGE_CURVE('',#2279,#2350,#2703,.T.);
#2007=EDGE_CURVE('',#2363,#2266,#2704,.T.);
#2008=EDGE_CURVE('',#2280,#2349,#2705,.T.);
#2009=EDGE_CURVE('',#2364,#2265,#2706,.T.);
#2010=EDGE_CURVE('',#2281,#2348,#2707,.T.);
#2011=EDGE_CURVE('',#2365,#2264,#2708,.T.);
#2012=EDGE_CURVE('',#2282,#2347,#2709,.T.);
#2013=EDGE_CURVE('',#2366,#2263,#2710,.T.);
#2014=EDGE_CURVE('',#2259,#2346,#2711,.T.);
#2015=EDGE_CURVE('',#2367,#2262,#2712,.T.);
#2016=EDGE_CURVE('',#2260,#2344,#2713,.T.);
#2017=EDGE_CURVE('',#2343,#2261,#2714,.T.);
#2018=EDGE_CURVE('',#2217,#2296,#2715,.T.);
#2019=EDGE_CURVE('',#2297,#2215,#2716,.T.);
#2020=EDGE_CURVE('',#2298,#2221,#2717,.T.);
#2021=EDGE_CURVE('',#2219,#2295,#2718,.T.);
#2022=EDGE_CURVE('',#2299,#2243,#2719,.T.);
#2023=EDGE_CURVE('',#2241,#2294,#2720,.T.);
#2024=EDGE_CURVE('',#2300,#2245,#2721,.T.);
#2025=EDGE_CURVE('',#2239,#2293,#2722,.T.);
#2026=EDGE_CURVE('',#2301,#2247,#2723,.T.);
#2027=EDGE_CURVE('',#2237,#2292,#2724,.T.);
#2028=EDGE_CURVE('',#2302,#2249,#2725,.T.);
#2029=EDGE_CURVE('',#2235,#2291,#2726,.T.);
#2030=EDGE_CURVE('',#2303,#2251,#2727,.T.);
#2031=EDGE_CURVE('',#2233,#2290,#2728,.T.);
#2032=EDGE_CURVE('',#2304,#2253,#2729,.T.);
#2033=EDGE_CURVE('',#2231,#2289,#2730,.T.);
#2034=EDGE_CURVE('',#2305,#2255,#2731,.T.);
#2035=EDGE_CURVE('',#2229,#2288,#2732,.T.);
#2036=EDGE_CURVE('',#2306,#2257,#2733,.T.);
#2037=EDGE_CURVE('',#2223,#2287,#2734,.T.);
#2038=EDGE_CURVE('',#2283,#2313,#2735,.T.);
#2039=EDGE_CURVE('',#2150,#2286,#2736,.T.);
#2040=EDGE_CURVE('',#2284,#2311,#2737,.T.);
#2041=EDGE_CURVE('',#2152,#2285,#2738,.T.);
#2042=EDGE_CURVE('',#2398,#2370,#2739,.F.);
#2043=EDGE_CURVE('',#2375,#2401,#2740,.T.);
#2044=EDGE_CURVE('',#2072,#2066,#2741,.T.);
#2045=EDGE_CURVE('',#2068,#2070,#2742,.T.);
#2046=EDGE_CURVE('',#2092,#2073,#2743,.F.);
#2047=EDGE_CURVE('',#2087,#2093,#2744,.T.);
#2048=EDGE_CURVE('',#2416,#2417,#2745,.T.);
#2049=EDGE_CURVE('',#2417,#2076,#2746,.T.);
#2050=EDGE_CURVE('',#2075,#2416,#2747,.F.);
#2051=EDGE_CURVE('',#2077,#2418,#2748,.T.);
#2052=EDGE_CURVE('',#2418,#2419,#2749,.T.);
#2053=EDGE_CURVE('',#2419,#2108,#2750,.T.);
#2054=EDGE_CURVE('',#2107,#2078,#2751,.F.);
#2055=EDGE_CURVE('',#2079,#2138,#2752,.T.);
#2056=EDGE_CURVE('',#2080,#2137,#2753,.T.);
#2057=EDGE_CURVE('',#2081,#2136,#2754,.T.);
#2058=EDGE_CURVE('',#2082,#2135,#2755,.T.);
#2059=EDGE_CURVE('',#2083,#2134,#2756,.T.);
#2060=EDGE_CURVE('',#2133,#2084,#2757,.F.);
#2061=EDGE_CURVE('',#2418,#2417,#2758,.T.);
#2062=EDGE_CURVE('',#2416,#2411,#389,.F.);
#2063=EDGE_CURVE('',#2410,#2419,#390,.F.);
#2064=EDGE_CURVE('',#2091,#2074,#2759,.F.);
#2065=VERTEX_POINT('',#5424);
#2066=VERTEX_POINT('',#5425);
#2067=VERTEX_POINT('',#5427);
#2068=VERTEX_POINT('',#5429);
#2069=VERTEX_POINT('',#5433);
#2070=VERTEX_POINT('',#5434);
#2071=VERTEX_POINT('',#5436);
#2072=VERTEX_POINT('',#5438);
#2073=VERTEX_POINT('',#5444);
#2074=VERTEX_POINT('',#5445);
#2075=VERTEX_POINT('',#5447);
#2076=VERTEX_POINT('',#5449);
#2077=VERTEX_POINT('',#5451);
#2078=VERTEX_POINT('',#5453);
#2079=VERTEX_POINT('',#5455);
#2080=VERTEX_POINT('',#5457);
#2081=VERTEX_POINT('',#5459);
#2082=VERTEX_POINT('',#5461);
#2083=VERTEX_POINT('',#5463);
#2084=VERTEX_POINT('',#5465);
#2085=VERTEX_POINT('',#5467);
#2086=VERTEX_POINT('',#5469);
#2087=VERTEX_POINT('',#5471);
#2088=VERTEX_POINT('',#5475);
#2089=VERTEX_POINT('',#5477);
#2090=VERTEX_POINT('',#5478);
#2091=VERTEX_POINT('',#5480);
#2092=VERTEX_POINT('',#5482);
#2093=VERTEX_POINT('',#5484);
#2094=VERTEX_POINT('',#5486);
#2095=VERTEX_POINT('',#5488);
#2096=VERTEX_POINT('',#5490);
#2097=VERTEX_POINT('',#5492);
#2098=VERTEX_POINT('',#5494);
#2099=VERTEX_POINT('',#5496);
#2100=VERTEX_POINT('',#5498);
#2101=VERTEX_POINT('',#5500);
#2102=VERTEX_POINT('',#5502);
#2103=VERTEX_POINT('',#5504);
#2104=VERTEX_POINT('',#5508);
#2105=VERTEX_POINT('',#5510);
#2106=VERTEX_POINT('',#5512);
#2107=VERTEX_POINT('',#5514);
#2108=VERTEX_POINT('',#5515);
#2109=VERTEX_POINT('',#5517);
#2110=VERTEX_POINT('',#5519);
#2111=VERTEX_POINT('',#5521);
#2112=VERTEX_POINT('',#5523);
#2113=VERTEX_POINT('',#5525);
#2114=VERTEX_POINT('',#5527);
#2115=VERTEX_POINT('',#5529);
#2116=VERTEX_POINT('',#5531);
#2117=VERTEX_POINT('',#5533);
#2118=VERTEX_POINT('',#5535);
#2119=VERTEX_POINT('',#5537);
#2120=VERTEX_POINT('',#5539);
#2121=VERTEX_POINT('',#5541);
#2122=VERTEX_POINT('',#5543);
#2123=VERTEX_POINT('',#5545);
#2124=VERTEX_POINT('',#5547);
#2125=VERTEX_POINT('',#5549);
#2126=VERTEX_POINT('',#5551);
#2127=VERTEX_POINT('',#5553);
#2128=VERTEX_POINT('',#5555);
#2129=VERTEX_POINT('',#5557);
#2130=VERTEX_POINT('',#5559);
#2131=VERTEX_POINT('',#5561);
#2132=VERTEX_POINT('',#5563);
#2133=VERTEX_POINT('',#5565);
#2134=VERTEX_POINT('',#5567);
#2135=VERTEX_POINT('',#5569);
#2136=VERTEX_POINT('',#5571);
#2137=VERTEX_POINT('',#5573);
#2138=VERTEX_POINT('',#5575);
#2139=VERTEX_POINT('',#5579);
#2140=VERTEX_POINT('',#5580);
#2141=VERTEX_POINT('',#5589);
#2142=VERTEX_POINT('',#5591);
#2143=VERTEX_POINT('',#5593);
#2144=VERTEX_POINT('',#5595);
#2145=VERTEX_POINT('',#5597);
#2146=VERTEX_POINT('',#5601);
#2147=VERTEX_POINT('',#5602);
#2148=VERTEX_POINT('',#5604);
#2149=VERTEX_POINT('',#5606);
#2150=VERTEX_POINT('',#5610);
#2151=VERTEX_POINT('',#5611);
#2152=VERTEX_POINT('',#5613);
#2153=VERTEX_POINT('',#5615);
#2154=VERTEX_POINT('',#5622);
#2155=VERTEX_POINT('',#5624);
#2156=VERTEX_POINT('',#5629);
#2157=VERTEX_POINT('',#5631);
#2158=VERTEX_POINT('',#5638);
#2159=VERTEX_POINT('',#5640);
#2160=VERTEX_POINT('',#5644);
#2161=VERTEX_POINT('',#5648);
#2162=VERTEX_POINT('',#5649);
#2163=VERTEX_POINT('',#5651);
#2164=VERTEX_POINT('',#5653);
#2165=VERTEX_POINT('',#5655);
#2166=VERTEX_POINT('',#5657);
#2167=VERTEX_POINT('',#5659);
#2168=VERTEX_POINT('',#5661);
#2169=VERTEX_POINT('',#5663);
#2170=VERTEX_POINT('',#5665);
#2171=VERTEX_POINT('',#5667);
#2172=VERTEX_POINT('',#5669);
#2173=VERTEX_POINT('',#5671);
#2174=VERTEX_POINT('',#5673);
#2175=VERTEX_POINT('',#5675);
#2176=VERTEX_POINT('',#5677);
#2177=VERTEX_POINT('',#5679);
#2178=VERTEX_POINT('',#5681);
#2179=VERTEX_POINT('',#5683);
#2180=VERTEX_POINT('',#5685);
#2181=VERTEX_POINT('',#5687);
#2182=VERTEX_POINT('',#5689);
#2183=VERTEX_POINT('',#5691);
#2184=VERTEX_POINT('',#5693);
#2185=VERTEX_POINT('',#5695);
#2186=VERTEX_POINT('',#5697);
#2187=VERTEX_POINT('',#5699);
#2188=VERTEX_POINT('',#5702);
#2189=VERTEX_POINT('',#5704);
#2190=VERTEX_POINT('',#5706);
#2191=VERTEX_POINT('',#5708);
#2192=VERTEX_POINT('',#5710);
#2193=VERTEX_POINT('',#5712);
#2194=VERTEX_POINT('',#5715);
#2195=VERTEX_POINT('',#5717);
#2196=VERTEX_POINT('',#5719);
#2197=VERTEX_POINT('',#5721);
#2198=VERTEX_POINT('',#5723);
#2199=VERTEX_POINT('',#5725);
#2200=VERTEX_POINT('',#5727);
#2201=VERTEX_POINT('',#5729);
#2202=VERTEX_POINT('',#5731);
#2203=VERTEX_POINT('',#5733);
#2204=VERTEX_POINT('',#5735);
#2205=VERTEX_POINT('',#5737);
#2206=VERTEX_POINT('',#5739);
#2207=VERTEX_POINT('',#5741);
#2208=VERTEX_POINT('',#5743);
#2209=VERTEX_POINT('',#5745);
#2210=VERTEX_POINT('',#5747);
#2211=VERTEX_POINT('',#5749);
#2212=VERTEX_POINT('',#5751);
#2213=VERTEX_POINT('',#5753);
#2214=VERTEX_POINT('',#5756);
#2215=VERTEX_POINT('',#5759);
#2216=VERTEX_POINT('',#5760);
#2217=VERTEX_POINT('',#5762);
#2218=VERTEX_POINT('',#5764);
#2219=VERTEX_POINT('',#5768);
#2220=VERTEX_POINT('',#5770);
#2221=VERTEX_POINT('',#5779);
#2222=VERTEX_POINT('',#5780);
#2223=VERTEX_POINT('',#5790);
#2224=VERTEX_POINT('',#5791);
#2225=VERTEX_POINT('',#5794);
#2226=VERTEX_POINT('',#5796);
#2227=VERTEX_POINT('',#5799);
#2228=VERTEX_POINT('',#5801);
#2229=VERTEX_POINT('',#5806);
#2230=VERTEX_POINT('',#5807);
#2231=VERTEX_POINT('',#5815);
#2232=VERTEX_POINT('',#5816);
#2233=VERTEX_POINT('',#5821);
#2234=VERTEX_POINT('',#5822);
#2235=VERTEX_POINT('',#5831);
#2236=VERTEX_POINT('',#5832);
#2237=VERTEX_POINT('',#5837);
#2238=VERTEX_POINT('',#5838);
#2239=VERTEX_POINT('',#5860);
#2240=VERTEX_POINT('',#5861);
#2241=VERTEX_POINT('',#5866);
#2242=VERTEX_POINT('',#5867);
#2243=VERTEX_POINT('',#5879);
#2244=VERTEX_POINT('',#5880);
#2245=VERTEX_POINT('',#5885);
#2246=VERTEX_POINT('',#5886);
#2247=VERTEX_POINT('',#5895);
#2248=VERTEX_POINT('',#5896);
#2249=VERTEX_POINT('',#5901);
#2250=VERTEX_POINT('',#5902);
#2251=VERTEX_POINT('',#5911);
#2252=VERTEX_POINT('',#5912);
#2253=VERTEX_POINT('',#5917);
#2254=VERTEX_POINT('',#5918);
#2255=VERTEX_POINT('',#5926);
#2256=VERTEX_POINT('',#5927);
#2257=VERTEX_POINT('',#5932);
#2258=VERTEX_POINT('',#5933);
#2259=VERTEX_POINT('',#5943);
#2260=VERTEX_POINT('',#5944);
#2261=VERTEX_POINT('',#5946);
#2262=VERTEX_POINT('',#5948);
#2263=VERTEX_POINT('',#5950);
#2264=VERTEX_POINT('',#5952);
#2265=VERTEX_POINT('',#5954);
#2266=VERTEX_POINT('',#5956);
#2267=VERTEX_POINT('',#5958);
#2268=VERTEX_POINT('',#5960);
#2269=VERTEX_POINT('',#5962);
#2270=VERTEX_POINT('',#5964);
#2271=VERTEX_POINT('',#5966);
#2272=VERTEX_POINT('',#5968);
#2273=VERTEX_POINT('',#5970);
#2274=VERTEX_POINT('',#5972);
#2275=VERTEX_POINT('',#5974);
#2276=VERTEX_POINT('',#5976);
#2277=VERTEX_POINT('',#5978);
#2278=VERTEX_POINT('',#5980);
#2279=VERTEX_POINT('',#5982);
#2280=VERTEX_POINT('',#5984);
#2281=VERTEX_POINT('',#5986);
#2282=VERTEX_POINT('',#5988);
#2283=VERTEX_POINT('',#5991);
#2284=VERTEX_POINT('',#5992);
#2285=VERTEX_POINT('',#5994);
#2286=VERTEX_POINT('',#5996);
#2287=VERTEX_POINT('',#5998);
#2288=VERTEX_POINT('',#6000);
#2289=VERTEX_POINT('',#6002);
#2290=VERTEX_POINT('',#6004);
#2291=VERTEX_POINT('',#6006);
#2292=VERTEX_POINT('',#6008);
#2293=VERTEX_POINT('',#6010);
#2294=VERTEX_POINT('',#6012);
#2295=VERTEX_POINT('',#6014);
#2296=VERTEX_POINT('',#6016);
#2297=VERTEX_POINT('',#6018);
#2298=VERTEX_POINT('',#6020);
#2299=VERTEX_POINT('',#6022);
#2300=VERTEX_POINT('',#6024);
#2301=VERTEX_POINT('',#6026);
#2302=VERTEX_POINT('',#6028);
#2303=VERTEX_POINT('',#6030);
#2304=VERTEX_POINT('',#6032);
#2305=VERTEX_POINT('',#6034);
#2306=VERTEX_POINT('',#6036);
#2307=VERTEX_POINT('',#6040);
#2308=VERTEX_POINT('',#6041);
#2309=VERTEX_POINT('',#6043);
#2310=VERTEX_POINT('',#6045);
#2311=VERTEX_POINT('',#6048);
#2312=VERTEX_POINT('',#6050);
#2313=VERTEX_POINT('',#6054);
#2314=VERTEX_POINT('',#6055);
#2315=VERTEX_POINT('',#6066);
#2316=VERTEX_POINT('',#6068);
#2317=VERTEX_POINT('',#6070);
#2318=VERTEX_POINT('',#6072);
#2319=VERTEX_POINT('',#6078);
#2320=VERTEX_POINT('',#6079);
#2321=VERTEX_POINT('',#6081);
#2322=VERTEX_POINT('',#6086);
#2323=VERTEX_POINT('',#6088);
#2324=VERTEX_POINT('',#6094);
#2325=VERTEX_POINT('',#6096);
#2326=VERTEX_POINT('',#6101);
#2327=VERTEX_POINT('',#6103);
#2328=VERTEX_POINT('',#6111);
#2329=VERTEX_POINT('',#6113);
#2330=VERTEX_POINT('',#6121);
#2331=VERTEX_POINT('',#6123);
#2332=VERTEX_POINT('',#6129);
#2333=VERTEX_POINT('',#6131);
#2334=VERTEX_POINT('',#6137);
#2335=VERTEX_POINT('',#6139);
#2336=VERTEX_POINT('',#6147);
#2337=VERTEX_POINT('',#6149);
#2338=VERTEX_POINT('',#6154);
#2339=VERTEX_POINT('',#6156);
#2340=VERTEX_POINT('',#6161);
#2341=VERTEX_POINT('',#6163);
#2342=VERTEX_POINT('',#6168);
#2343=VERTEX_POINT('',#6172);
#2344=VERTEX_POINT('',#6174);
#2345=VERTEX_POINT('',#6177);
#2346=VERTEX_POINT('',#6181);
#2347=VERTEX_POINT('',#6185);
#2348=VERTEX_POINT('',#6189);
#2349=VERTEX_POINT('',#6193);
#2350=VERTEX_POINT('',#6197);
#2351=VERTEX_POINT('',#6201);
#2352=VERTEX_POINT('',#6205);
#2353=VERTEX_POINT('',#6209);
#2354=VERTEX_POINT('',#6213);
#2355=VERTEX_POINT('',#6217);
#2356=VERTEX_POINT('',#6221);
#2357=VERTEX_POINT('',#6225);
#2358=VERTEX_POINT('',#6229);
#2359=VERTEX_POINT('',#6233);
#2360=VERTEX_POINT('',#6237);
#2361=VERTEX_POINT('',#6241);
#2362=VERTEX_POINT('',#6245);
#2363=VERTEX_POINT('',#6249);
#2364=VERTEX_POINT('',#6253);
#2365=VERTEX_POINT('',#6257);
#2366=VERTEX_POINT('',#6261);
#2367=VERTEX_POINT('',#6265);
#2368=VERTEX_POINT('',#6313);
#2369=VERTEX_POINT('',#6317);
#2370=VERTEX_POINT('',#6318);
#2371=VERTEX_POINT('',#6320);
#2372=VERTEX_POINT('',#6323);
#2373=VERTEX_POINT('',#6325);
#2374=VERTEX_POINT('',#6327);
#2375=VERTEX_POINT('',#6329);
#2376=VERTEX_POINT('',#6331);
#2377=VERTEX_POINT('',#6353);
#2378=VERTEX_POINT('',#6355);
#2379=VERTEX_POINT('',#6359);
#2380=VERTEX_POINT('',#6361);
#2381=VERTEX_POINT('',#6365);
#2382=VERTEX_POINT('',#6367);
#2383=VERTEX_POINT('',#6371);
#2384=VERTEX_POINT('',#6373);
#2385=VERTEX_POINT('',#6377);
#2386=VERTEX_POINT('',#6381);
#2387=VERTEX_POINT('',#6385);
#2388=VERTEX_POINT('',#6389);
#2389=VERTEX_POINT('',#6393);
#2390=VERTEX_POINT('',#6397);
#2391=VERTEX_POINT('',#6398);
#2392=VERTEX_POINT('',#6400);
#2393=VERTEX_POINT('',#6402);
#2394=VERTEX_POINT('',#6404);
#2395=VERTEX_POINT('',#6406);
#2396=VERTEX_POINT('',#6408);
#2397=VERTEX_POINT('',#6410);
#2398=VERTEX_POINT('',#6412);
#2399=VERTEX_POINT('',#6414);
#2400=VERTEX_POINT('',#6416);
#2401=VERTEX_POINT('',#6418);
#2402=VERTEX_POINT('',#6420);
#2403=VERTEX_POINT('',#6422);
#2404=VERTEX_POINT('',#6424);
#2405=VERTEX_POINT('',#6429);
#2406=VERTEX_POINT('',#6431);
#2407=VERTEX_POINT('',#6435);
#2408=VERTEX_POINT('',#6437);
#2409=VERTEX_POINT('',#6447);
#2410=VERTEX_POINT('',#6470);
#2411=VERTEX_POINT('',#6472);
#2412=VERTEX_POINT('',#6698);
#2413=VERTEX_POINT('',#6702);
#2414=VERTEX_POINT('',#6706);
#2415=VERTEX_POINT('',#6710);
#2416=VERTEX_POINT('',#6832);
#2417=VERTEX_POINT('',#6833);
#2418=VERTEX_POINT('',#6838);
#2419=VERTEX_POINT('',#6840);
#2420=LINE('',#5423,#2760);
#2421=LINE('',#5428,#2761);
#2422=LINE('',#5432,#2762);
#2423=LINE('',#5437,#2763);
#2424=LINE('',#5441,#2764);
#2425=LINE('',#5442,#2765);
#2426=LINE('',#5448,#2766);
#2427=LINE('',#5450,#2767);
#2428=LINE('',#5452,#2768);
#2429=LINE('',#5456,#2769);
#2430=LINE('',#5460,#2770);
#2431=LINE('',#5464,#2771);
#2432=LINE('',#5468,#2772);
#2433=LINE('',#5472,#2773);
#2434=LINE('',#5476,#2774);
#2435=LINE('',#5483,#2775);
#2436=LINE('',#5487,#2776);
#2437=LINE('',#5491,#2777);
#2438=LINE('',#5495,#2778);
#2439=LINE('',#5499,#2779);
#2440=LINE('',#5501,#2780);
#2441=LINE('',#5503,#2781);
#2442=LINE('',#5513,#2782);
#2443=LINE('',#5518,#2783);
#2444=LINE('',#5522,#2784);
#2445=LINE('',#5526,#2785);
#2446=LINE('',#5530,#2786);
#2447=LINE('',#5534,#2787);
#2448=LINE('',#5538,#2788);
#2449=LINE('',#5542,#2789);
#2450=LINE('',#5546,#2790);
#2451=LINE('',#5550,#2791);
#2452=LINE('',#5554,#2792);
#2453=LINE('',#5558,#2793);
#2454=LINE('',#5562,#2794);
#2455=LINE('',#5566,#2795);
#2456=LINE('',#5570,#2796);
#2457=LINE('',#5574,#2797);
#2458=LINE('',#5590,#2798);
#2459=LINE('',#5594,#2799);
#2460=LINE('',#5598,#2800);
#2461=LINE('',#5600,#2801);
#2462=LINE('',#5603,#2802);
#2463=LINE('',#5605,#2803);
#2464=LINE('',#5607,#2804);
#2465=LINE('',#5609,#2805);
#2466=LINE('',#5614,#2806);
#2467=LINE('',#5623,#2807);
#2468=LINE('',#5630,#2808);
#2469=LINE('',#5637,#2809);
#2470=LINE('',#5639,#2810);
#2471=LINE('',#5641,#2811);
#2472=LINE('',#5643,#2812);
#2473=LINE('',#5645,#2813);
#2474=LINE('',#5647,#2814);
#2475=LINE('',#5650,#2815);
#2476=LINE('',#5652,#2816);
#2477=LINE('',#5656,#2817);
#2478=LINE('',#5660,#2818);
#2479=LINE('',#5664,#2819);
#2480=LINE('',#5668,#2820);
#2481=LINE('',#5672,#2821);
#2482=LINE('',#5676,#2822);
#2483=LINE('',#5680,#2823);
#2484=LINE('',#5684,#2824);
#2485=LINE('',#5688,#2825);
#2486=LINE('',#5692,#2826);
#2487=LINE('',#5696,#2827);
#2488=LINE('',#5700,#2828);
#2489=LINE('',#5703,#2829);
#2490=LINE('',#5707,#2830);
#2491=LINE('',#5711,#2831);
#2492=LINE('',#5716,#2832);
#2493=LINE('',#5720,#2833);
#2494=LINE('',#5724,#2834);
#2495=LINE('',#5728,#2835);
#2496=LINE('',#5732,#2836);
#2497=LINE('',#5736,#2837);
#2498=LINE('',#5740,#2838);
#2499=LINE('',#5744,#2839);
#2500=LINE('',#5748,#2840);
#2501=LINE('',#5752,#2841);
#2502=LINE('',#5758,#2842);
#2503=LINE('',#5761,#2843);
#2504=LINE('',#5763,#2844);
#2505=LINE('',#5765,#2845);
#2506=LINE('',#5769,#2846);
#2507=LINE('',#5778,#2847);
#2508=LINE('',#5789,#2848);
#2509=LINE('',#5792,#2849);
#2510=LINE('',#5795,#2850);
#2511=LINE('',#5800,#2851);
#2512=LINE('',#5803,#2852);
#2513=LINE('',#5805,#2853);
#2514=LINE('',#5814,#2854);
#2515=LINE('',#5817,#2855);
#2516=LINE('',#5818,#2856);
#2517=LINE('',#5820,#2857);
#2518=LINE('',#5830,#2858);
#2519=LINE('',#5833,#2859);
#2520=LINE('',#5834,#2860);
#2521=LINE('',#5836,#2861);
#2522=LINE('',#5859,#2862);
#2523=LINE('',#5862,#2863);
#2524=LINE('',#5863,#2864);
#2525=LINE('',#5865,#2865);
#2526=LINE('',#5875,#2866);
#2527=LINE('',#5876,#2867);
#2528=LINE('',#5878,#2868);
#2529=LINE('',#5881,#2869);
#2530=LINE('',#5882,#2870);
#2531=LINE('',#5884,#2871);
#2532=LINE('',#5894,#2872);
#2533=LINE('',#5897,#2873);
#2534=LINE('',#5898,#2874);
#2535=LINE('',#5900,#2875);
#2536=LINE('',#5910,#2876);
#2537=LINE('',#5913,#2877);
#2538=LINE('',#5914,#2878);
#2539=LINE('',#5916,#2879);
#2540=LINE('',#5925,#2880);
#2541=LINE('',#5928,#2881);
#2542=LINE('',#5929,#2882);
#2543=LINE('',#5931,#2883);
#2544=LINE('',#5945,#2884);
#2545=LINE('',#5949,#2885);
#2546=LINE('',#5953,#2886);
#2547=LINE('',#5957,#2887);
#2548=LINE('',#5961,#2888);
#2549=LINE('',#5965,#2889);
#2550=LINE('',#5969,#2890);
#2551=LINE('',#5973,#2891);
#2552=LINE('',#5977,#2892);
#2553=LINE('',#5981,#2893);
#2554=LINE('',#5985,#2894);
#2555=LINE('',#5989,#2895);
#2556=LINE('',#5993,#2896);
#2557=LINE('',#5997,#2897);
#2558=LINE('',#6001,#2898);
#2559=LINE('',#6005,#2899);
#2560=LINE('',#6009,#2900);
#2561=LINE('',#6013,#2901);
#2562=LINE('',#6017,#2902);
#2563=LINE('',#6021,#2903);
#2564=LINE('',#6025,#2904);
#2565=LINE('',#6029,#2905);
#2566=LINE('',#6033,#2906);
#2567=LINE('',#6037,#2907);
#2568=LINE('',#6042,#2908);
#2569=LINE('',#6046,#2909);
#2570=LINE('',#6047,#2910);
#2571=LINE('',#6049,#2911);
#2572=LINE('',#6051,#2912);
#2573=LINE('',#6053,#2913);
#2574=LINE('',#6056,#2914);
#2575=LINE('',#6057,#2915);
#2576=LINE('',#6080,#2916);
#2577=LINE('',#6087,#2917);
#2578=LINE('',#6095,#2918);
#2579=LINE('',#6102,#2919);
#2580=LINE('',#6112,#2920);
#2581=LINE('',#6122,#2921);
#2582=LINE('',#6130,#2922);
#2583=LINE('',#6138,#2923);
#2584=LINE('',#6148,#2924);
#2585=LINE('',#6155,#2925);
#2586=LINE('',#6162,#2926);
#2587=LINE('',#6169,#2927);
#2588=LINE('',#6171,#2928);
#2589=LINE('',#6173,#2929);
#2590=LINE('',#6175,#2930);
#2591=LINE('',#6178,#2931);
#2592=LINE('',#6182,#2932);
#2593=LINE('',#6184,#2933);
#2594=LINE('',#6186,#2934);
#2595=LINE('',#6190,#2935);
#2596=LINE('',#6192,#2936);
#2597=LINE('',#6194,#2937);
#2598=LINE('',#6198,#2938);
#2599=LINE('',#6200,#2939);
#2600=LINE('',#6202,#2940);
#2601=LINE('',#6206,#2941);
#2602=LINE('',#6208,#2942);
#2603=LINE('',#6210,#2943);
#2604=LINE('',#6214,#2944);
#2605=LINE('',#6216,#2945);
#2606=LINE('',#6218,#2946);
#2607=LINE('',#6222,#2947);
#2608=LINE('',#6224,#2948);
#2609=LINE('',#6226,#2949);
#2610=LINE('',#6230,#2950);
#2611=LINE('',#6232,#2951);
#2612=LINE('',#6234,#2952);
#2613=LINE('',#6238,#2953);
#2614=LINE('',#6240,#2954);
#2615=LINE('',#6242,#2955);
#2616=LINE('',#6246,#2956);
#2617=LINE('',#6248,#2957);
#2618=LINE('',#6250,#2958);
#2619=LINE('',#6254,#2959);
#2620=LINE('',#6256,#2960);
#2621=LINE('',#6258,#2961);
#2622=LINE('',#6262,#2962);
#2623=LINE('',#6264,#2963);
#2624=LINE('',#6266,#2964);
#2625=LINE('',#6270,#2965);
#2626=LINE('',#6272,#2966);
#2627=LINE('',#6274,#2967);
#2628=LINE('',#6276,#2968);
#2629=LINE('',#6278,#2969);
#2630=LINE('',#6280,#2970);
#2631=LINE('',#6281,#2971);
#2632=LINE('',#6282,#2972);
#2633=LINE('',#6285,#2973);
#2634=LINE('',#6286,#2974);
#2635=LINE('',#6288,#2975);
#2636=LINE('',#6290,#2976);
#2637=LINE('',#6292,#2977);
#2638=LINE('',#6294,#2978);
#2639=LINE('',#6296,#2979);
#2640=LINE('',#6298,#2980);
#2641=LINE('',#6300,#2981);
#2642=LINE('',#6302,#2982);
#2643=LINE('',#6304,#2983);
#2644=LINE('',#6306,#2984);
#2645=LINE('',#6308,#2985);
#2646=LINE('',#6310,#2986);
#2647=LINE('',#6312,#2987);
#2648=LINE('',#6314,#2988);
#2649=LINE('',#6321,#2989);
#2650=LINE('',#6322,#2990);
#2651=LINE('',#6324,#2991);
#2652=LINE('',#6326,#2992);
#2653=LINE('',#6332,#2993);
#2654=LINE('',#6337,#2994);
#2655=LINE('',#6338,#2995);
#2656=LINE('',#6340,#2996);
#2657=LINE('',#6342,#2997);
#2658=LINE('',#6345,#2998);
#2659=LINE('',#6346,#2999);
#2660=LINE('',#6348,#3000);
#2661=LINE('',#6350,#3001);
#2662=LINE('',#6396,#3002);
#2663=LINE('',#6401,#3003);
#2664=LINE('',#6405,#3004);
#2665=LINE('',#6409,#3005);
#2666=LINE('',#6415,#3006);
#2667=LINE('',#6421,#3007);
#2668=LINE('',#6425,#3008);
#2669=LINE('',#6426,#3009);
#2670=LINE('',#6428,#3010);
#2671=LINE('',#6430,#3011);
#2672=LINE('',#6432,#3012);
#2673=LINE('',#6434,#3013);
#2674=LINE('',#6436,#3014);
#2675=LINE('',#6438,#3015);
#2676=LINE('',#6440,#3016);
#2677=LINE('',#6441,#3017);
#2678=LINE('',#6443,#3018);
#2679=LINE('',#6444,#3019);
#2680=LINE('',#6446,#3020);
#2681=LINE('',#6458,#3021);
#2682=LINE('',#6463,#3022);
#2683=LINE('',#6464,#3023);
#2684=LINE('',#6466,#3024);
#2685=LINE('',#6467,#3025);
#2686=LINE('',#6469,#3026);
#2687=LINE('',#6471,#3027);
#2688=LINE('',#6473,#3028);
#2689=LINE('',#6474,#3029);
#2690=LINE('',#6475,#3030);
#2691=LINE('',#6713,#3031);
#2692=LINE('',#6714,#3032);
#2693=LINE('',#6716,#3033);
#2694=LINE('',#6718,#3034);
#2695=LINE('',#6720,#3035);
#2696=LINE('',#6722,#3036);
#2697=LINE('',#6724,#3037);
#2698=LINE('',#6726,#3038);
#2699=LINE('',#6728,#3039);
#2700=LINE('',#6730,#3040);
#2701=LINE('',#6732,#3041);
#2702=LINE('',#6734,#3042);
#2703=LINE('',#6736,#3043);
#2704=LINE('',#6738,#3044);
#2705=LINE('',#6740,#3045);
#2706=LINE('',#6742,#3046);
#2707=LINE('',#6744,#3047);
#2708=LINE('',#6746,#3048);
#2709=LINE('',#6748,#3049);
#2710=LINE('',#6750,#3050);
#2711=LINE('',#6752,#3051);
#2712=LINE('',#6754,#3052);
#2713=LINE('',#6756,#3053);
#2714=LINE('',#6758,#3054);
#2715=LINE('',#6761,#3055);
#2716=LINE('',#6762,#3056);
#2717=LINE('',#6764,#3057);
#2718=LINE('',#6766,#3058);
#2719=LINE('',#6768,#3059);
#2720=LINE('',#6770,#3060);
#2721=LINE('',#6772,#3061);
#2722=LINE('',#6774,#3062);
#2723=LINE('',#6776,#3063);
#2724=LINE('',#6778,#3064);
#2725=LINE('',#6780,#3065);
#2726=LINE('',#6782,#3066);
#2727=LINE('',#6784,#3067);
#2728=LINE('',#6786,#3068);
#2729=LINE('',#6788,#3069);
#2730=LINE('',#6790,#3070);
#2731=LINE('',#6792,#3071);
#2732=LINE('',#6794,#3072);
#2733=LINE('',#6796,#3073);
#2734=LINE('',#6798,#3074);
#2735=LINE('',#6800,#3075);
#2736=LINE('',#6802,#3076);
#2737=LINE('',#6804,#3077);
#2738=LINE('',#6806,#3078);
#2739=LINE('',#6818,#3079);
#2740=LINE('',#6820,#3080);
#2741=LINE('',#6824,#3081);
#2742=LINE('',#6826,#3082);
#2743=LINE('',#6828,#3083);
#2744=LINE('',#6829,#3084);
#2745=LINE('',#6831,#3085);
#2746=LINE('',#6834,#3086);
#2747=LINE('',#6835,#3087);
#2748=LINE('',#6837,#3088);
#2749=LINE('',#6839,#3089);
#2750=LINE('',#6841,#3090);
#2751=LINE('',#6842,#3091);
#2752=LINE('',#6844,#3092);
#2753=LINE('',#6845,#3093);
#2754=LINE('',#6847,#3094);
#2755=LINE('',#6849,#3095);
#2756=LINE('',#6851,#3096);
#2757=LINE('',#6853,#3097);
#2758=LINE('',#6856,#3098);
#2759=LINE('',#6860,#3099);
#2760=VECTOR('',#4317,1.);
#2761=VECTOR('',#4320,1.);
#2762=VECTOR('',#4325,1.);
#2763=VECTOR('',#4328,1.);
#2764=VECTOR('',#4333,1.);
#2765=VECTOR('',#4334,1.);
#2766=VECTOR('',#4339,1.);
#2767=VECTOR('',#4340,1.);
#2768=VECTOR('',#4341,1.);
#2769=VECTOR('',#4344,1.);
#2770=VECTOR('',#4347,1.);
#2771=VECTOR('',#4350,1.);
#2772=VECTOR('',#4353,1.);
#2773=VECTOR('',#4356,1.);
#2774=VECTOR('',#4361,1.);
#2775=VECTOR('',#4366,1.);
#2776=VECTOR('',#4369,1.);
#2777=VECTOR('',#4372,1.);
#2778=VECTOR('',#4375,1.);
#2779=VECTOR('',#4378,1.);
#2780=VECTOR('',#4379,1.);
#2781=VECTOR('',#4380,1.);
#2782=VECTOR('',#4391,1.);
#2783=VECTOR('',#4394,1.);
#2784=VECTOR('',#4397,1.);
#2785=VECTOR('',#4400,1.);
#2786=VECTOR('',#4403,1.);
#2787=VECTOR('',#4406,1.);
#2788=VECTOR('',#4409,1.);
#2789=VECTOR('',#4412,1.);
#2790=VECTOR('',#4415,1.);
#2791=VECTOR('',#4418,1.);
#2792=VECTOR('',#4421,1.);
#2793=VECTOR('',#4424,1.);
#2794=VECTOR('',#4427,1.);
#2795=VECTOR('',#4430,1.);
#2796=VECTOR('',#4433,1.);
#2797=VECTOR('',#4436,1.);
#2798=VECTOR('',#4445,1.);
#2799=VECTOR('',#4448,1.);
#2800=VECTOR('',#4451,1.);
#2801=VECTOR('',#4454,1.);
#2802=VECTOR('',#4455,1.);
#2803=VECTOR('',#4456,1.);
#2804=VECTOR('',#4457,1.);
#2805=VECTOR('',#4460,1.);
#2806=VECTOR('',#4463,1.);
#2807=VECTOR('',#4464,1.);
#2808=VECTOR('',#4465,1.);
#2809=VECTOR('',#4468,1.);
#2810=VECTOR('',#4469,1.);
#2811=VECTOR('',#4470,1.);
#2812=VECTOR('',#4473,1.);
#2813=VECTOR('',#4474,1.);
#2814=VECTOR('',#4477,1.);
#2815=VECTOR('',#4478,1.);
#2816=VECTOR('',#4479,1.);
#2817=VECTOR('',#4482,1.);
#2818=VECTOR('',#4485,1.);
#2819=VECTOR('',#4488,1.);
#2820=VECTOR('',#4491,1.);
#2821=VECTOR('',#4494,1.);
#2822=VECTOR('',#4497,1.);
#2823=VECTOR('',#4500,1.);
#2824=VECTOR('',#4503,1.);
#2825=VECTOR('',#4506,1.);
#2826=VECTOR('',#4509,1.);
#2827=VECTOR('',#4512,1.);
#2828=VECTOR('',#4515,1.);
#2829=VECTOR('',#4518,1.);
#2830=VECTOR('',#4521,1.);
#2831=VECTOR('',#4524,1.);
#2832=VECTOR('',#4529,1.);
#2833=VECTOR('',#4532,1.);
#2834=VECTOR('',#4535,1.);
#2835=VECTOR('',#4538,1.);
#2836=VECTOR('',#4541,1.);
#2837=VECTOR('',#4544,1.);
#2838=VECTOR('',#4547,1.);
#2839=VECTOR('',#4550,1.);
#2840=VECTOR('',#4553,1.);
#2841=VECTOR('',#4556,1.);
#2842=VECTOR('',#4563,1.);
#2843=VECTOR('',#4564,1.);
#2844=VECTOR('',#4565,1.);
#2845=VECTOR('',#4566,1.);
#2846=VECTOR('',#4571,1.);
#2847=VECTOR('',#4574,1.);
#2848=VECTOR('',#4579,1.);
#2849=VECTOR('',#4580,1.);
#2850=VECTOR('',#4583,1.);
#2851=VECTOR('',#4588,1.);
#2852=VECTOR('',#4591,1.);
#2853=VECTOR('',#4594,1.);
#2854=VECTOR('',#4599,1.);
#2855=VECTOR('',#4600,1.);
#2856=VECTOR('',#4601,1.);
#2857=VECTOR('',#4604,1.);
#2858=VECTOR('',#4609,1.);
#2859=VECTOR('',#4610,1.);
#2860=VECTOR('',#4611,1.);
#2861=VECTOR('',#4614,1.);
#2862=VECTOR('',#4619,1.);
#2863=VECTOR('',#4620,1.);
#2864=VECTOR('',#4621,1.);
#2865=VECTOR('',#4624,1.);
#2866=VECTOR('',#4629,1.);
#2867=VECTOR('',#4630,1.);
#2868=VECTOR('',#4633,1.);
#2869=VECTOR('',#4634,1.);
#2870=VECTOR('',#4635,1.);
#2871=VECTOR('',#4638,1.);
#2872=VECTOR('',#4643,1.);
#2873=VECTOR('',#4644,1.);
#2874=VECTOR('',#4645,1.);
#2875=VECTOR('',#4648,1.);
#2876=VECTOR('',#4653,1.);
#2877=VECTOR('',#4654,1.);
#2878=VECTOR('',#4655,1.);
#2879=VECTOR('',#4658,1.);
#2880=VECTOR('',#4663,1.);
#2881=VECTOR('',#4664,1.);
#2882=VECTOR('',#4665,1.);
#2883=VECTOR('',#4668,1.);
#2884=VECTOR('',#4675,1.);
#2885=VECTOR('',#4678,1.);
#2886=VECTOR('',#4681,1.);
#2887=VECTOR('',#4684,1.);
#2888=VECTOR('',#4687,1.);
#2889=VECTOR('',#4690,1.);
#2890=VECTOR('',#4693,1.);
#2891=VECTOR('',#4696,1.);
#2892=VECTOR('',#4699,1.);
#2893=VECTOR('',#4702,1.);
#2894=VECTOR('',#4705,1.);
#2895=VECTOR('',#4708,1.);
#2896=VECTOR('',#4711,1.);
#2897=VECTOR('',#4714,1.);
#2898=VECTOR('',#4717,1.);
#2899=VECTOR('',#4720,1.);
#2900=VECTOR('',#4723,1.);
#2901=VECTOR('',#4726,1.);
#2902=VECTOR('',#4729,1.);
#2903=VECTOR('',#4732,1.);
#2904=VECTOR('',#4735,1.);
#2905=VECTOR('',#4738,1.);
#2906=VECTOR('',#4741,1.);
#2907=VECTOR('',#4744,1.);
#2908=VECTOR('',#4749,1.);
#2909=VECTOR('',#4752,1.);
#2910=VECTOR('',#4753,1.);
#2911=VECTOR('',#4754,1.);
#2912=VECTOR('',#4755,1.);
#2913=VECTOR('',#4758,1.);
#2914=VECTOR('',#4759,1.);
#2915=VECTOR('',#4760,1.);
#2916=VECTOR('',#4775,1.);
#2917=VECTOR('',#4776,1.);
#2918=VECTOR('',#4777,1.);
#2919=VECTOR('',#4778,1.);
#2920=VECTOR('',#4779,1.);
#2921=VECTOR('',#4780,1.);
#2922=VECTOR('',#4781,1.);
#2923=VECTOR('',#4782,1.);
#2924=VECTOR('',#4783,1.);
#2925=VECTOR('',#4784,1.);
#2926=VECTOR('',#4785,1.);
#2927=VECTOR('',#4786,1.);
#2928=VECTOR('',#4789,1.);
#2929=VECTOR('',#4790,1.);
#2930=VECTOR('',#4791,1.);
#2931=VECTOR('',#4794,1.);
#2932=VECTOR('',#4799,1.);
#2933=VECTOR('',#4802,1.);
#2934=VECTOR('',#4803,1.);
#2935=VECTOR('',#4808,1.);
#2936=VECTOR('',#4811,1.);
#2937=VECTOR('',#4812,1.);
#2938=VECTOR('',#4817,1.);
#2939=VECTOR('',#4820,1.);
#2940=VECTOR('',#4821,1.);
#2941=VECTOR('',#4826,1.);
#2942=VECTOR('',#4829,1.);
#2943=VECTOR('',#4830,1.);
#2944=VECTOR('',#4835,1.);
#2945=VECTOR('',#4838,1.);
#2946=VECTOR('',#4839,1.);
#2947=VECTOR('',#4844,1.);
#2948=VECTOR('',#4847,1.);
#2949=VECTOR('',#4848,1.);
#2950=VECTOR('',#4853,1.);
#2951=VECTOR('',#4856,1.);
#2952=VECTOR('',#4857,1.);
#2953=VECTOR('',#4862,1.);
#2954=VECTOR('',#4865,1.);
#2955=VECTOR('',#4866,1.);
#2956=VECTOR('',#4871,1.);
#2957=VECTOR('',#4874,1.);
#2958=VECTOR('',#4875,1.);
#2959=VECTOR('',#4880,1.);
#2960=VECTOR('',#4883,1.);
#2961=VECTOR('',#4884,1.);
#2962=VECTOR('',#4889,1.);
#2963=VECTOR('',#4892,1.);
#2964=VECTOR('',#4893,1.);
#2965=VECTOR('',#4900,1.);
#2966=VECTOR('',#4903,1.);
#2967=VECTOR('',#4906,1.);
#2968=VECTOR('',#4909,1.);
#2969=VECTOR('',#4912,1.);
#2970=VECTOR('',#4915,1.);
#2971=VECTOR('',#4916,1.);
#2972=VECTOR('',#4917,1.);
#2973=VECTOR('',#4922,1.);
#2974=VECTOR('',#4923,1.);
#2975=VECTOR('',#4926,1.);
#2976=VECTOR('',#4929,1.);
#2977=VECTOR('',#4932,1.);
#2978=VECTOR('',#4935,1.);
#2979=VECTOR('',#4938,1.);
#2980=VECTOR('',#4941,1.);
#2981=VECTOR('',#4944,1.);
#2982=VECTOR('',#4947,1.);
#2983=VECTOR('',#4950,1.);
#2984=VECTOR('',#4953,1.);
#2985=VECTOR('',#4956,1.);
#2986=VECTOR('',#4959,1.);
#2987=VECTOR('',#4962,1.);
#2988=VECTOR('',#4963,1.);
#2989=VECTOR('',#4970,1.);
#2990=VECTOR('',#4971,1.);
#2991=VECTOR('',#4972,1.);
#2992=VECTOR('',#4973,1.);
#2993=VECTOR('',#4978,1.);
#2994=VECTOR('',#4987,1.);
#2995=VECTOR('',#4988,1.);
#2996=VECTOR('',#4991,1.);
#2997=VECTOR('',#4994,1.);
#2998=VECTOR('',#4999,1.);
#2999=VECTOR('',#5000,1.);
#3000=VECTOR('',#5003,1.);
#3001=VECTOR('',#5006,1.);
#3002=VECTOR('',#5071,1.);
#3003=VECTOR('',#5074,1.);
#3004=VECTOR('',#5077,1.);
#3005=VECTOR('',#5080,1.);
#3006=VECTOR('',#5085,1.);
#3007=VECTOR('',#5090,1.);
#3008=VECTOR('',#5093,1.);
#3009=VECTOR('',#5094,1.);
#3010=VECTOR('',#5097,1.);
#3011=VECTOR('',#5098,1.);
#3012=VECTOR('',#5099,1.);
#3013=VECTOR('',#5102,1.);
#3014=VECTOR('',#5103,1.);
#3015=VECTOR('',#5104,1.);
#3016=VECTOR('',#5107,1.);
#3017=VECTOR('',#5108,1.);
#3018=VECTOR('',#5111,1.);
#3019=VECTOR('',#5112,1.);
#3020=VECTOR('',#5115,1.);
#3021=VECTOR('',#5118,1.);
#3022=VECTOR('',#5127,1.);
#3023=VECTOR('',#5128,1.);
#3024=VECTOR('',#5131,1.);
#3025=VECTOR('',#5132,1.);
#3026=VECTOR('',#5135,1.);
#3027=VECTOR('',#5136,1.);
#3028=VECTOR('',#5137,1.);
#3029=VECTOR('',#5138,1.);
#3030=VECTOR('',#5139,1.);
#3031=VECTOR('',#5190,1.);
#3032=VECTOR('',#5191,1.);
#3033=VECTOR('',#5194,1.);
#3034=VECTOR('',#5197,1.);
#3035=VECTOR('',#5200,1.);
#3036=VECTOR('',#5203,1.);
#3037=VECTOR('',#5206,1.);
#3038=VECTOR('',#5209,1.);
#3039=VECTOR('',#5212,1.);
#3040=VECTOR('',#5215,1.);
#3041=VECTOR('',#5218,1.);
#3042=VECTOR('',#5221,1.);
#3043=VECTOR('',#5224,1.);
#3044=VECTOR('',#5227,1.);
#3045=VECTOR('',#5230,1.);
#3046=VECTOR('',#5233,1.);
#3047=VECTOR('',#5236,1.);
#3048=VECTOR('',#5239,1.);
#3049=VECTOR('',#5242,1.);
#3050=VECTOR('',#5245,1.);
#3051=VECTOR('',#5248,1.);
#3052=VECTOR('',#5251,1.);
#3053=VECTOR('',#5254,1.);
#3054=VECTOR('',#5257,1.);
#3055=VECTOR('',#5262,1.);
#3056=VECTOR('',#5263,1.);
#3057=VECTOR('',#5266,1.);
#3058=VECTOR('',#5269,1.);
#3059=VECTOR('',#5272,1.);
#3060=VECTOR('',#5275,1.);
#3061=VECTOR('',#5278,1.);
#3062=VECTOR('',#5281,1.);
#3063=VECTOR('',#5284,1.);
#3064=VECTOR('',#5287,1.);
#3065=VECTOR('',#5290,1.);
#3066=VECTOR('',#5293,1.);
#3067=VECTOR('',#5296,1.);
#3068=VECTOR('',#5299,1.);
#3069=VECTOR('',#5302,1.);
#3070=VECTOR('',#5305,1.);
#3071=VECTOR('',#5308,1.);
#3072=VECTOR('',#5311,1.);
#3073=VECTOR('',#5314,1.);
#3074=VECTOR('',#5317,1.);
#3075=VECTOR('',#5320,1.);
#3076=VECTOR('',#5323,1.);
#3077=VECTOR('',#5326,1.);
#3078=VECTOR('',#5329,1.);
#3079=VECTOR('',#5352,1.);
#3080=VECTOR('',#5355,1.);
#3081=VECTOR('',#5362,1.);
#3082=VECTOR('',#5365,1.);
#3083=VECTOR('',#5368,1.);
#3084=VECTOR('',#5369,1.);
#3085=VECTOR('',#5372,1.);
#3086=VECTOR('',#5373,1.);
#3087=VECTOR('',#5374,1.);
#3088=VECTOR('',#5377,1.);
#3089=VECTOR('',#5378,1.);
#3090=VECTOR('',#5379,1.);
#3091=VECTOR('',#5380,1.);
#3092=VECTOR('',#5383,1.);
#3093=VECTOR('',#5384,1.);
#3094=VECTOR('',#5387,1.);
#3095=VECTOR('',#5390,1.);
#3096=VECTOR('',#5393,1.);
#3097=VECTOR('',#5396,1.);
#3098=VECTOR('',#5401,1.);
#3099=VECTOR('',#5408,1.);
#3100=EDGE_LOOP('',(#391,#392,#393,#394));
#3101=EDGE_LOOP('',(#395,#396,#397,#398));
#3102=EDGE_LOOP('',(#399,#400,#401,#402));
#3103=EDGE_LOOP('',(#403,#404,#405,#406,#407,#408,#409,#410,#411,#412,#413,
#414,#415,#416,#417));
#3104=EDGE_LOOP('',(#418));
#3105=EDGE_LOOP('',(#419,#420,#421,#422,#423,#424,#425,#426,#427,#428,#429,
#430,#431,#432,#433));
#3106=EDGE_LOOP('',(#434));
#3107=EDGE_LOOP('',(#435));
#3108=EDGE_LOOP('',(#436));
#3109=EDGE_LOOP('',(#437,#438,#439,#440,#441,#442,#443,#444,#445,#446,#447,
#448,#449,#450,#451,#452,#453,#454,#455,#456,#457,#458,#459,#460,#461,#462,
#463,#464,#465,#466,#467,#468));
#3110=EDGE_LOOP('',(#469,#470,#471,#472,#473,#474,#475,#476,#477));
#3111=EDGE_LOOP('',(#478,#479,#480,#481));
#3112=EDGE_LOOP('',(#482,#483,#484,#485,#486,#487,#488,#489));
#3113=EDGE_LOOP('',(#490,#491,#492,#493));
#3114=EDGE_LOOP('',(#494,#495,#496,#497));
#3115=EDGE_LOOP('',(#498,#499,#500,#501,#502,#503,#504,#505,#506,#507,#508,
#509,#510,#511,#512,#513,#514,#515,#516,#517,#518,#519,#520,#521,#522,#523,
#524,#525,#526,#527,#528,#529,#530,#531,#532,#533,#534,#535,#536,#537,#538,
#539,#540,#541,#542,#543,#544,#545,#546,#547,#548,#549,#550,#551,#552,#553,
#554,#555));
#3116=EDGE_LOOP('',(#556));
#3117=EDGE_LOOP('',(#557,#558,#559,#560));
#3118=EDGE_LOOP('',(#561,#562,#563,#564));
#3119=EDGE_LOOP('',(#565,#566,#567,#568));
#3120=EDGE_LOOP('',(#569,#570,#571,#572,#573,#574,#575,#576,#577,#578,#579,
#580));
#3121=EDGE_LOOP('',(#581,#582,#583,#584));
#3122=EDGE_LOOP('',(#585,#586,#587,#588));
#3123=EDGE_LOOP('',(#589,#590,#591,#592));
#3124=EDGE_LOOP('',(#593,#594,#595,#596));
#3125=EDGE_LOOP('',(#597,#598,#599,#600));
#3126=EDGE_LOOP('',(#601,#602,#603,#604));
#3127=EDGE_LOOP('',(#605,#606,#607,#608));
#3128=EDGE_LOOP('',(#609,#610,#611,#612));
#3129=EDGE_LOOP('',(#613,#614,#615,#616));
#3130=EDGE_LOOP('',(#617,#618,#619,#620));
#3131=EDGE_LOOP('',(#621,#622,#623,#624));
#3132=EDGE_LOOP('',(#625,#626,#627,#628));
#3133=EDGE_LOOP('',(#629,#630,#631,#632));
#3134=EDGE_LOOP('',(#633,#634,#635,#636));
#3135=EDGE_LOOP('',(#637,#638,#639,#640));
#3136=EDGE_LOOP('',(#641,#642,#643,#644));
#3137=EDGE_LOOP('',(#645,#646,#647,#648,#649,#650,#651,#652,#653,#654,#655,
#656,#657,#658,#659,#660,#661,#662,#663,#664,#665,#666,#667,#668));
#3138=EDGE_LOOP('',(#669,#670,#671,#672,#673,#674,#675,#676,#677,#678,#679,
#680,#681,#682,#683,#684,#685,#686,#687,#688,#689,#690,#691,#692));
#3139=EDGE_LOOP('',(#693,#694,#695,#696));
#3140=EDGE_LOOP('',(#697,#698,#699,#700));
#3141=EDGE_LOOP('',(#701,#702,#703,#704));
#3142=EDGE_LOOP('',(#705,#706,#707,#708));
#3143=EDGE_LOOP('',(#709));
#3144=EDGE_LOOP('',(#710));
#3145=EDGE_LOOP('',(#711));
#3146=EDGE_LOOP('',(#712));
#3147=EDGE_LOOP('',(#713,#714,#715,#716,#717,#718,#719,#720,#721,#722,#723,
#724,#725,#726,#727,#728,#729,#730,#731,#732,#733,#734,#735,#736));
#3148=EDGE_LOOP('',(#737,#738,#739,#740,#741,#742,#743,#744));
#3149=EDGE_LOOP('',(#745,#746,#747,#748));
#3150=EDGE_LOOP('',(#749,#750,#751,#752));
#3151=EDGE_LOOP('',(#753,#754,#755,#756));
#3152=EDGE_LOOP('',(#757,#758,#759,#760));
#3153=EDGE_LOOP('',(#761,#762,#763,#764));
#3154=EDGE_LOOP('',(#765,#766,#767,#768));
#3155=EDGE_LOOP('',(#769,#770,#771,#772));
#3156=EDGE_LOOP('',(#773,#774,#775,#776));
#3157=EDGE_LOOP('',(#777,#778,#779,#780));
#3158=EDGE_LOOP('',(#781,#782,#783,#784));
#3159=EDGE_LOOP('',(#785,#786,#787,#788));
#3160=EDGE_LOOP('',(#789,#790,#791,#792));
#3161=EDGE_LOOP('',(#793,#794,#795,#796));
#3162=EDGE_LOOP('',(#797,#798,#799,#800));
#3163=EDGE_LOOP('',(#801,#802,#803,#804));
#3164=EDGE_LOOP('',(#805,#806,#807,#808));
#3165=EDGE_LOOP('',(#809,#810,#811,#812));
#3166=EDGE_LOOP('',(#813,#814,#815,#816));
#3167=EDGE_LOOP('',(#817,#818,#819,#820));
#3168=EDGE_LOOP('',(#821,#822,#823,#824));
#3169=EDGE_LOOP('',(#825,#826,#827,#828));
#3170=EDGE_LOOP('',(#829,#830,#831,#832));
#3171=EDGE_LOOP('',(#833,#834,#835,#836));
#3172=EDGE_LOOP('',(#837,#838,#839,#840));
#3173=EDGE_LOOP('',(#841,#842,#843,#844));
#3174=EDGE_LOOP('',(#845,#846,#847,#848));
#3175=EDGE_LOOP('',(#849,#850,#851,#852));
#3176=EDGE_LOOP('',(#853,#854,#855,#856));
#3177=EDGE_LOOP('',(#857,#858,#859,#860,#861,#862,#863,#864));
#3178=EDGE_LOOP('',(#865,#866,#867,#868));
#3179=EDGE_LOOP('',(#869,#870,#871,#872));
#3180=EDGE_LOOP('',(#873,#874,#875,#876));
#3181=EDGE_LOOP('',(#877,#878,#879,#880));
#3182=EDGE_LOOP('',(#881,#882,#883,#884));
#3183=EDGE_LOOP('',(#885,#886,#887,#888));
#3184=EDGE_LOOP('',(#889,#890,#891,#892));
#3185=EDGE_LOOP('',(#893,#894,#895,#896));
#3186=EDGE_LOOP('',(#897,#898,#899,#900));
#3187=EDGE_LOOP('',(#901,#902,#903,#904));
#3188=EDGE_LOOP('',(#905,#906,#907,#908));
#3189=EDGE_LOOP('',(#909,#910,#911,#912));
#3190=EDGE_LOOP('',(#913,#914,#915,#916));
#3191=EDGE_LOOP('',(#917,#918,#919,#920));
#3192=EDGE_LOOP('',(#921,#922,#923,#924));
#3193=EDGE_LOOP('',(#925,#926,#927,#928,#929,#930,#931,#932,#933,#934));
#3194=EDGE_LOOP('',(#935,#936,#937,#938,#939,#940));
#3195=EDGE_LOOP('',(#941,#942,#943,#944));
#3196=EDGE_LOOP('',(#945,#946,#947,#948));
#3197=EDGE_LOOP('',(#949,#950,#951,#952));
#3198=EDGE_LOOP('',(#953,#954,#955,#956));
#3199=EDGE_LOOP('',(#957,#958,#959,#960));
#3200=EDGE_LOOP('',(#961,#962,#963,#964));
#3201=EDGE_LOOP('',(#965,#966,#967,#968));
#3202=EDGE_LOOP('',(#969));
#3203=EDGE_LOOP('',(#970));
#3204=EDGE_LOOP('',(#971));
#3205=EDGE_LOOP('',(#972));
#3206=EDGE_LOOP('',(#973));
#3207=EDGE_LOOP('',(#974));
#3208=EDGE_LOOP('',(#975));
#3209=EDGE_LOOP('',(#976));
#3210=EDGE_LOOP('',(#977));
#3211=EDGE_LOOP('',(#978));
#3212=EDGE_LOOP('',(#979));
#3213=EDGE_LOOP('',(#980));
#3214=EDGE_LOOP('',(#981));
#3215=EDGE_LOOP('',(#982));
#3216=EDGE_LOOP('',(#983));
#3217=EDGE_LOOP('',(#984));
#3218=EDGE_LOOP('',(#985));
#3219=EDGE_LOOP('',(#986));
#3220=EDGE_LOOP('',(#987));
#3221=EDGE_LOOP('',(#988));
#3222=EDGE_LOOP('',(#989));
#3223=EDGE_LOOP('',(#990));
#3224=EDGE_LOOP('',(#991));
#3225=EDGE_LOOP('',(#992));
#3226=EDGE_LOOP('',(#993));
#3227=EDGE_LOOP('',(#994));
#3228=EDGE_LOOP('',(#995));
#3229=EDGE_LOOP('',(#996));
#3230=EDGE_LOOP('',(#997));
#3231=EDGE_LOOP('',(#998));
#3232=EDGE_LOOP('',(#999));
#3233=EDGE_LOOP('',(#1000,#1001,#1002,#1003,#1004,#1005,#1006,#1007,#1008,
#1009,#1010,#1011,#1012,#1013,#1014,#1015,#1016));
#3234=EDGE_LOOP('',(#1017,#1018,#1019,#1020));
#3235=EDGE_LOOP('',(#1021,#1022,#1023,#1024));
#3236=EDGE_LOOP('',(#1025,#1026,#1027,#1028));
#3237=EDGE_LOOP('',(#1029,#1030,#1031,#1032,#1033,#1034));
#3238=EDGE_LOOP('',(#1035,#1036,#1037,#1038,#1039,#1040,#1041));
#3239=EDGE_LOOP('',(#1042,#1043,#1044,#1045,#1046,#1047,#1048,#1049,#1050));
#3240=EDGE_LOOP('',(#1051,#1052,#1053,#1054,#1055));
#3241=EDGE_LOOP('',(#1056,#1057,#1058,#1059));
#3242=EDGE_LOOP('',(#1060,#1061,#1062,#1063,#1064,#1065,#1066,#1067));
#3243=EDGE_LOOP('',(#1068,#1069,#1070,#1071));
#3244=EDGE_LOOP('',(#1072,#1073,#1074,#1075));
#3245=EDGE_LOOP('',(#1076,#1077,#1078,#1079));
#3246=EDGE_LOOP('',(#1080,#1081,#1082,#1083));
#3247=EDGE_LOOP('',(#1084,#1085,#1086,#1087));
#3248=EDGE_LOOP('',(#1088,#1089,#1090,#1091));
#3249=EDGE_LOOP('',(#1092,#1093,#1094,#1095));
#3250=EDGE_LOOP('',(#1096,#1097,#1098,#1099));
#3251=EDGE_LOOP('',(#1100,#1101,#1102,#1103));
#3252=EDGE_LOOP('',(#1104,#1105,#1106,#1107));
#3253=EDGE_LOOP('',(#1108,#1109,#1110,#1111));
#3254=EDGE_LOOP('',(#1112,#1113,#1114,#1115));
#3255=EDGE_LOOP('',(#1116,#1117,#1118,#1119));
#3256=EDGE_LOOP('',(#1120,#1121,#1122,#1123));
#3257=EDGE_LOOP('',(#1124,#1125,#1126,#1127));
#3258=EDGE_LOOP('',(#1128,#1129,#1130,#1131));
#3259=EDGE_LOOP('',(#1132,#1133,#1134,#1135));
#3260=EDGE_LOOP('',(#1136,#1137,#1138,#1139));
#3261=EDGE_LOOP('',(#1140,#1141,#1142,#1143));
#3262=EDGE_LOOP('',(#1144,#1145,#1146,#1147));
#3263=EDGE_LOOP('',(#1148,#1149,#1150,#1151));
#3264=EDGE_LOOP('',(#1152,#1153,#1154,#1155));
#3265=EDGE_LOOP('',(#1156,#1157,#1158,#1159));
#3266=EDGE_LOOP('',(#1160,#1161,#1162,#1163));
#3267=EDGE_LOOP('',(#1164));
#3268=EDGE_LOOP('',(#1165));
#3269=EDGE_LOOP('',(#1166));
#3270=EDGE_LOOP('',(#1167));
#3271=EDGE_LOOP('',(#1168));
#3272=EDGE_LOOP('',(#1169));
#3273=EDGE_LOOP('',(#1170));
#3274=EDGE_LOOP('',(#1171));
#3275=EDGE_LOOP('',(#1172));
#3276=EDGE_LOOP('',(#1173));
#3277=EDGE_LOOP('',(#1174));
#3278=EDGE_LOOP('',(#1175));
#3279=EDGE_LOOP('',(#1176,#1177,#1178,#1179));
#3280=EDGE_LOOP('',(#1180,#1181,#1182,#1183));
#3281=EDGE_LOOP('',(#1184,#1185,#1186,#1187));
#3282=EDGE_LOOP('',(#1188,#1189,#1190,#1191));
#3283=EDGE_LOOP('',(#1192,#1193,#1194,#1195));
#3284=EDGE_LOOP('',(#1196,#1197,#1198,#1199));
#3285=EDGE_LOOP('',(#1200,#1201,#1202,#1203));
#3286=EDGE_LOOP('',(#1204,#1205,#1206,#1207));
#3287=EDGE_LOOP('',(#1208,#1209,#1210,#1211));
#3288=EDGE_LOOP('',(#1212,#1213,#1214,#1215));
#3289=EDGE_LOOP('',(#1216,#1217,#1218,#1219));
#3290=EDGE_LOOP('',(#1220,#1221,#1222,#1223));
#3291=EDGE_LOOP('',(#1224,#1225,#1226,#1227));
#3292=EDGE_LOOP('',(#1228,#1229,#1230,#1231));
#3293=EDGE_LOOP('',(#1232,#1233,#1234,#1235));
#3294=EDGE_LOOP('',(#1236,#1237,#1238,#1239));
#3295=EDGE_LOOP('',(#1240,#1241,#1242,#1243));
#3296=EDGE_LOOP('',(#1244,#1245,#1246,#1247));
#3297=EDGE_LOOP('',(#1248,#1249,#1250,#1251));
#3298=EDGE_LOOP('',(#1252,#1253,#1254,#1255));
#3299=EDGE_LOOP('',(#1256,#1257,#1258,#1259));
#3300=EDGE_LOOP('',(#1260,#1261,#1262,#1263));
#3301=EDGE_LOOP('',(#1264,#1265,#1266,#1267));
#3302=EDGE_LOOP('',(#1268,#1269,#1270,#1271));
#3303=EDGE_LOOP('',(#1272,#1273,#1274,#1275));
#3304=EDGE_LOOP('',(#1276,#1277,#1278,#1279));
#3305=EDGE_LOOP('',(#1280,#1281,#1282,#1283));
#3306=EDGE_LOOP('',(#1284,#1285,#1286,#1287));
#3307=EDGE_LOOP('',(#1288,#1289,#1290,#1291));
#3308=EDGE_LOOP('',(#1292,#1293,#1294,#1295));
#3309=EDGE_LOOP('',(#1296,#1297,#1298,#1299));
#3310=EDGE_LOOP('',(#1300,#1301,#1302,#1303));
#3311=EDGE_LOOP('',(#1304,#1305,#1306,#1307));
#3312=EDGE_LOOP('',(#1308,#1309,#1310,#1311));
#3313=EDGE_LOOP('',(#1312,#1313,#1314,#1315));
#3314=EDGE_LOOP('',(#1316,#1317,#1318,#1319));
#3315=EDGE_LOOP('',(#1320,#1321,#1322,#1323));
#3316=EDGE_LOOP('',(#1324,#1325,#1326,#1327));
#3317=EDGE_LOOP('',(#1328,#1329,#1330,#1331));
#3318=EDGE_LOOP('',(#1332,#1333,#1334,#1335));
#3319=EDGE_LOOP('',(#1336,#1337,#1338,#1339));
#3320=EDGE_LOOP('',(#1340,#1341,#1342,#1343));
#3321=EDGE_LOOP('',(#1344,#1345,#1346,#1347));
#3322=EDGE_LOOP('',(#1348,#1349,#1350,#1351));
#3323=EDGE_LOOP('',(#1352,#1353,#1354,#1355));
#3324=EDGE_LOOP('',(#1356,#1357,#1358,#1359));
#3325=EDGE_LOOP('',(#1360,#1361,#1362,#1363));
#3326=EDGE_LOOP('',(#1364,#1365,#1366,#1367));
#3327=EDGE_LOOP('',(#1368,#1369,#1370,#1371));
#3328=EDGE_LOOP('',(#1372,#1373,#1374,#1375,#1376));
#3329=EDGE_LOOP('',(#1377,#1378,#1379,#1380,#1381,#1382));
#3330=EDGE_LOOP('',(#1383,#1384,#1385,#1386));
#3331=EDGE_LOOP('',(#1387,#1388,#1389,#1390));
#3332=EDGE_LOOP('',(#1391,#1392,#1393,#1394));
#3333=EDGE_LOOP('',(#1395,#1396,#1397,#1398,#1399,#1400));
#3334=EDGE_LOOP('',(#1401,#1402,#1403,#1404));
#3335=EDGE_LOOP('',(#1405,#1406,#1407,#1408));
#3336=EDGE_LOOP('',(#1409,#1410,#1411,#1412));
#3337=EDGE_LOOP('',(#1413,#1414,#1415,#1416));
#3338=EDGE_LOOP('',(#1417,#1418,#1419,#1420));
#3339=EDGE_LOOP('',(#1421,#1422,#1423,#1424));
#3340=EDGE_LOOP('',(#1425,#1426,#1427,#1428));
#3341=EDGE_LOOP('',(#1429,#1430,#1431,#1432));
#3342=EDGE_LOOP('',(#1433,#1434,#1435,#1436));
#3343=EDGE_LOOP('',(#1437,#1438,#1439,#1440));
#3344=EDGE_LOOP('',(#1441,#1442,#1443,#1444,#1445,#1446));
#3345=EDGE_LOOP('',(#1447,#1448,#1449,#1450));
#3346=EDGE_LOOP('',(#1451,#1452,#1453,#1454));
#3347=EDGE_LOOP('',(#1455,#1456,#1457,#1458));
#3348=EDGE_LOOP('',(#1459,#1460,#1461,#1462));
#3349=EDGE_LOOP('',(#1463,#1464,#1465,#1466));
#3350=EDGE_LOOP('',(#1467,#1468,#1469,#1470));
#3351=EDGE_LOOP('',(#1471,#1472,#1473,#1474,#1475,#1476));
#3352=EDGE_LOOP('',(#1477,#1478,#1479,#1480));
#3353=EDGE_LOOP('',(#1481,#1482,#1483,#1484));
#3354=EDGE_LOOP('',(#1485,#1486,#1487,#1488));
#3355=EDGE_LOOP('',(#1489,#1490,#1491,#1492));
#3356=EDGE_LOOP('',(#1493,#1494,#1495,#1496));
#3357=EDGE_LOOP('',(#1497,#1498,#1499,#1500,#1501,#1502));
#3358=EDGE_LOOP('',(#1503,#1504,#1505,#1506));
#3359=FACE_BOUND('',#3100,.T.);
#3360=FACE_BOUND('',#3101,.T.);
#3361=FACE_BOUND('',#3102,.T.);
#3362=FACE_BOUND('',#3103,.T.);
#3363=FACE_BOUND('',#3104,.T.);
#3364=FACE_BOUND('',#3105,.T.);
#3365=FACE_BOUND('',#3106,.T.);
#3366=FACE_BOUND('',#3107,.T.);
#3367=FACE_BOUND('',#3108,.T.);
#3368=FACE_BOUND('',#3109,.T.);
#3369=FACE_BOUND('',#3110,.T.);
#3370=FACE_BOUND('',#3111,.T.);
#3371=FACE_BOUND('',#3112,.T.);
#3372=FACE_BOUND('',#3113,.T.);
#3373=FACE_BOUND('',#3114,.T.);
#3374=FACE_BOUND('',#3115,.T.);
#3375=FACE_BOUND('',#3116,.T.);
#3376=FACE_BOUND('',#3117,.T.);
#3377=FACE_BOUND('',#3118,.T.);
#3378=FACE_BOUND('',#3119,.T.);
#3379=FACE_BOUND('',#3120,.T.);
#3380=FACE_BOUND('',#3121,.T.);
#3381=FACE_BOUND('',#3122,.T.);
#3382=FACE_BOUND('',#3123,.T.);
#3383=FACE_BOUND('',#3124,.T.);
#3384=FACE_BOUND('',#3125,.T.);
#3385=FACE_BOUND('',#3126,.T.);
#3386=FACE_BOUND('',#3127,.T.);
#3387=FACE_BOUND('',#3128,.T.);
#3388=FACE_BOUND('',#3129,.T.);
#3389=FACE_BOUND('',#3130,.T.);
#3390=FACE_BOUND('',#3131,.T.);
#3391=FACE_BOUND('',#3132,.T.);
#3392=FACE_BOUND('',#3133,.T.);
#3393=FACE_BOUND('',#3134,.T.);
#3394=FACE_BOUND('',#3135,.T.);
#3395=FACE_BOUND('',#3136,.T.);
#3396=FACE_BOUND('',#3137,.T.);
#3397=FACE_BOUND('',#3138,.T.);
#3398=FACE_BOUND('',#3139,.T.);
#3399=FACE_BOUND('',#3140,.T.);
#3400=FACE_BOUND('',#3141,.T.);
#3401=FACE_BOUND('',#3142,.T.);
#3402=FACE_BOUND('',#3143,.T.);
#3403=FACE_BOUND('',#3144,.T.);
#3404=FACE_BOUND('',#3145,.T.);
#3405=FACE_BOUND('',#3146,.T.);
#3406=FACE_BOUND('',#3147,.T.);
#3407=FACE_BOUND('',#3148,.T.);
#3408=FACE_BOUND('',#3149,.T.);
#3409=FACE_BOUND('',#3150,.T.);
#3410=FACE_BOUND('',#3151,.T.);
#3411=FACE_BOUND('',#3152,.T.);
#3412=FACE_BOUND('',#3153,.T.);
#3413=FACE_BOUND('',#3154,.T.);
#3414=FACE_BOUND('',#3155,.T.);
#3415=FACE_BOUND('',#3156,.T.);
#3416=FACE_BOUND('',#3157,.T.);
#3417=FACE_BOUND('',#3158,.T.);
#3418=FACE_BOUND('',#3159,.T.);
#3419=FACE_BOUND('',#3160,.T.);
#3420=FACE_BOUND('',#3161,.T.);
#3421=FACE_BOUND('',#3162,.T.);
#3422=FACE_BOUND('',#3163,.T.);
#3423=FACE_BOUND('',#3164,.T.);
#3424=FACE_BOUND('',#3165,.T.);
#3425=FACE_BOUND('',#3166,.T.);
#3426=FACE_BOUND('',#3167,.T.);
#3427=FACE_BOUND('',#3168,.T.);
#3428=FACE_BOUND('',#3169,.T.);
#3429=FACE_BOUND('',#3170,.T.);
#3430=FACE_BOUND('',#3171,.T.);
#3431=FACE_BOUND('',#3172,.T.);
#3432=FACE_BOUND('',#3173,.T.);
#3433=FACE_BOUND('',#3174,.T.);
#3434=FACE_BOUND('',#3175,.T.);
#3435=FACE_BOUND('',#3176,.T.);
#3436=FACE_BOUND('',#3177,.T.);
#3437=FACE_BOUND('',#3178,.T.);
#3438=FACE_BOUND('',#3179,.T.);
#3439=FACE_BOUND('',#3180,.T.);
#3440=FACE_BOUND('',#3181,.T.);
#3441=FACE_BOUND('',#3182,.T.);
#3442=FACE_BOUND('',#3183,.T.);
#3443=FACE_BOUND('',#3184,.T.);
#3444=FACE_BOUND('',#3185,.T.);
#3445=FACE_BOUND('',#3186,.T.);
#3446=FACE_BOUND('',#3187,.T.);
#3447=FACE_BOUND('',#3188,.T.);
#3448=FACE_BOUND('',#3189,.T.);
#3449=FACE_BOUND('',#3190,.T.);
#3450=FACE_BOUND('',#3191,.T.);
#3451=FACE_BOUND('',#3192,.T.);
#3452=FACE_BOUND('',#3193,.T.);
#3453=FACE_BOUND('',#3194,.T.);
#3454=FACE_BOUND('',#3195,.T.);
#3455=FACE_BOUND('',#3196,.T.);
#3456=FACE_BOUND('',#3197,.T.);
#3457=FACE_BOUND('',#3198,.T.);
#3458=FACE_BOUND('',#3199,.T.);
#3459=FACE_BOUND('',#3200,.T.);
#3460=FACE_BOUND('',#3201,.T.);
#3461=FACE_BOUND('',#3202,.T.);
#3462=FACE_BOUND('',#3203,.T.);
#3463=FACE_BOUND('',#3204,.T.);
#3464=FACE_BOUND('',#3205,.T.);
#3465=FACE_BOUND('',#3206,.T.);
#3466=FACE_BOUND('',#3207,.T.);
#3467=FACE_BOUND('',#3208,.T.);
#3468=FACE_BOUND('',#3209,.T.);
#3469=FACE_BOUND('',#3210,.T.);
#3470=FACE_BOUND('',#3211,.T.);
#3471=FACE_BOUND('',#3212,.T.);
#3472=FACE_BOUND('',#3213,.T.);
#3473=FACE_BOUND('',#3214,.T.);
#3474=FACE_BOUND('',#3215,.T.);
#3475=FACE_BOUND('',#3216,.T.);
#3476=FACE_BOUND('',#3217,.T.);
#3477=FACE_BOUND('',#3218,.T.);
#3478=FACE_BOUND('',#3219,.T.);
#3479=FACE_BOUND('',#3220,.T.);
#3480=FACE_BOUND('',#3221,.T.);
#3481=FACE_BOUND('',#3222,.T.);
#3482=FACE_BOUND('',#3223,.T.);
#3483=FACE_BOUND('',#3224,.T.);
#3484=FACE_BOUND('',#3225,.T.);
#3485=FACE_BOUND('',#3226,.T.);
#3486=FACE_BOUND('',#3227,.T.);
#3487=FACE_BOUND('',#3228,.T.);
#3488=FACE_BOUND('',#3229,.T.);
#3489=FACE_BOUND('',#3230,.T.);
#3490=FACE_BOUND('',#3231,.T.);
#3491=FACE_BOUND('',#3232,.T.);
#3492=FACE_BOUND('',#3233,.T.);
#3493=FACE_BOUND('',#3234,.T.);
#3494=FACE_BOUND('',#3235,.T.);
#3495=FACE_BOUND('',#3236,.T.);
#3496=FACE_BOUND('',#3237,.T.);
#3497=FACE_BOUND('',#3238,.T.);
#3498=FACE_BOUND('',#3239,.T.);
#3499=FACE_BOUND('',#3240,.T.);
#3500=FACE_BOUND('',#3241,.T.);
#3501=FACE_BOUND('',#3242,.T.);
#3502=FACE_BOUND('',#3243,.T.);
#3503=FACE_BOUND('',#3244,.T.);
#3504=FACE_BOUND('',#3245,.T.);
#3505=FACE_BOUND('',#3246,.T.);
#3506=FACE_BOUND('',#3247,.T.);
#3507=FACE_BOUND('',#3248,.T.);
#3508=FACE_BOUND('',#3249,.T.);
#3509=FACE_BOUND('',#3250,.T.);
#3510=FACE_BOUND('',#3251,.T.);
#3511=FACE_BOUND('',#3252,.T.);
#3512=FACE_BOUND('',#3253,.T.);
#3513=FACE_BOUND('',#3254,.T.);
#3514=FACE_BOUND('',#3255,.T.);
#3515=FACE_BOUND('',#3256,.T.);
#3516=FACE_BOUND('',#3257,.T.);
#3517=FACE_BOUND('',#3258,.T.);
#3518=FACE_BOUND('',#3259,.T.);
#3519=FACE_BOUND('',#3260,.T.);
#3520=FACE_BOUND('',#3261,.T.);
#3521=FACE_BOUND('',#3262,.T.);
#3522=FACE_BOUND('',#3263,.T.);
#3523=FACE_BOUND('',#3264,.T.);
#3524=FACE_BOUND('',#3265,.T.);
#3525=FACE_BOUND('',#3266,.T.);
#3526=FACE_BOUND('',#3267,.T.);
#3527=FACE_BOUND('',#3268,.T.);
#3528=FACE_BOUND('',#3269,.T.);
#3529=FACE_BOUND('',#3270,.T.);
#3530=FACE_BOUND('',#3271,.T.);
#3531=FACE_BOUND('',#3272,.T.);
#3532=FACE_BOUND('',#3273,.T.);
#3533=FACE_BOUND('',#3274,.T.);
#3534=FACE_BOUND('',#3275,.T.);
#3535=FACE_BOUND('',#3276,.T.);
#3536=FACE_BOUND('',#3277,.T.);
#3537=FACE_BOUND('',#3278,.T.);
#3538=FACE_BOUND('',#3279,.T.);
#3539=FACE_BOUND('',#3280,.T.);
#3540=FACE_BOUND('',#3281,.T.);
#3541=FACE_BOUND('',#3282,.T.);
#3542=FACE_BOUND('',#3283,.T.);
#3543=FACE_BOUND('',#3284,.T.);
#3544=FACE_BOUND('',#3285,.T.);
#3545=FACE_BOUND('',#3286,.T.);
#3546=FACE_BOUND('',#3287,.T.);
#3547=FACE_BOUND('',#3288,.T.);
#3548=FACE_BOUND('',#3289,.T.);
#3549=FACE_BOUND('',#3290,.T.);
#3550=FACE_BOUND('',#3291,.T.);
#3551=FACE_BOUND('',#3292,.T.);
#3552=FACE_BOUND('',#3293,.T.);
#3553=FACE_BOUND('',#3294,.T.);
#3554=FACE_BOUND('',#3295,.T.);
#3555=FACE_BOUND('',#3296,.T.);
#3556=FACE_BOUND('',#3297,.T.);
#3557=FACE_BOUND('',#3298,.T.);
#3558=FACE_BOUND('',#3299,.T.);
#3559=FACE_BOUND('',#3300,.T.);
#3560=FACE_BOUND('',#3301,.T.);
#3561=FACE_BOUND('',#3302,.T.);
#3562=FACE_BOUND('',#3303,.T.);
#3563=FACE_BOUND('',#3304,.T.);
#3564=FACE_BOUND('',#3305,.T.);
#3565=FACE_BOUND('',#3306,.T.);
#3566=FACE_BOUND('',#3307,.T.);
#3567=FACE_BOUND('',#3308,.T.);
#3568=FACE_BOUND('',#3309,.T.);
#3569=FACE_BOUND('',#3310,.T.);
#3570=FACE_BOUND('',#3311,.T.);
#3571=FACE_BOUND('',#3312,.T.);
#3572=FACE_BOUND('',#3313,.T.);
#3573=FACE_BOUND('',#3314,.T.);
#3574=FACE_BOUND('',#3315,.T.);
#3575=FACE_BOUND('',#3316,.T.);
#3576=FACE_BOUND('',#3317,.T.);
#3577=FACE_BOUND('',#3318,.T.);
#3578=FACE_BOUND('',#3319,.T.);
#3579=FACE_BOUND('',#3320,.T.);
#3580=FACE_BOUND('',#3321,.T.);
#3581=FACE_BOUND('',#3322,.T.);
#3582=FACE_BOUND('',#3323,.T.);
#3583=FACE_BOUND('',#3324,.T.);
#3584=FACE_BOUND('',#3325,.T.);
#3585=FACE_BOUND('',#3326,.T.);
#3586=FACE_BOUND('',#3327,.T.);
#3587=FACE_BOUND('',#3328,.T.);
#3588=FACE_BOUND('',#3329,.T.);
#3589=FACE_BOUND('',#3330,.T.);
#3590=FACE_BOUND('',#3331,.T.);
#3591=FACE_BOUND('',#3332,.T.);
#3592=FACE_BOUND('',#3333,.T.);
#3593=FACE_BOUND('',#3334,.T.);
#3594=FACE_BOUND('',#3335,.T.);
#3595=FACE_BOUND('',#3336,.T.);
#3596=FACE_BOUND('',#3337,.T.);
#3597=FACE_BOUND('',#3338,.T.);
#3598=FACE_BOUND('',#3339,.T.);
#3599=FACE_BOUND('',#3340,.T.);
#3600=FACE_BOUND('',#3341,.T.);
#3601=FACE_BOUND('',#3342,.T.);
#3602=FACE_BOUND('',#3343,.T.);
#3603=FACE_BOUND('',#3344,.T.);
#3604=FACE_BOUND('',#3345,.T.);
#3605=FACE_BOUND('',#3346,.T.);
#3606=FACE_BOUND('',#3347,.T.);
#3607=FACE_BOUND('',#3348,.T.);
#3608=FACE_BOUND('',#3349,.T.);
#3609=FACE_BOUND('',#3350,.T.);
#3610=FACE_BOUND('',#3351,.T.);
#3611=FACE_BOUND('',#3352,.T.);
#3612=FACE_BOUND('',#3353,.T.);
#3613=FACE_BOUND('',#3354,.T.);
#3614=FACE_BOUND('',#3355,.T.);
#3615=FACE_BOUND('',#3356,.T.);
#3616=FACE_BOUND('',#3357,.T.);
#3617=FACE_BOUND('',#3358,.T.);
#3618=CYLINDRICAL_SURFACE('',#3930,0.00125);
#3619=CYLINDRICAL_SURFACE('',#3933,0.00125);
#3620=CYLINDRICAL_SURFACE('',#3973,0.003);
#3621=CYLINDRICAL_SURFACE('',#3979,0.0085);
#3622=CYLINDRICAL_SURFACE('',#4013,0.0085);
#3623=CYLINDRICAL_SURFACE('',#4015,0.0085);
#3624=CYLINDRICAL_SURFACE('',#4022,0.00149999999999996);
#3625=CYLINDRICAL_SURFACE('',#4025,0.0085);
#3626=CYLINDRICAL_SURFACE('',#4028,0.0085);
#3627=CYLINDRICAL_SURFACE('',#4031,0.00149999999999998);
#3628=CYLINDRICAL_SURFACE('',#4035,0.00149999999999998);
#3629=CYLINDRICAL_SURFACE('',#4038,0.0085);
#3630=CYLINDRICAL_SURFACE('',#4041,0.00149999999999994);
#3631=CYLINDRICAL_SURFACE('',#4044,0.0085);
#3632=CYLINDRICAL_SURFACE('',#4075,0.00850000000000022);
#3633=CYLINDRICAL_SURFACE('',#4084,0.00515);
#3634=CYLINDRICAL_SURFACE('',#4087,0.00485);
#3635=CYLINDRICAL_SURFACE('',#4090,0.00515);
#3636=CYLINDRICAL_SURFACE('',#4093,0.00515);
#3637=CYLINDRICAL_SURFACE('',#4096,0.00485);
#3638=CYLINDRICAL_SURFACE('',#4099,0.00515);
#3639=CYLINDRICAL_SURFACE('',#4102,0.00515);
#3640=CYLINDRICAL_SURFACE('',#4105,0.00485);
#3641=CYLINDRICAL_SURFACE('',#4108,0.00515);
#3642=CYLINDRICAL_SURFACE('',#4111,0.00484999999999972);
#3643=CYLINDRICAL_SURFACE('',#4114,0.00515);
#3644=CYLINDRICAL_SURFACE('',#4117,0.00515000000000021);
#3645=CYLINDRICAL_SURFACE('',#4119,0.00310000000000015);
#3646=CYLINDRICAL_SURFACE('',#4121,0.0031);
#3647=CYLINDRICAL_SURFACE('',#4123,0.00689999999999982);
#3648=CYLINDRICAL_SURFACE('',#4125,0.0031);
#3649=CYLINDRICAL_SURFACE('',#4127,0.0031);
#3650=CYLINDRICAL_SURFACE('',#4129,0.0031);
#3651=CYLINDRICAL_SURFACE('',#4131,0.0069);
#3652=CYLINDRICAL_SURFACE('',#4133,0.0031);
#3653=CYLINDRICAL_SURFACE('',#4135,0.0031);
#3654=CYLINDRICAL_SURFACE('',#4137,0.0069);
#3655=CYLINDRICAL_SURFACE('',#4145,0.003);
#3656=CYLINDRICAL_SURFACE('',#4171,0.0015);
#3657=CYLINDRICAL_SURFACE('',#4174,0.0015);
#3658=CYLINDRICAL_SURFACE('',#4177,0.0015);
#3659=CYLINDRICAL_SURFACE('',#4180,0.0015);
#3660=CYLINDRICAL_SURFACE('',#4183,0.0015);
#3661=CYLINDRICAL_SURFACE('',#4199,0.00415);
#3662=CYLINDRICAL_SURFACE('',#4219,0.00525);
#3663=CYLINDRICAL_SURFACE('',#4222,0.00525);
#3664=CYLINDRICAL_SURFACE('',#4225,0.00525);
#3665=CYLINDRICAL_SURFACE('',#4228,0.00525);
#3666=CYLINDRICAL_SURFACE('',#4279,0.0025);
#3667=CYLINDRICAL_SURFACE('',#4280,0.0025);
#3668=CYLINDRICAL_SURFACE('',#4281,0.0025);
#3669=CYLINDRICAL_SURFACE('',#4282,0.0025);
#3670=CYLINDRICAL_SURFACE('',#4283,0.005);
#3671=CYLINDRICAL_SURFACE('',#4284,0.005);
#3672=CYLINDRICAL_SURFACE('',#4285,0.002);
#3673=CYLINDRICAL_SURFACE('',#4286,0.002);
#3674=CYLINDRICAL_SURFACE('',#4287,0.002);
#3675=CYLINDRICAL_SURFACE('',#4288,0.002);
#3676=CYLINDRICAL_SURFACE('',#4289,0.002);
#3677=CYLINDRICAL_SURFACE('',#4290,0.001);
#3678=CYLINDRICAL_SURFACE('',#4291,0.001);
#3679=CYLINDRICAL_SURFACE('',#4298,0.0075);
#3680=CYLINDRICAL_SURFACE('',#4300,0.0025);
#3681=CYLINDRICAL_SURFACE('',#4306,0.0005);
#3682=CYLINDRICAL_SURFACE('',#4307,0.0005);
#3683=CYLINDRICAL_SURFACE('',#4308,0.0005);
#3684=CYLINDRICAL_SURFACE('',#4309,0.001);
#3685=CYLINDRICAL_SURFACE('',#4310,0.001);
#3686=CYLINDRICAL_SURFACE('',#4311,0.001);
#3687=ADVANCED_FACE('',(#3359),#3618,.T.);
#3688=ADVANCED_FACE('',(#3360),#3619,.T.);
#3689=ADVANCED_FACE('',(#3361,#3362),#112,.T.);
#3690=ADVANCED_FACE('',(#3363,#3364),#113,.T.);
#3691=ADVANCED_FACE('',(#3365,#3366,#3367,#3368),#114,.T.);
#3692=ADVANCED_FACE('',(#3369),#3620,.F.);
#3693=ADVANCED_FACE('',(#3370),#115,.F.);
#3694=ADVANCED_FACE('',(#3371),#3621,.T.);
#3695=ADVANCED_FACE('',(#3372),#116,.T.);
#3696=ADVANCED_FACE('',(#3373),#117,.T.);
#3697=ADVANCED_FACE('',(#3374,#3375),#118,.T.);
#3698=ADVANCED_FACE('',(#3376),#119,.F.);
#3699=ADVANCED_FACE('',(#3377),#3622,.T.);
#3700=ADVANCED_FACE('',(#3378),#3623,.T.);
#3701=ADVANCED_FACE('',(#3379),#120,.F.);
#3702=ADVANCED_FACE('',(#3380),#3624,.F.);
#3703=ADVANCED_FACE('',(#3381),#121,.F.);
#3704=ADVANCED_FACE('',(#3382),#3625,.T.);
#3705=ADVANCED_FACE('',(#3383),#122,.F.);
#3706=ADVANCED_FACE('',(#3384),#3626,.T.);
#3707=ADVANCED_FACE('',(#3385),#123,.F.);
#3708=ADVANCED_FACE('',(#3386),#3627,.F.);
#3709=ADVANCED_FACE('',(#3387),#124,.F.);
#3710=ADVANCED_FACE('',(#3388),#125,.F.);
#3711=ADVANCED_FACE('',(#3389),#3628,.F.);
#3712=ADVANCED_FACE('',(#3390),#126,.F.);
#3713=ADVANCED_FACE('',(#3391),#3629,.T.);
#3714=ADVANCED_FACE('',(#3392),#127,.F.);
#3715=ADVANCED_FACE('',(#3393),#3630,.F.);
#3716=ADVANCED_FACE('',(#3394),#128,.F.);
#3717=ADVANCED_FACE('',(#3395),#3631,.T.);
#3718=ADVANCED_FACE('',(#3396,#3397),#129,.T.);
#3719=ADVANCED_FACE('',(#3398,#3399),#130,.F.);
#3720=ADVANCED_FACE('',(#3400),#131,.F.);
#3721=ADVANCED_FACE('',(#3401),#3632,.T.);
#3722=ADVANCED_FACE('',(#3402,#3403,#3404,#3405,#3406),#132,.T.);
#3723=ADVANCED_FACE('',(#3407),#133,.T.);
#3724=ADVANCED_FACE('',(#3408),#3633,.F.);
#3725=ADVANCED_FACE('',(#3409),#134,.T.);
#3726=ADVANCED_FACE('',(#3410),#3634,.T.);
#3727=ADVANCED_FACE('',(#3411),#135,.T.);
#3728=ADVANCED_FACE('',(#3412),#3635,.F.);
#3729=ADVANCED_FACE('',(#3413),#136,.T.);
#3730=ADVANCED_FACE('',(#3414),#3636,.F.);
#3731=ADVANCED_FACE('',(#3415),#137,.T.);
#3732=ADVANCED_FACE('',(#3416),#3637,.T.);
#3733=ADVANCED_FACE('',(#3417),#138,.T.);
#3734=ADVANCED_FACE('',(#3418),#3638,.F.);
#3735=ADVANCED_FACE('',(#3419),#139,.T.);
#3736=ADVANCED_FACE('',(#3420),#3639,.F.);
#3737=ADVANCED_FACE('',(#3421),#140,.T.);
#3738=ADVANCED_FACE('',(#3422),#3640,.T.);
#3739=ADVANCED_FACE('',(#3423),#141,.T.);
#3740=ADVANCED_FACE('',(#3424),#3641,.F.);
#3741=ADVANCED_FACE('',(#3425),#142,.T.);
#3742=ADVANCED_FACE('',(#3426),#3642,.T.);
#3743=ADVANCED_FACE('',(#3427),#143,.T.);
#3744=ADVANCED_FACE('',(#3428),#3643,.F.);
#3745=ADVANCED_FACE('',(#3429),#144,.T.);
#3746=ADVANCED_FACE('',(#3430),#3644,.F.);
#3747=ADVANCED_FACE('',(#3431),#3645,.F.);
#3748=ADVANCED_FACE('',(#3432),#145,.T.);
#3749=ADVANCED_FACE('',(#3433),#3646,.F.);
#3750=ADVANCED_FACE('',(#3434),#146,.T.);
#3751=ADVANCED_FACE('',(#3435),#3647,.T.);
#3752=ADVANCED_FACE('',(#3436),#147,.T.);
#3753=ADVANCED_FACE('',(#3437),#3648,.F.);
#3754=ADVANCED_FACE('',(#3438),#148,.T.);
#3755=ADVANCED_FACE('',(#3439),#3649,.F.);
#3756=ADVANCED_FACE('',(#3440),#149,.T.);
#3757=ADVANCED_FACE('',(#3441),#3650,.F.);
#3758=ADVANCED_FACE('',(#3442),#150,.T.);
#3759=ADVANCED_FACE('',(#3443),#3651,.T.);
#3760=ADVANCED_FACE('',(#3444),#151,.T.);
#3761=ADVANCED_FACE('',(#3445),#3652,.F.);
#3762=ADVANCED_FACE('',(#3446),#152,.T.);
#3763=ADVANCED_FACE('',(#3447),#3653,.F.);
#3764=ADVANCED_FACE('',(#3448),#153,.T.);
#3765=ADVANCED_FACE('',(#3449),#3654,.T.);
#3766=ADVANCED_FACE('',(#3450),#154,.T.);
#3767=ADVANCED_FACE('',(#3451),#155,.T.);
#3768=ADVANCED_FACE('',(#3452),#156,.F.);
#3769=ADVANCED_FACE('',(#3453),#3655,.F.);
#3770=ADVANCED_FACE('',(#3454),#157,.T.);
#3771=ADVANCED_FACE('',(#3455),#24,.F.);
#3772=ADVANCED_FACE('',(#3456),#25,.F.);
#3773=ADVANCED_FACE('',(#3457),#158,.F.);
#3774=ADVANCED_FACE('',(#3458),#26,.T.);
#3775=ADVANCED_FACE('',(#3459),#159,.T.);
#3776=ADVANCED_FACE('',(#3460),#160,.T.);
#3777=ADVANCED_FACE('',(#3461,#3462),#161,.T.);
#3778=ADVANCED_FACE('',(#3463,#3464),#27,.T.);
#3779=ADVANCED_FACE('',(#3465,#3466),#162,.T.);
#3780=ADVANCED_FACE('',(#3467,#3468),#28,.T.);
#3781=ADVANCED_FACE('',(#3469,#3470),#163,.T.);
#3782=ADVANCED_FACE('',(#3471,#3472),#29,.T.);
#3783=ADVANCED_FACE('',(#3473,#3474),#164,.T.);
#3784=ADVANCED_FACE('',(#3475,#3476),#30,.T.);
#3785=ADVANCED_FACE('',(#3477,#3478),#3656,.F.);
#3786=ADVANCED_FACE('',(#3479),#165,.T.);
#3787=ADVANCED_FACE('',(#3480,#3481),#3657,.F.);
#3788=ADVANCED_FACE('',(#3482),#166,.T.);
#3789=ADVANCED_FACE('',(#3483,#3484),#3658,.F.);
#3790=ADVANCED_FACE('',(#3485),#167,.T.);
#3791=ADVANCED_FACE('',(#3486,#3487),#3659,.F.);
#3792=ADVANCED_FACE('',(#3488),#168,.T.);
#3793=ADVANCED_FACE('',(#3489,#3490),#3660,.F.);
#3794=ADVANCED_FACE('',(#3491),#169,.T.);
#3795=ADVANCED_FACE('',(#3492),#170,.T.);
#3796=ADVANCED_FACE('',(#3493),#171,.F.);
#3797=ADVANCED_FACE('',(#3494),#172,.T.);
#3798=ADVANCED_FACE('',(#3495),#173,.F.);
#3799=ADVANCED_FACE('',(#3496),#174,.F.);
#3800=ADVANCED_FACE('',(#3497),#3661,.F.);
#3801=ADVANCED_FACE('',(#3498),#175,.T.);
#3802=ADVANCED_FACE('',(#3499),#176,.T.);
#3803=ADVANCED_FACE('',(#3500),#177,.T.);
#3804=ADVANCED_FACE('',(#3501),#178,.F.);
#3805=ADVANCED_FACE('',(#3502),#179,.T.);
#3806=ADVANCED_FACE('',(#3503),#12,.T.);
#3807=ADVANCED_FACE('',(#3504),#13,.T.);
#3808=ADVANCED_FACE('',(#3505),#180,.T.);
#3809=ADVANCED_FACE('',(#3506),#181,.T.);
#3810=ADVANCED_FACE('',(#3507),#14,.T.);
#3811=ADVANCED_FACE('',(#3508),#15,.T.);
#3812=ADVANCED_FACE('',(#3509),#182,.T.);
#3813=ADVANCED_FACE('',(#3510),#183,.T.);
#3814=ADVANCED_FACE('',(#3511),#16,.T.);
#3815=ADVANCED_FACE('',(#3512),#17,.T.);
#3816=ADVANCED_FACE('',(#3513),#184,.T.);
#3817=ADVANCED_FACE('',(#3514),#185,.T.);
#3818=ADVANCED_FACE('',(#3515),#18,.T.);
#3819=ADVANCED_FACE('',(#3516),#19,.T.);
#3820=ADVANCED_FACE('',(#3517),#186,.T.);
#3821=ADVANCED_FACE('',(#3518),#187,.T.);
#3822=ADVANCED_FACE('',(#3519),#20,.T.);
#3823=ADVANCED_FACE('',(#3520),#21,.T.);
#3824=ADVANCED_FACE('',(#3521),#188,.T.);
#3825=ADVANCED_FACE('',(#3522),#189,.T.);
#3826=ADVANCED_FACE('',(#3523),#22,.T.);
#3827=ADVANCED_FACE('',(#3524),#23,.T.);
#3828=ADVANCED_FACE('',(#3525),#190,.T.);
#3829=ADVANCED_FACE('',(#3526,#3527),#3662,.F.);
#3830=ADVANCED_FACE('',(#3528),#191,.T.);
#3831=ADVANCED_FACE('',(#3529,#3530),#3663,.F.);
#3832=ADVANCED_FACE('',(#3531),#192,.T.);
#3833=ADVANCED_FACE('',(#3532,#3533),#3664,.F.);
#3834=ADVANCED_FACE('',(#3534),#193,.T.);
#3835=ADVANCED_FACE('',(#3535,#3536),#3665,.F.);
#3836=ADVANCED_FACE('',(#3537),#194,.T.);
#3837=ADVANCED_FACE('',(#3538),#195,.F.);
#3838=ADVANCED_FACE('',(#3539),#31,.F.);
#3839=ADVANCED_FACE('',(#3540),#32,.F.);
#3840=ADVANCED_FACE('',(#3541),#196,.F.);
#3841=ADVANCED_FACE('',(#3542),#197,.F.);
#3842=ADVANCED_FACE('',(#3543),#33,.T.);
#3843=ADVANCED_FACE('',(#3544),#34,.T.);
#3844=ADVANCED_FACE('',(#3545),#198,.F.);
#3845=ADVANCED_FACE('',(#3546),#199,.F.);
#3846=ADVANCED_FACE('',(#3547),#35,.F.);
#3847=ADVANCED_FACE('',(#3548),#36,.F.);
#3848=ADVANCED_FACE('',(#3549),#200,.F.);
#3849=ADVANCED_FACE('',(#3550),#201,.F.);
#3850=ADVANCED_FACE('',(#3551),#37,.F.);
#3851=ADVANCED_FACE('',(#3552),#38,.T.);
#3852=ADVANCED_FACE('',(#3553),#202,.F.);
#3853=ADVANCED_FACE('',(#3554),#203,.F.);
#3854=ADVANCED_FACE('',(#3555),#39,.T.);
#3855=ADVANCED_FACE('',(#3556),#40,.F.);
#3856=ADVANCED_FACE('',(#3557),#204,.F.);
#3857=ADVANCED_FACE('',(#3558),#205,.F.);
#3858=ADVANCED_FACE('',(#3559),#41,.F.);
#3859=ADVANCED_FACE('',(#3560),#42,.F.);
#3860=ADVANCED_FACE('',(#3561),#206,.F.);
#3861=ADVANCED_FACE('',(#3562),#207,.T.);
#3862=ADVANCED_FACE('',(#3563),#43,.T.);
#3863=ADVANCED_FACE('',(#3564),#44,.T.);
#3864=ADVANCED_FACE('',(#3565),#208,.T.);
#3865=ADVANCED_FACE('',(#3566),#209,.T.);
#3866=ADVANCED_FACE('',(#3567),#45,.F.);
#3867=ADVANCED_FACE('',(#3568),#46,.F.);
#3868=ADVANCED_FACE('',(#3569),#210,.T.);
#3869=ADVANCED_FACE('',(#3570),#211,.T.);
#3870=ADVANCED_FACE('',(#3571),#47,.T.);
#3871=ADVANCED_FACE('',(#3572),#48,.T.);
#3872=ADVANCED_FACE('',(#3573),#212,.T.);
#3873=ADVANCED_FACE('',(#3574),#213,.T.);
#3874=ADVANCED_FACE('',(#3575),#49,.F.);
#3875=ADVANCED_FACE('',(#3576),#50,.T.);
#3876=ADVANCED_FACE('',(#3577),#214,.T.);
#3877=ADVANCED_FACE('',(#3578),#215,.T.);
#3878=ADVANCED_FACE('',(#3579),#51,.T.);
#3879=ADVANCED_FACE('',(#3580),#52,.F.);
#3880=ADVANCED_FACE('',(#3581),#216,.T.);
#3881=ADVANCED_FACE('',(#3582),#217,.T.);
#3882=ADVANCED_FACE('',(#3583),#53,.T.);
#3883=ADVANCED_FACE('',(#3584),#54,.T.);
#3884=ADVANCED_FACE('',(#3585),#218,.T.);
#3885=ADVANCED_FACE('',(#3586),#3666,.F.);
#3886=ADVANCED_FACE('',(#3587),#3667,.F.);
#3887=ADVANCED_FACE('',(#3588),#3668,.F.);
#3888=ADVANCED_FACE('',(#3589),#3669,.F.);
#3889=ADVANCED_FACE('',(#3590),#3670,.F.);
#3890=ADVANCED_FACE('',(#3591),#3671,.F.);
#3891=ADVANCED_FACE('',(#3592),#3672,.F.);
#3892=ADVANCED_FACE('',(#3593),#3673,.F.);
#3893=ADVANCED_FACE('',(#3594),#3674,.F.);
#3894=ADVANCED_FACE('',(#3595),#3675,.F.);
#3895=ADVANCED_FACE('',(#3596),#3676,.F.);
#3896=ADVANCED_FACE('',(#3597),#3677,.T.);
#3897=ADVANCED_FACE('',(#3598),#3678,.T.);
#3898=ADVANCED_FACE('',(#3599),#219,.T.);
#3899=ADVANCED_FACE('',(#3600),#220,.T.);
#3900=ADVANCED_FACE('',(#3601),#221,.T.);
#3901=ADVANCED_FACE('',(#3602),#222,.F.);
#3902=ADVANCED_FACE('',(#3603),#223,.T.);
#3903=ADVANCED_FACE('',(#3604),#224,.T.);
#3904=ADVANCED_FACE('',(#3605),#3679,.F.);
#3905=ADVANCED_FACE('',(#3606),#225,.F.);
#3906=ADVANCED_FACE('',(#3607),#3680,.T.);
#3907=ADVANCED_FACE('',(#3608),#226,.F.);
#3908=ADVANCED_FACE('',(#3609),#227,.T.);
#3909=ADVANCED_FACE('',(#3610),#228,.T.);
#3910=ADVANCED_FACE('',(#3611),#3681,.T.);
#3911=ADVANCED_FACE('',(#3612),#3682,.F.);
#3912=ADVANCED_FACE('',(#3613),#3683,.F.);
#3913=ADVANCED_FACE('',(#3614),#3684,.T.);
#3914=ADVANCED_FACE('',(#3615),#3685,.T.);
#3915=ADVANCED_FACE('',(#3616),#3686,.T.);
#3916=ADVANCED_FACE('',(#3617),#229,.F.);
#3917=CLOSED_SHELL('',(#3687,#3688,#3689,#3690,#3691,#3692,#3693,#3694,
#3695,#3696,#3697,#3698,#3699,#3700,#3701,#3702,#3703,#3704,#3705,#3706,
#3707,#3708,#3709,#3710,#3711,#3712,#3713,#3714,#3715,#3716,#3717,#3718,
#3719,#3720,#3721,#3722,#3723,#3724,#3725,#3726,#3727,#3728,#3729,#3730,
#3731,#3732,#3733,#3734,#3735,#3736,#3737,#3738,#3739,#3740,#3741,#3742,
#3743,#3744,#3745,#3746,#3747,#3748,#3749,#3750,#3751,#3752,#3753,#3754,
#3755,#3756,#3757,#3758,#3759,#3760,#3761,#3762,#3763,#3764,#3765,#3766,
#3767,#3768,#3769,#3770,#3771,#3772,#3773,#3774,#3775,#3776,#3777,#3778,
#3779,#3780,#3781,#3782,#3783,#3784,#3785,#3786,#3787,#3788,#3789,#3790,
#3791,#3792,#3793,#3794,#3795,#3796,#3797,#3798,#3799,#3800,#3801,#3802,
#3803,#3804,#3805,#3806,#3807,#3808,#3809,#3810,#3811,#3812,#3813,#3814,
#3815,#3816,#3817,#3818,#3819,#3820,#3821,#3822,#3823,#3824,#3825,#3826,
#3827,#3828,#3829,#3830,#3831,#3832,#3833,#3834,#3835,#3836,#3837,#3838,
#3839,#3840,#3841,#3842,#3843,#3844,#3845,#3846,#3847,#3848,#3849,#3850,
#3851,#3852,#3853,#3854,#3855,#3856,#3857,#3858,#3859,#3860,#3861,#3862,
#3863,#3864,#3865,#3866,#3867,#3868,#3869,#3870,#3871,#3872,#3873,#3874,
#3875,#3876,#3877,#3878,#3879,#3880,#3881,#3882,#3883,#3884,#3885,#3886,
#3887,#3888,#3889,#3890,#3891,#3892,#3893,#3894,#3895,#3896,#3897,#3898,
#3899,#3900,#3901,#3902,#3903,#3904,#3905,#3906,#3907,#3908,#3909,#3910,
#3911,#3912,#3913,#3914,#3915,#3916));
#3918=STYLED_ITEM('',(#3919),#3926);
#3919=PRESENTATION_STYLE_ASSIGNMENT((#3920));
#3920=SURFACE_STYLE_USAGE(.BOTH.,#3921);
#3921=SURFACE_SIDE_STYLE('',(#3922));
#3922=SURFACE_STYLE_FILL_AREA(#3923);
#3923=FILL_AREA_STYLE('',(#3924));
#3924=FILL_AREA_STYLE_COLOUR('',#3925);
#3925=COLOUR_RGB('',0.917647058823529,0.917647058823529,0.917647058823529);
#3926=MANIFOLD_SOLID_BREP('Case',#3917);
#3927=SHAPE_DEFINITION_REPRESENTATION(#6873,#3928);
#3928=SHAPE_REPRESENTATION('Case',(#3929),#6868);
#3929=AXIS2_PLACEMENT_3D('',#5421,#4313,#4314);
#3930=AXIS2_PLACEMENT_3D('',#5422,#4315,#4316);
#3931=AXIS2_PLACEMENT_3D('',#5426,#4318,#4319);
#3932=AXIS2_PLACEMENT_3D('',#5430,#4321,#4322);
#3933=AXIS2_PLACEMENT_3D('',#5431,#4323,#4324);
#3934=AXIS2_PLACEMENT_3D('',#5435,#4326,#4327);
#3935=AXIS2_PLACEMENT_3D('',#5439,#4329,#4330);
#3936=AXIS2_PLACEMENT_3D('',#5440,#4331,#4332);
#3937=AXIS2_PLACEMENT_3D('',#5443,#4335,#4336);
#3938=AXIS2_PLACEMENT_3D('',#5446,#4337,#4338);
#3939=AXIS2_PLACEMENT_3D('',#5454,#4342,#4343);
#3940=AXIS2_PLACEMENT_3D('',#5458,#4345,#4346);
#3941=AXIS2_PLACEMENT_3D('',#5462,#4348,#4349);
#3942=AXIS2_PLACEMENT_3D('',#5466,#4351,#4352);
#3943=AXIS2_PLACEMENT_3D('',#5470,#4354,#4355);
#3944=AXIS2_PLACEMENT_3D('',#5473,#4357,#4358);
#3945=AXIS2_PLACEMENT_3D('',#5474,#4359,#4360);
#3946=AXIS2_PLACEMENT_3D('',#5479,#4362,#4363);
#3947=AXIS2_PLACEMENT_3D('',#5481,#4364,#4365);
#3948=AXIS2_PLACEMENT_3D('',#5485,#4367,#4368);
#3949=AXIS2_PLACEMENT_3D('',#5489,#4370,#4371);
#3950=AXIS2_PLACEMENT_3D('',#5493,#4373,#4374);
#3951=AXIS2_PLACEMENT_3D('',#5497,#4376,#4377);
#3952=AXIS2_PLACEMENT_3D('',#5505,#4381,#4382);
#3953=AXIS2_PLACEMENT_3D('',#5506,#4383,#4384);
#3954=AXIS2_PLACEMENT_3D('',#5507,#4385,#4386);
#3955=AXIS2_PLACEMENT_3D('',#5509,#4387,#4388);
#3956=AXIS2_PLACEMENT_3D('',#5511,#4389,#4390);
#3957=AXIS2_PLACEMENT_3D('',#5516,#4392,#4393);
#3958=AXIS2_PLACEMENT_3D('',#5520,#4395,#4396);
#3959=AXIS2_PLACEMENT_3D('',#5524,#4398,#4399);
#3960=AXIS2_PLACEMENT_3D('',#5528,#4401,#4402);
#3961=AXIS2_PLACEMENT_3D('',#5532,#4404,#4405);
#3962=AXIS2_PLACEMENT_3D('',#5536,#4407,#4408);
#3963=AXIS2_PLACEMENT_3D('',#5540,#4410,#4411);
#3964=AXIS2_PLACEMENT_3D('',#5544,#4413,#4414);
#3965=AXIS2_PLACEMENT_3D('',#5548,#4416,#4417);
#3966=AXIS2_PLACEMENT_3D('',#5552,#4419,#4420);
#3967=AXIS2_PLACEMENT_3D('',#5556,#4422,#4423);
#3968=AXIS2_PLACEMENT_3D('',#5560,#4425,#4426);
#3969=AXIS2_PLACEMENT_3D('',#5564,#4428,#4429);
#3970=AXIS2_PLACEMENT_3D('',#5568,#4431,#4432);
#3971=AXIS2_PLACEMENT_3D('',#5572,#4434,#4435);
#3972=AXIS2_PLACEMENT_3D('',#5576,#4437,#4438);
#3973=AXIS2_PLACEMENT_3D('',#5577,#4439,#4440);
#3974=AXIS2_PLACEMENT_3D('',#5578,#4441,#4442);
#3975=AXIS2_PLACEMENT_3D('',#5588,#4443,#4444);
#3976=AXIS2_PLACEMENT_3D('',#5592,#4446,#4447);
#3977=AXIS2_PLACEMENT_3D('',#5596,#4449,#4450);
#3978=AXIS2_PLACEMENT_3D('',#5599,#4452,#4453);
#3979=AXIS2_PLACEMENT_3D('',#5608,#4458,#4459);
#3980=AXIS2_PLACEMENT_3D('',#5612,#4461,#4462);
#3981=AXIS2_PLACEMENT_3D('',#5636,#4466,#4467);
#3982=AXIS2_PLACEMENT_3D('',#5642,#4471,#4472);
#3983=AXIS2_PLACEMENT_3D('',#5646,#4475,#4476);
#3984=AXIS2_PLACEMENT_3D('',#5654,#4480,#4481);
#3985=AXIS2_PLACEMENT_3D('',#5658,#4483,#4484);
#3986=AXIS2_PLACEMENT_3D('',#5662,#4486,#4487);
#3987=AXIS2_PLACEMENT_3D('',#5666,#4489,#4490);
#3988=AXIS2_PLACEMENT_3D('',#5670,#4492,#4493);
#3989=AXIS2_PLACEMENT_3D('',#5674,#4495,#4496);
#3990=AXIS2_PLACEMENT_3D('',#5678,#4498,#4499);
#3991=AXIS2_PLACEMENT_3D('',#5682,#4501,#4502);
#3992=AXIS2_PLACEMENT_3D('',#5686,#4504,#4505);
#3993=AXIS2_PLACEMENT_3D('',#5690,#4507,#4508);
#3994=AXIS2_PLACEMENT_3D('',#5694,#4510,#4511);
#3995=AXIS2_PLACEMENT_3D('',#5698,#4513,#4514);
#3996=AXIS2_PLACEMENT_3D('',#5701,#4516,#4517);
#3997=AXIS2_PLACEMENT_3D('',#5705,#4519,#4520);
#3998=AXIS2_PLACEMENT_3D('',#5709,#4522,#4523);
#3999=AXIS2_PLACEMENT_3D('',#5713,#4525,#4526);
#4000=AXIS2_PLACEMENT_3D('',#5714,#4527,#4528);
#4001=AXIS2_PLACEMENT_3D('',#5718,#4530,#4531);
#4002=AXIS2_PLACEMENT_3D('',#5722,#4533,#4534);
#4003=AXIS2_PLACEMENT_3D('',#5726,#4536,#4537);
#4004=AXIS2_PLACEMENT_3D('',#5730,#4539,#4540);
#4005=AXIS2_PLACEMENT_3D('',#5734,#4542,#4543);
#4006=AXIS2_PLACEMENT_3D('',#5738,#4545,#4546);
#4007=AXIS2_PLACEMENT_3D('',#5742,#4548,#4549);
#4008=AXIS2_PLACEMENT_3D('',#5746,#4551,#4552);
#4009=AXIS2_PLACEMENT_3D('',#5750,#4554,#4555);
#4010=AXIS2_PLACEMENT_3D('',#5754,#4557,#4558);
#4011=AXIS2_PLACEMENT_3D('',#5755,#4559,#4560);
#4012=AXIS2_PLACEMENT_3D('',#5757,#4561,#4562);
#4013=AXIS2_PLACEMENT_3D('',#5766,#4567,#4568);
#4014=AXIS2_PLACEMENT_3D('',#5767,#4569,#4570);
#4015=AXIS2_PLACEMENT_3D('',#5777,#4572,#4573);
#4016=AXIS2_PLACEMENT_3D('',#5781,#4575,#4576);
#4017=AXIS2_PLACEMENT_3D('',#5788,#4577,#4578);
#4018=AXIS2_PLACEMENT_3D('',#5793,#4581,#4582);
#4019=AXIS2_PLACEMENT_3D('',#5797,#4584,#4585);
#4020=AXIS2_PLACEMENT_3D('',#5798,#4586,#4587);
#4021=AXIS2_PLACEMENT_3D('',#5802,#4589,#4590);
#4022=AXIS2_PLACEMENT_3D('',#5804,#4592,#4593);
#4023=AXIS2_PLACEMENT_3D('',#5808,#4595,#4596);
#4024=AXIS2_PLACEMENT_3D('',#5813,#4597,#4598);
#4025=AXIS2_PLACEMENT_3D('',#5819,#4602,#4603);
#4026=AXIS2_PLACEMENT_3D('',#5823,#4605,#4606);
#4027=AXIS2_PLACEMENT_3D('',#5829,#4607,#4608);
#4028=AXIS2_PLACEMENT_3D('',#5835,#4612,#4613);
#4029=AXIS2_PLACEMENT_3D('',#5839,#4615,#4616);
#4030=AXIS2_PLACEMENT_3D('',#5858,#4617,#4618);
#4031=AXIS2_PLACEMENT_3D('',#5864,#4622,#4623);
#4032=AXIS2_PLACEMENT_3D('',#5868,#4625,#4626);
#4033=AXIS2_PLACEMENT_3D('',#5874,#4627,#4628);
#4034=AXIS2_PLACEMENT_3D('',#5877,#4631,#4632);
#4035=AXIS2_PLACEMENT_3D('',#5883,#4636,#4637);
#4036=AXIS2_PLACEMENT_3D('',#5887,#4639,#4640);
#4037=AXIS2_PLACEMENT_3D('',#5893,#4641,#4642);
#4038=AXIS2_PLACEMENT_3D('',#5899,#4646,#4647);
#4039=AXIS2_PLACEMENT_3D('',#5903,#4649,#4650);
#4040=AXIS2_PLACEMENT_3D('',#5909,#4651,#4652);
#4041=AXIS2_PLACEMENT_3D('',#5915,#4656,#4657);
#4042=AXIS2_PLACEMENT_3D('',#5919,#4659,#4660);
#4043=AXIS2_PLACEMENT_3D('',#5924,#4661,#4662);
#4044=AXIS2_PLACEMENT_3D('',#5930,#4666,#4667);
#4045=AXIS2_PLACEMENT_3D('',#5934,#4669,#4670);
#4046=AXIS2_PLACEMENT_3D('',#5941,#4671,#4672);
#4047=AXIS2_PLACEMENT_3D('',#5942,#4673,#4674);
#4048=AXIS2_PLACEMENT_3D('',#5947,#4676,#4677);
#4049=AXIS2_PLACEMENT_3D('',#5951,#4679,#4680);
#4050=AXIS2_PLACEMENT_3D('',#5955,#4682,#4683);
#4051=AXIS2_PLACEMENT_3D('',#5959,#4685,#4686);
#4052=AXIS2_PLACEMENT_3D('',#5963,#4688,#4689);
#4053=AXIS2_PLACEMENT_3D('',#5967,#4691,#4692);
#4054=AXIS2_PLACEMENT_3D('',#5971,#4694,#4695);
#4055=AXIS2_PLACEMENT_3D('',#5975,#4697,#4698);
#4056=AXIS2_PLACEMENT_3D('',#5979,#4700,#4701);
#4057=AXIS2_PLACEMENT_3D('',#5983,#4703,#4704);
#4058=AXIS2_PLACEMENT_3D('',#5987,#4706,#4707);
#4059=AXIS2_PLACEMENT_3D('',#5990,#4709,#4710);
#4060=AXIS2_PLACEMENT_3D('',#5995,#4712,#4713);
#4061=AXIS2_PLACEMENT_3D('',#5999,#4715,#4716);
#4062=AXIS2_PLACEMENT_3D('',#6003,#4718,#4719);
#4063=AXIS2_PLACEMENT_3D('',#6007,#4721,#4722);
#4064=AXIS2_PLACEMENT_3D('',#6011,#4724,#4725);
#4065=AXIS2_PLACEMENT_3D('',#6015,#4727,#4728);
#4066=AXIS2_PLACEMENT_3D('',#6019,#4730,#4731);
#4067=AXIS2_PLACEMENT_3D('',#6023,#4733,#4734);
#4068=AXIS2_PLACEMENT_3D('',#6027,#4736,#4737);
#4069=AXIS2_PLACEMENT_3D('',#6031,#4739,#4740);
#4070=AXIS2_PLACEMENT_3D('',#6035,#4742,#4743);
#4071=AXIS2_PLACEMENT_3D('',#6038,#4745,#4746);
#4072=AXIS2_PLACEMENT_3D('',#6039,#4747,#4748);
#4073=AXIS2_PLACEMENT_3D('',#6044,#4750,#4751);
#4074=AXIS2_PLACEMENT_3D('',#6052,#4756,#4757);
#4075=AXIS2_PLACEMENT_3D('',#6058,#4761,#4762);
#4076=AXIS2_PLACEMENT_3D('',#6059,#4763,#4764);
#4077=AXIS2_PLACEMENT_3D('',#6064,#4765,#4766);
#4078=AXIS2_PLACEMENT_3D('',#6065,#4767,#4768);
#4079=AXIS2_PLACEMENT_3D('',#6067,#4769,#4770);
#4080=AXIS2_PLACEMENT_3D('',#6069,#4771,#4772);
#4081=AXIS2_PLACEMENT_3D('',#6071,#4773,#4774);
#4082=AXIS2_PLACEMENT_3D('',#6170,#4787,#4788);
#4083=AXIS2_PLACEMENT_3D('',#6176,#4792,#4793);
#4084=AXIS2_PLACEMENT_3D('',#6179,#4795,#4796);
#4085=AXIS2_PLACEMENT_3D('',#6180,#4797,#4798);
#4086=AXIS2_PLACEMENT_3D('',#6183,#4800,#4801);
#4087=AXIS2_PLACEMENT_3D('',#6187,#4804,#4805);
#4088=AXIS2_PLACEMENT_3D('',#6188,#4806,#4807);
#4089=AXIS2_PLACEMENT_3D('',#6191,#4809,#4810);
#4090=AXIS2_PLACEMENT_3D('',#6195,#4813,#4814);
#4091=AXIS2_PLACEMENT_3D('',#6196,#4815,#4816);
#4092=AXIS2_PLACEMENT_3D('',#6199,#4818,#4819);
#4093=AXIS2_PLACEMENT_3D('',#6203,#4822,#4823);
#4094=AXIS2_PLACEMENT_3D('',#6204,#4824,#4825);
#4095=AXIS2_PLACEMENT_3D('',#6207,#4827,#4828);
#4096=AXIS2_PLACEMENT_3D('',#6211,#4831,#4832);
#4097=AXIS2_PLACEMENT_3D('',#6212,#4833,#4834);
#4098=AXIS2_PLACEMENT_3D('',#6215,#4836,#4837);
#4099=AXIS2_PLACEMENT_3D('',#6219,#4840,#4841);
#4100=AXIS2_PLACEMENT_3D('',#6220,#4842,#4843);
#4101=AXIS2_PLACEMENT_3D('',#6223,#4845,#4846);
#4102=AXIS2_PLACEMENT_3D('',#6227,#4849,#4850);
#4103=AXIS2_PLACEMENT_3D('',#6228,#4851,#4852);
#4104=AXIS2_PLACEMENT_3D('',#6231,#4854,#4855);
#4105=AXIS2_PLACEMENT_3D('',#6235,#4858,#4859);
#4106=AXIS2_PLACEMENT_3D('',#6236,#4860,#4861);
#4107=AXIS2_PLACEMENT_3D('',#6239,#4863,#4864);
#4108=AXIS2_PLACEMENT_3D('',#6243,#4867,#4868);
#4109=AXIS2_PLACEMENT_3D('',#6244,#4869,#4870);
#4110=AXIS2_PLACEMENT_3D('',#6247,#4872,#4873);
#4111=AXIS2_PLACEMENT_3D('',#6251,#4876,#4877);
#4112=AXIS2_PLACEMENT_3D('',#6252,#4878,#4879);
#4113=AXIS2_PLACEMENT_3D('',#6255,#4881,#4882);
#4114=AXIS2_PLACEMENT_3D('',#6259,#4885,#4886);
#4115=AXIS2_PLACEMENT_3D('',#6260,#4887,#4888);
#4116=AXIS2_PLACEMENT_3D('',#6263,#4890,#4891);
#4117=AXIS2_PLACEMENT_3D('',#6267,#4894,#4895);
#4118=AXIS2_PLACEMENT_3D('',#6268,#4896,#4897);
#4119=AXIS2_PLACEMENT_3D('',#6269,#4898,#4899);
#4120=AXIS2_PLACEMENT_3D('',#6271,#4901,#4902);
#4121=AXIS2_PLACEMENT_3D('',#6273,#4904,#4905);
#4122=AXIS2_PLACEMENT_3D('',#6275,#4907,#4908);
#4123=AXIS2_PLACEMENT_3D('',#6277,#4910,#4911);
#4124=AXIS2_PLACEMENT_3D('',#6279,#4913,#4914);
#4125=AXIS2_PLACEMENT_3D('',#6283,#4918,#4919);
#4126=AXIS2_PLACEMENT_3D('',#6284,#4920,#4921);
#4127=AXIS2_PLACEMENT_3D('',#6287,#4924,#4925);
#4128=AXIS2_PLACEMENT_3D('',#6289,#4927,#4928);
#4129=AXIS2_PLACEMENT_3D('',#6291,#4930,#4931);
#4130=AXIS2_PLACEMENT_3D('',#6293,#4933,#4934);
#4131=AXIS2_PLACEMENT_3D('',#6295,#4936,#4937);
#4132=AXIS2_PLACEMENT_3D('',#6297,#4939,#4940);
#4133=AXIS2_PLACEMENT_3D('',#6299,#4942,#4943);
#4134=AXIS2_PLACEMENT_3D('',#6301,#4945,#4946);
#4135=AXIS2_PLACEMENT_3D('',#6303,#4948,#4949);
#4136=AXIS2_PLACEMENT_3D('',#6305,#4951,#4952);
#4137=AXIS2_PLACEMENT_3D('',#6307,#4954,#4955);
#4138=AXIS2_PLACEMENT_3D('',#6309,#4957,#4958);
#4139=AXIS2_PLACEMENT_3D('',#6311,#4960,#4961);
#4140=AXIS2_PLACEMENT_3D('',#6315,#4964,#4965);
#4141=AXIS2_PLACEMENT_3D('',#6316,#4966,#4967);
#4142=AXIS2_PLACEMENT_3D('',#6319,#4968,#4969);
#4143=AXIS2_PLACEMENT_3D('',#6328,#4974,#4975);
#4144=AXIS2_PLACEMENT_3D('',#6330,#4976,#4977);
#4145=AXIS2_PLACEMENT_3D('',#6333,#4979,#4980);
#4146=AXIS2_PLACEMENT_3D('',#6334,#4981,#4982);
#4147=AXIS2_PLACEMENT_3D('',#6335,#4983,#4984);
#4148=AXIS2_PLACEMENT_3D('',#6336,#4985,#4986);
#4149=AXIS2_PLACEMENT_3D('',#6339,#4989,#4990);
#4150=AXIS2_PLACEMENT_3D('',#6341,#4992,#4993);
#4151=AXIS2_PLACEMENT_3D('',#6343,#4995,#4996);
#4152=AXIS2_PLACEMENT_3D('',#6344,#4997,#4998);
#4153=AXIS2_PLACEMENT_3D('',#6347,#5001,#5002);
#4154=AXIS2_PLACEMENT_3D('',#6349,#5004,#5005);
#4155=AXIS2_PLACEMENT_3D('',#6351,#5007,#5008);
#4156=AXIS2_PLACEMENT_3D('',#6352,#5009,#5010);
#4157=AXIS2_PLACEMENT_3D('',#6354,#5011,#5012);
#4158=AXIS2_PLACEMENT_3D('',#6356,#5013,#5014);
#4159=AXIS2_PLACEMENT_3D('',#6357,#5015,#5016);
#4160=AXIS2_PLACEMENT_3D('',#6358,#5017,#5018);
#4161=AXIS2_PLACEMENT_3D('',#6360,#5019,#5020);
#4162=AXIS2_PLACEMENT_3D('',#6362,#5021,#5022);
#4163=AXIS2_PLACEMENT_3D('',#6363,#5023,#5024);
#4164=AXIS2_PLACEMENT_3D('',#6364,#5025,#5026);
#4165=AXIS2_PLACEMENT_3D('',#6366,#5027,#5028);
#4166=AXIS2_PLACEMENT_3D('',#6368,#5029,#5030);
#4167=AXIS2_PLACEMENT_3D('',#6369,#5031,#5032);
#4168=AXIS2_PLACEMENT_3D('',#6370,#5033,#5034);
#4169=AXIS2_PLACEMENT_3D('',#6372,#5035,#5036);
#4170=AXIS2_PLACEMENT_3D('',#6374,#5037,#5038);
#4171=AXIS2_PLACEMENT_3D('',#6375,#5039,#5040);
#4172=AXIS2_PLACEMENT_3D('',#6376,#5041,#5042);
#4173=AXIS2_PLACEMENT_3D('',#6378,#5043,#5044);
#4174=AXIS2_PLACEMENT_3D('',#6379,#5045,#5046);
#4175=AXIS2_PLACEMENT_3D('',#6380,#5047,#5048);
#4176=AXIS2_PLACEMENT_3D('',#6382,#5049,#5050);
#4177=AXIS2_PLACEMENT_3D('',#6383,#5051,#5052);
#4178=AXIS2_PLACEMENT_3D('',#6384,#5053,#5054);
#4179=AXIS2_PLACEMENT_3D('',#6386,#5055,#5056);
#4180=AXIS2_PLACEMENT_3D('',#6387,#5057,#5058);
#4181=AXIS2_PLACEMENT_3D('',#6388,#5059,#5060);
#4182=AXIS2_PLACEMENT_3D('',#6390,#5061,#5062);
#4183=AXIS2_PLACEMENT_3D('',#6391,#5063,#5064);
#4184=AXIS2_PLACEMENT_3D('',#6392,#5065,#5066);
#4185=AXIS2_PLACEMENT_3D('',#6394,#5067,#5068);
#4186=AXIS2_PLACEMENT_3D('',#6395,#5069,#5070);
#4187=AXIS2_PLACEMENT_3D('',#6399,#5072,#5073);
#4188=AXIS2_PLACEMENT_3D('',#6403,#5075,#5076);
#4189=AXIS2_PLACEMENT_3D('',#6407,#5078,#5079);
#4190=AXIS2_PLACEMENT_3D('',#6411,#5081,#5082);
#4191=AXIS2_PLACEMENT_3D('',#6413,#5083,#5084);
#4192=AXIS2_PLACEMENT_3D('',#6417,#5086,#5087);
#4193=AXIS2_PLACEMENT_3D('',#6419,#5088,#5089);
#4194=AXIS2_PLACEMENT_3D('',#6423,#5091,#5092);
#4195=AXIS2_PLACEMENT_3D('',#6427,#5095,#5096);
#4196=AXIS2_PLACEMENT_3D('',#6433,#5100,#5101);
#4197=AXIS2_PLACEMENT_3D('',#6439,#5105,#5106);
#4198=AXIS2_PLACEMENT_3D('',#6442,#5109,#5110);
#4199=AXIS2_PLACEMENT_3D('',#6445,#5113,#5114);
#4200=AXIS2_PLACEMENT_3D('',#6457,#5116,#5117);
#4201=AXIS2_PLACEMENT_3D('',#6459,#5119,#5120);
#4202=AXIS2_PLACEMENT_3D('',#6460,#5121,#5122);
#4203=AXIS2_PLACEMENT_3D('',#6461,#5123,#5124);
#4204=AXIS2_PLACEMENT_3D('',#6462,#5125,#5126);
#4205=AXIS2_PLACEMENT_3D('',#6465,#5129,#5130);
#4206=AXIS2_PLACEMENT_3D('',#6468,#5133,#5134);
#4207=AXIS2_PLACEMENT_3D('',#6476,#5140,#5141);
#4208=AXIS2_PLACEMENT_3D('',#6517,#5142,#5143);
#4209=AXIS2_PLACEMENT_3D('',#6522,#5144,#5145);
#4210=AXIS2_PLACEMENT_3D('',#6551,#5146,#5147);
#4211=AXIS2_PLACEMENT_3D('',#6556,#5148,#5149);
#4212=AXIS2_PLACEMENT_3D('',#6585,#5150,#5151);
#4213=AXIS2_PLACEMENT_3D('',#6590,#5152,#5153);
#4214=AXIS2_PLACEMENT_3D('',#6619,#5154,#5155);
#4215=AXIS2_PLACEMENT_3D('',#6624,#5156,#5157);
#4216=AXIS2_PLACEMENT_3D('',#6657,#5158,#5159);
#4217=AXIS2_PLACEMENT_3D('',#6662,#5160,#5161);
#4218=AXIS2_PLACEMENT_3D('',#6695,#5162,#5163);
#4219=AXIS2_PLACEMENT_3D('',#6696,#5164,#5165);
#4220=AXIS2_PLACEMENT_3D('',#6697,#5166,#5167);
#4221=AXIS2_PLACEMENT_3D('',#6699,#5168,#5169);
#4222=AXIS2_PLACEMENT_3D('',#6700,#5170,#5171);
#4223=AXIS2_PLACEMENT_3D('',#6701,#5172,#5173);
#4224=AXIS2_PLACEMENT_3D('',#6703,#5174,#5175);
#4225=AXIS2_PLACEMENT_3D('',#6704,#5176,#5177);
#4226=AXIS2_PLACEMENT_3D('',#6705,#5178,#5179);
#4227=AXIS2_PLACEMENT_3D('',#6707,#5180,#5181);
#4228=AXIS2_PLACEMENT_3D('',#6708,#5182,#5183);
#4229=AXIS2_PLACEMENT_3D('',#6709,#5184,#5185);
#4230=AXIS2_PLACEMENT_3D('',#6711,#5186,#5187);
#4231=AXIS2_PLACEMENT_3D('',#6712,#5188,#5189);
#4232=AXIS2_PLACEMENT_3D('',#6715,#5192,#5193);
#4233=AXIS2_PLACEMENT_3D('',#6717,#5195,#5196);
#4234=AXIS2_PLACEMENT_3D('',#6719,#5198,#5199);
#4235=AXIS2_PLACEMENT_3D('',#6721,#5201,#5202);
#4236=AXIS2_PLACEMENT_3D('',#6723,#5204,#5205);
#4237=AXIS2_PLACEMENT_3D('',#6725,#5207,#5208);
#4238=AXIS2_PLACEMENT_3D('',#6727,#5210,#5211);
#4239=AXIS2_PLACEMENT_3D('',#6729,#5213,#5214);
#4240=AXIS2_PLACEMENT_3D('',#6731,#5216,#5217);
#4241=AXIS2_PLACEMENT_3D('',#6733,#5219,#5220);
#4242=AXIS2_PLACEMENT_3D('',#6735,#5222,#5223);
#4243=AXIS2_PLACEMENT_3D('',#6737,#5225,#5226);
#4244=AXIS2_PLACEMENT_3D('',#6739,#5228,#5229);
#4245=AXIS2_PLACEMENT_3D('',#6741,#5231,#5232);
#4246=AXIS2_PLACEMENT_3D('',#6743,#5234,#5235);
#4247=AXIS2_PLACEMENT_3D('',#6745,#5237,#5238);
#4248=AXIS2_PLACEMENT_3D('',#6747,#5240,#5241);
#4249=AXIS2_PLACEMENT_3D('',#6749,#5243,#5244);
#4250=AXIS2_PLACEMENT_3D('',#6751,#5246,#5247);
#4251=AXIS2_PLACEMENT_3D('',#6753,#5249,#5250);
#4252=AXIS2_PLACEMENT_3D('',#6755,#5252,#5253);
#4253=AXIS2_PLACEMENT_3D('',#6757,#5255,#5256);
#4254=AXIS2_PLACEMENT_3D('',#6759,#5258,#5259);
#4255=AXIS2_PLACEMENT_3D('',#6760,#5260,#5261);
#4256=AXIS2_PLACEMENT_3D('',#6763,#5264,#5265);
#4257=AXIS2_PLACEMENT_3D('',#6765,#5267,#5268);
#4258=AXIS2_PLACEMENT_3D('',#6767,#5270,#5271);
#4259=AXIS2_PLACEMENT_3D('',#6769,#5273,#5274);
#4260=AXIS2_PLACEMENT_3D('',#6771,#5276,#5277);
#4261=AXIS2_PLACEMENT_3D('',#6773,#5279,#5280);
#4262=AXIS2_PLACEMENT_3D('',#6775,#5282,#5283);
#4263=AXIS2_PLACEMENT_3D('',#6777,#5285,#5286);
#4264=AXIS2_PLACEMENT_3D('',#6779,#5288,#5289);
#4265=AXIS2_PLACEMENT_3D('',#6781,#5291,#5292);
#4266=AXIS2_PLACEMENT_3D('',#6783,#5294,#5295);
#4267=AXIS2_PLACEMENT_3D('',#6785,#5297,#5298);
#4268=AXIS2_PLACEMENT_3D('',#6787,#5300,#5301);
#4269=AXIS2_PLACEMENT_3D('',#6789,#5303,#5304);
#4270=AXIS2_PLACEMENT_3D('',#6791,#5306,#5307);
#4271=AXIS2_PLACEMENT_3D('',#6793,#5309,#5310);
#4272=AXIS2_PLACEMENT_3D('',#6795,#5312,#5313);
#4273=AXIS2_PLACEMENT_3D('',#6797,#5315,#5316);
#4274=AXIS2_PLACEMENT_3D('',#6799,#5318,#5319);
#4275=AXIS2_PLACEMENT_3D('',#6801,#5321,#5322);
#4276=AXIS2_PLACEMENT_3D('',#6803,#5324,#5325);
#4277=AXIS2_PLACEMENT_3D('',#6805,#5327,#5328);
#4278=AXIS2_PLACEMENT_3D('',#6807,#5330,#5331);
#4279=AXIS2_PLACEMENT_3D('',#6808,#5332,#5333);
#4280=AXIS2_PLACEMENT_3D('',#6809,#5334,#5335);
#4281=AXIS2_PLACEMENT_3D('',#6810,#5336,#5337);
#4282=AXIS2_PLACEMENT_3D('',#6811,#5338,#5339);
#4283=AXIS2_PLACEMENT_3D('',#6812,#5340,#5341);
#4284=AXIS2_PLACEMENT_3D('',#6813,#5342,#5343);
#4285=AXIS2_PLACEMENT_3D('',#6814,#5344,#5345);
#4286=AXIS2_PLACEMENT_3D('',#6815,#5346,#5347);
#4287=AXIS2_PLACEMENT_3D('',#6816,#5348,#5349);
#4288=AXIS2_PLACEMENT_3D('',#6817,#5350,#5351);
#4289=AXIS2_PLACEMENT_3D('',#6819,#5353,#5354);
#4290=AXIS2_PLACEMENT_3D('',#6821,#5356,#5357);
#4291=AXIS2_PLACEMENT_3D('',#6822,#5358,#5359);
#4292=AXIS2_PLACEMENT_3D('',#6823,#5360,#5361);
#4293=AXIS2_PLACEMENT_3D('',#6825,#5363,#5364);
#4294=AXIS2_PLACEMENT_3D('',#6827,#5366,#5367);
#4295=AXIS2_PLACEMENT_3D('',#6830,#5370,#5371);
#4296=AXIS2_PLACEMENT_3D('',#6836,#5375,#5376);
#4297=AXIS2_PLACEMENT_3D('',#6843,#5381,#5382);
#4298=AXIS2_PLACEMENT_3D('',#6846,#5385,#5386);
#4299=AXIS2_PLACEMENT_3D('',#6848,#5388,#5389);
#4300=AXIS2_PLACEMENT_3D('',#6850,#5391,#5392);
#4301=AXIS2_PLACEMENT_3D('',#6852,#5394,#5395);
#4302=AXIS2_PLACEMENT_3D('',#6854,#5397,#5398);
#4303=AXIS2_PLACEMENT_3D('',#6855,#5399,#5400);
#4304=AXIS2_PLACEMENT_3D('',#6857,#5402,#5403);
#4305=AXIS2_PLACEMENT_3D('',#6858,#5404,#5405);
#4306=AXIS2_PLACEMENT_3D('',#6859,#5406,#5407);
#4307=AXIS2_PLACEMENT_3D('',#6861,#5409,#5410);
#4308=AXIS2_PLACEMENT_3D('',#6862,#5411,#5412);
#4309=AXIS2_PLACEMENT_3D('',#6863,#5413,#5414);
#4310=AXIS2_PLACEMENT_3D('',#6864,#5415,#5416);
#4311=AXIS2_PLACEMENT_3D('',#6865,#5417,#5418);
#4312=AXIS2_PLACEMENT_3D('',#6866,#5419,#5420);
#4313=DIRECTION('',(0.,0.,1.));
#4314=DIRECTION('',(1.,0.,0.));
#4315=DIRECTION('',(-1.73472347597681E-15,0.,1.));
#4316=DIRECTION('',(1.,0.,1.73472347597681E-15));
#4317=DIRECTION('',(-1.67601223384699E-15,3.13688954338409E-16,1.));
#4318=DIRECTION('',(0.,0.,1.));
#4319=DIRECTION('',(1.,0.,0.));
#4320=DIRECTION('',(-1.67601223384699E-15,3.13688954338409E-16,1.));
#4321=DIRECTION('',(0.,0.,1.));
#4322=DIRECTION('',(1.,0.,0.));
#4323=DIRECTION('',(0.,0.,1.));
#4324=DIRECTION('',(1.,0.,0.));
#4325=DIRECTION('',(0.,0.,1.));
#4326=DIRECTION('',(0.,0.,1.));
#4327=DIRECTION('',(1.,0.,0.));
#4328=DIRECTION('',(0.,0.,1.));
#4329=DIRECTION('',(0.,0.,1.));
#4330=DIRECTION('',(1.,0.,0.));
#4331=DIRECTION('',(0.,0.,1.));
#4332=DIRECTION('',(1.,0.,0.));
#4333=DIRECTION('',(0.982931977907514,-0.183969363772402,0.));
#4334=DIRECTION('',(-0.982931977907514,0.183969363772401,0.));
#4335=DIRECTION('',(0.,0.,1.));
#4336=DIRECTION('',(1.,0.,0.));
#4337=DIRECTION('',(0.,0.,1.));
#4338=DIRECTION('',(1.,0.,0.));
#4339=DIRECTION('',(-1.,-2.31296463463574E-16,0.));
#4340=DIRECTION('',(0.,1.,0.));
#4341=DIRECTION('',(1.,0.,0.));
#4342=DIRECTION('',(0.,0.,1.));
#4343=DIRECTION('',(1.,0.,0.));
#4344=DIRECTION('',(0.969703806645704,-0.244283702642708,0.));
#4345=DIRECTION('',(0.,0.,-1.));
#4346=DIRECTION('',(1.,0.,0.));
#4347=DIRECTION('',(0.999993142228644,-0.00370344376002123,0.));
#4348=DIRECTION('',(0.,0.,1.));
#4349=DIRECTION('',(1.,0.,0.));
#4350=DIRECTION('',(-0.183969363772401,-0.982931977907514,0.));
#4351=DIRECTION('',(0.,0.,1.));
#4352=DIRECTION('',(1.,0.,0.));
#4353=DIRECTION('',(-0.982931977907514,0.183969363772401,0.));
#4354=DIRECTION('',(0.,0.,1.));
#4355=DIRECTION('',(1.,0.,0.));
#4356=DIRECTION('',(-0.183969363772401,-0.982931977907514,0.));
#4357=DIRECTION('',(0.,0.,1.));
#4358=DIRECTION('',(1.,0.,0.));
#4359=DIRECTION('',(0.,0.,1.));
#4360=DIRECTION('',(1.,0.,0.));
#4361=DIRECTION('',(1.09569970690079E-16,-1.,0.));
#4362=DIRECTION('',(0.,0.,1.));
#4363=DIRECTION('',(1.,0.,0.));
#4364=DIRECTION('',(0.,0.,1.));
#4365=DIRECTION('',(1.,0.,0.));
#4366=DIRECTION('',(-0.183969363772401,-0.982931977907514,0.));
#4367=DIRECTION('',(0.,0.,1.));
#4368=DIRECTION('',(1.,0.,0.));
#4369=DIRECTION('',(-0.982931977907514,0.183969363772401,0.));
#4370=DIRECTION('',(0.,0.,1.));
#4371=DIRECTION('',(1.,0.,0.));
#4372=DIRECTION('',(-0.86602540313315,0.500000001128066,0.));
#4373=DIRECTION('',(0.,0.,1.));
#4374=DIRECTION('',(1.,0.,0.));
#4375=DIRECTION('',(-0.500000000880203,-0.866025403276253,0.));
#4376=DIRECTION('',(0.,0.,1.));
#4377=DIRECTION('',(1.,0.,0.));
#4378=DIRECTION('',(0.,-1.,0.));
#4379=DIRECTION('',(1.,0.,0.));
#4380=DIRECTION('',(-1.,-1.79764090774798E-16,0.));
#4381=DIRECTION('',(0.,0.,1.));
#4382=DIRECTION('',(1.,0.,0.));
#4383=DIRECTION('',(0.,0.,1.));
#4384=DIRECTION('',(1.,0.,0.));
#4385=DIRECTION('',(0.,0.,1.));
#4386=DIRECTION('',(1.,0.,0.));
#4387=DIRECTION('',(0.,0.,1.));
#4388=DIRECTION('',(1.,0.,0.));
#4389=DIRECTION('',(0.,0.,1.));
#4390=DIRECTION('',(1.,0.,0.));
#4391=DIRECTION('',(1.,0.,0.));
#4392=DIRECTION('',(0.,0.,1.));
#4393=DIRECTION('',(1.,0.,0.));
#4394=DIRECTION('',(1.09569970690079E-16,-1.,0.));
#4395=DIRECTION('',(0.,0.,1.));
#4396=DIRECTION('',(1.,0.,0.));
#4397=DIRECTION('',(1.,0.,0.));
#4398=DIRECTION('',(0.,0.,1.));
#4399=DIRECTION('',(1.,0.,0.));
#4400=DIRECTION('',(0.707106781186542,-0.707106781186553,0.));
#4401=DIRECTION('',(0.,0.,1.));
#4402=DIRECTION('',(1.,0.,0.));
#4403=DIRECTION('',(1.,0.,0.));
#4404=DIRECTION('',(0.,0.,1.));
#4405=DIRECTION('',(1.,0.,0.));
#4406=DIRECTION('',(0.52999893076381,0.847998309779694,0.));
#4407=DIRECTION('',(0.,0.,1.));
#4408=DIRECTION('',(1.,0.,0.));
#4409=DIRECTION('',(1.,0.,0.));
#4410=DIRECTION('',(0.,0.,1.));
#4411=DIRECTION('',(1.,0.,0.));
#4412=DIRECTION('',(0.,1.,0.));
#4413=DIRECTION('',(0.,0.,1.));
#4414=DIRECTION('',(1.,0.,0.));
#4415=DIRECTION('',(-1.,0.,0.));
#4416=DIRECTION('',(0.,0.,1.));
#4417=DIRECTION('',(-1.,0.,0.));
#4418=DIRECTION('',(-0.640022742259485,-0.768355965286044,0.));
#4419=DIRECTION('',(0.,0.,1.));
#4420=DIRECTION('',(1.,0.,0.));
#4421=DIRECTION('',(0.640022742259486,0.768355965286044,0.));
#4422=DIRECTION('',(0.,0.,1.));
#4423=DIRECTION('',(0.472221415160318,-0.881479968611872,0.));
#4424=DIRECTION('',(-0.472221415160318,0.881479968611872,0.));
#4425=DIRECTION('',(0.,0.,1.));
#4426=DIRECTION('',(1.,0.,0.));
#4427=DIRECTION('',(-0.982931977907514,0.183969363772401,0.));
#4428=DIRECTION('',(0.,0.,1.));
#4429=DIRECTION('',(1.,0.,0.));
#4430=DIRECTION('',(-0.183969363772401,-0.982931977907514,0.));
#4431=DIRECTION('',(0.,0.,1.));
#4432=DIRECTION('',(1.,0.,0.));
#4433=DIRECTION('',(0.999993142228644,-0.00370344376002123,0.));
#4434=DIRECTION('',(0.,0.,-1.));
#4435=DIRECTION('',(1.,0.,0.));
#4436=DIRECTION('',(0.969703806645704,-0.244283702642708,0.));
#4437=DIRECTION('',(0.,0.,1.));
#4438=DIRECTION('',(1.,0.,0.));
#4439=DIRECTION('',(1.,0.,0.));
#4440=DIRECTION('',(0.,0.,-1.));
#4441=DIRECTION('',(-1.,0.,0.));
#4442=DIRECTION('',(0.,0.,1.));
#4443=DIRECTION('',(-1.,0.,0.));
#4444=DIRECTION('',(0.,0.,1.));
#4445=DIRECTION('',(1.,0.,0.));
#4446=DIRECTION('',(-1.,0.,0.));
#4447=DIRECTION('',(0.,0.,1.));
#4448=DIRECTION('',(1.,0.,0.));
#4449=DIRECTION('',(-1.,0.,0.));
#4450=DIRECTION('',(0.,0.,1.));
#4451=DIRECTION('',(1.,0.,0.));
#4452=DIRECTION('',(-1.,0.,0.));
#4453=DIRECTION('',(0.,0.,1.));
#4454=DIRECTION('',(0.,0.,1.));
#4455=DIRECTION('',(0.,1.,0.));
#4456=DIRECTION('',(0.,0.,1.));
#4457=DIRECTION('',(0.,1.,0.));
#4458=DIRECTION('',(0.,0.,-1.));
#4459=DIRECTION('',(-1.,0.,0.));
#4460=DIRECTION('',(0.,0.,-1.));
#4461=DIRECTION('',(0.,0.,1.));
#4462=DIRECTION('',(1.,0.,0.));
#4463=DIRECTION('',(0.,0.,-1.));
#4464=DIRECTION('',(0.,0.,-1.));
#4465=DIRECTION('',(0.,0.,-1.));
#4466=DIRECTION('',(0.881479968611872,0.472221415160318,0.));
#4467=DIRECTION('',(-0.472221415160318,0.881479968611872,0.));
#4468=DIRECTION('',(0.066398491875912,-0.123943850608266,-0.990065231271657));
#4469=DIRECTION('',(0.472221415160318,-0.881479968611872,0.));
#4470=DIRECTION('',(0.,0.,-1.));
#4471=DIRECTION('',(-1.,0.,0.));
#4472=DIRECTION('',(0.,0.,1.));
#4473=DIRECTION('',(0.,0.,-1.));
#4474=DIRECTION('',(0.,1.,0.));
#4475=DIRECTION('',(0.,0.,1.));
#4476=DIRECTION('',(1.,0.,0.));
#4477=DIRECTION('',(0.,1.,0.));
#4478=DIRECTION('',(1.,0.,0.));
#4479=DIRECTION('',(0.,1.,0.));
#4480=DIRECTION('',(0.,0.,1.));
#4481=DIRECTION('',(1.,0.,0.));
#4482=DIRECTION('',(-1.,0.,0.));
#4483=DIRECTION('',(0.,0.,-1.));
#4484=DIRECTION('',(1.,0.,0.));
#4485=DIRECTION('',(-0.707106781186543,0.707106781186552,0.));
#4486=DIRECTION('',(0.,0.,1.));
#4487=DIRECTION('',(1.,0.,0.));
#4488=DIRECTION('',(-1.,0.,0.));
#4489=DIRECTION('',(0.,0.,1.));
#4490=DIRECTION('',(1.,0.,0.));
#4491=DIRECTION('',(-0.52999893076381,-0.847998309779694,0.));
#4492=DIRECTION('',(0.,0.,-1.));
#4493=DIRECTION('',(1.,0.,0.));
#4494=DIRECTION('',(-1.,0.,0.));
#4495=DIRECTION('',(0.,0.,1.));
#4496=DIRECTION('',(1.,0.,0.));
#4497=DIRECTION('',(0.,-1.,0.));
#4498=DIRECTION('',(0.,0.,1.));
#4499=DIRECTION('',(1.,0.,0.));
#4500=DIRECTION('',(1.,0.,0.));
#4501=DIRECTION('',(0.,0.,-1.));
#4502=DIRECTION('',(1.,0.,0.));
#4503=DIRECTION('',(0.472221415160318,-0.881479968611872,0.));
#4504=DIRECTION('',(0.,0.,1.));
#4505=DIRECTION('',(1.,0.,0.));
#4506=DIRECTION('',(0.982931977907514,-0.183969363772401,0.));
#4507=DIRECTION('',(0.,0.,-1.));
#4508=DIRECTION('',(1.,0.,0.));
#4509=DIRECTION('',(0.86602540313315,-0.500000001128066,0.));
#4510=DIRECTION('',(0.,0.,1.));
#4511=DIRECTION('',(1.,0.,0.));
#4512=DIRECTION('',(0.500000000880203,0.866025403276253,0.));
#4513=DIRECTION('',(0.,0.,1.));
#4514=DIRECTION('',(1.,0.,0.));
#4515=DIRECTION('',(0.,1.,0.));
#4516=DIRECTION('',(0.,0.,1.));
#4517=DIRECTION('',(1.,0.,0.));
#4518=DIRECTION('',(0.500000000880203,0.866025403276253,0.));
#4519=DIRECTION('',(0.,0.,1.));
#4520=DIRECTION('',(1.,0.,0.));
#4521=DIRECTION('',(0.86602540313315,-0.500000001128066,0.));
#4522=DIRECTION('',(0.,0.,-1.));
#4523=DIRECTION('',(1.,0.,0.));
#4524=DIRECTION('',(0.982931977907514,-0.183969363772401,0.));
#4525=DIRECTION('',(0.,0.,1.));
#4526=DIRECTION('',(1.,0.,0.));
#4527=DIRECTION('',(0.,0.,1.));
#4528=DIRECTION('',(0.472221415160318,-0.881479968611872,0.));
#4529=DIRECTION('',(0.640022742259486,0.768355965286044,0.));
#4530=DIRECTION('',(0.,0.,1.));
#4531=DIRECTION('',(1.,0.,0.));
#4532=DIRECTION('',(-0.640022742259485,-0.768355965286044,0.));
#4533=DIRECTION('',(0.,0.,1.));
#4534=DIRECTION('',(-1.,0.,0.));
#4535=DIRECTION('',(1.,0.,0.));
#4536=DIRECTION('',(0.,0.,1.));
#4537=DIRECTION('',(1.,0.,0.));
#4538=DIRECTION('',(0.,-1.,0.));
#4539=DIRECTION('',(0.,0.,1.));
#4540=DIRECTION('',(1.,0.,0.));
#4541=DIRECTION('',(-1.,0.,0.));
#4542=DIRECTION('',(0.,0.,-1.));
#4543=DIRECTION('',(1.,0.,0.));
#4544=DIRECTION('',(-0.52999893076381,-0.847998309779694,0.));
#4545=DIRECTION('',(0.,0.,1.));
#4546=DIRECTION('',(1.,0.,0.));
#4547=DIRECTION('',(-1.,0.,0.));
#4548=DIRECTION('',(0.,0.,1.));
#4549=DIRECTION('',(1.,0.,0.));
#4550=DIRECTION('',(-0.707106781186542,0.707106781186553,0.));
#4551=DIRECTION('',(0.,0.,-1.));
#4552=DIRECTION('',(1.,0.,0.));
#4553=DIRECTION('',(-1.,0.,0.));
#4554=DIRECTION('',(0.,0.,1.));
#4555=DIRECTION('',(1.,0.,0.));
#4556=DIRECTION('',(1.,0.,0.));
#4557=DIRECTION('',(0.,0.,1.));
#4558=DIRECTION('',(1.,0.,0.));
#4559=DIRECTION('',(0.,0.,1.));
#4560=DIRECTION('',(1.,0.,0.));
#4561=DIRECTION('',(1.,0.,0.));
#4562=DIRECTION('',(0.,0.,-1.));
#4563=DIRECTION('',(0.,0.,-1.));
#4564=DIRECTION('',(0.,1.,0.));
#4565=DIRECTION('',(0.,0.,-1.));
#4566=DIRECTION('',(0.,-1.,0.));
#4567=DIRECTION('',(0.,0.,-1.));
#4568=DIRECTION('',(-1.,0.,0.));
#4569=DIRECTION('',(0.,0.,1.));
#4570=DIRECTION('',(1.,0.,0.));
#4571=DIRECTION('',(0.,0.,-1.));
#4572=DIRECTION('',(0.,0.,-1.));
#4573=DIRECTION('',(-1.,0.,0.));
#4574=DIRECTION('',(0.,0.,-1.));
#4575=DIRECTION('',(0.,0.,1.));
#4576=DIRECTION('',(1.,0.,0.));
#4577=DIRECTION('',(0.,-1.,0.));
#4578=DIRECTION('',(0.,0.,-1.));
#4579=DIRECTION('',(0.,0.,-1.));
#4580=DIRECTION('',(1.,0.,0.));
#4581=DIRECTION('',(0.,-1.,0.));
#4582=DIRECTION('',(0.,0.,-1.));
#4583=DIRECTION('',(1.,0.,1.23908819712629E-16));
#4584=DIRECTION('',(0.,-1.,0.));
#4585=DIRECTION('',(0.,0.,-1.));
#4586=DIRECTION('',(0.,-1.,0.));
#4587=DIRECTION('',(0.,0.,-1.));
#4588=DIRECTION('',(1.,0.,0.));
#4589=DIRECTION('',(0.,-1.,0.));
#4590=DIRECTION('',(0.,0.,-1.));
#4591=DIRECTION('',(-0.996194698091746,0.,0.0871557427476582));
#4592=DIRECTION('',(0.,0.,-1.));
#4593=DIRECTION('',(-1.,0.,0.));
#4594=DIRECTION('',(0.,0.,-1.));
#4595=DIRECTION('',(0.,0.,1.));
#4596=DIRECTION('',(1.,0.,0.));
#4597=DIRECTION('',(-0.707106781186554,-0.707106781186542,0.));
#4598=DIRECTION('',(0.707106781186542,-0.707106781186554,0.));
#4599=DIRECTION('',(0.,0.,-1.));
#4600=DIRECTION('',(0.707106781186542,-0.707106781186554,0.));
#4601=DIRECTION('',(-0.705757556807946,0.705757556807958,0.0617457854184486));
#4602=DIRECTION('',(0.,0.,-1.));
#4603=DIRECTION('',(-1.,0.,0.));
#4604=DIRECTION('',(0.,0.,-1.));
#4605=DIRECTION('',(0.,0.,1.));
#4606=DIRECTION('',(1.,0.,0.));
#4607=DIRECTION('',(0.,-1.,0.));
#4608=DIRECTION('',(0.,0.,-1.));
#4609=DIRECTION('',(0.,0.,-1.));
#4610=DIRECTION('',(1.,0.,0.));
#4611=DIRECTION('',(-0.996194698091746,0.,0.0871557427476582));
#4612=DIRECTION('',(0.,0.,-1.));
#4613=DIRECTION('',(-1.,0.,0.));
#4614=DIRECTION('',(0.,0.,-1.));
#4615=DIRECTION('',(0.,0.,1.));
#4616=DIRECTION('',(1.,0.,0.));
#4617=DIRECTION('',(0.847998309779694,-0.52999893076381,0.));
#4618=DIRECTION('',(0.52999893076381,0.847998309779694,0.));
#4619=DIRECTION('',(0.,0.,-1.));
#4620=DIRECTION('',(0.52999893076381,0.847998309779694,0.));
#4621=DIRECTION('',(-0.529430079255058,-0.847088147343626,0.046319130064449));
#4622=DIRECTION('',(0.,0.,-1.));
#4623=DIRECTION('',(-1.,0.,0.));
#4624=DIRECTION('',(0.,0.,-1.));
#4625=DIRECTION('',(0.,0.,1.));
#4626=DIRECTION('',(1.,0.,0.));
#4627=DIRECTION('',(0.,-1.,0.));
#4628=DIRECTION('',(0.,0.,-1.));
#4629=DIRECTION('',(1.,0.,0.));
#4630=DIRECTION('',(-0.996194698091746,0.,0.0871557427476582));
#4631=DIRECTION('',(0.,1.,0.));
#4632=DIRECTION('',(0.,0.,1.));
#4633=DIRECTION('',(0.,0.,-1.));
#4634=DIRECTION('',(-1.,0.,0.));
#4635=DIRECTION('',(0.996194698091746,0.,-0.0871557427476582));
#4636=DIRECTION('',(0.,0.,-1.));
#4637=DIRECTION('',(-1.,0.,0.));
#4638=DIRECTION('',(0.,0.,-1.));
#4639=DIRECTION('',(0.,0.,1.));
#4640=DIRECTION('',(1.,0.,0.));
#4641=DIRECTION('',(0.881479968611872,0.472221415160318,0.));
#4642=DIRECTION('',(-0.472221415160318,0.881479968611872,0.));
#4643=DIRECTION('',(0.,0.,-1.));
#4644=DIRECTION('',(-0.472221415160318,0.881479968611872,0.));
#4645=DIRECTION('',(0.471818925171638,-0.880728653971751,-0.0412788071895046));
#4646=DIRECTION('',(0.,0.,-1.));
#4647=DIRECTION('',(-1.,0.,0.));
#4648=DIRECTION('',(0.,0.,-1.));
#4649=DIRECTION('',(0.,0.,1.));
#4650=DIRECTION('',(1.,0.,0.));
#4651=DIRECTION('',(0.183969363772402,0.982931977907514,0.));
#4652=DIRECTION('',(-0.982931977907514,0.183969363772402,0.));
#4653=DIRECTION('',(0.,0.,-1.));
#4654=DIRECTION('',(-0.982931977907514,0.183969363772402,0.));
#4655=DIRECTION('',(0.979317518814158,-0.183292867580669,-0.0856791808885746));
#4656=DIRECTION('',(0.,0.,-1.));
#4657=DIRECTION('',(-1.,0.,0.));
#4658=DIRECTION('',(0.,0.,-1.));
#4659=DIRECTION('',(0.,0.,1.));
#4660=DIRECTION('',(1.,0.,0.));
#4661=DIRECTION('',(0.500000001128066,0.86602540313315,0.));
#4662=DIRECTION('',(-0.86602540313315,0.500000001128066,0.));
#4663=DIRECTION('',(0.,0.,-1.));
#4664=DIRECTION('',(-0.86602540313315,0.500000001128066,0.));
#4665=DIRECTION('',(0.863550258968702,-0.49857097597414,-0.0755508580446373));
#4666=DIRECTION('',(0.,0.,-1.));
#4667=DIRECTION('',(-1.,0.,0.));
#4668=DIRECTION('',(0.,0.,-1.));
#4669=DIRECTION('',(0.,0.,1.));
#4670=DIRECTION('',(1.,0.,0.));
#4671=DIRECTION('',(0.,0.,1.));
#4672=DIRECTION('',(1.,0.,0.));
#4673=DIRECTION('',(0.,0.,1.));
#4674=DIRECTION('',(1.,0.,0.));
#4675=DIRECTION('',(0.,-1.,0.));
#4676=DIRECTION('',(0.,0.,1.));
#4677=DIRECTION('',(1.,0.,0.));
#4678=DIRECTION('',(-0.500000000880203,-0.866025403276253,0.));
#4679=DIRECTION('',(0.,0.,1.));
#4680=DIRECTION('',(1.,0.,0.));
#4681=DIRECTION('',(-0.86602540313315,0.500000001128066,0.));
#4682=DIRECTION('',(0.,0.,1.));
#4683=DIRECTION('',(1.,0.,0.));
#4684=DIRECTION('',(-0.982931977907514,0.183969363772402,0.));
#4685=DIRECTION('',(0.,0.,1.));
#4686=DIRECTION('',(1.,0.,0.));
#4687=DIRECTION('',(-0.472221415160318,0.881479968611872,0.));
#4688=DIRECTION('',(0.,0.,1.));
#4689=DIRECTION('',(1.,0.,0.));
#4690=DIRECTION('',(-1.,0.,0.));
#4691=DIRECTION('',(0.,0.,1.));
#4692=DIRECTION('',(1.,0.,0.));
#4693=DIRECTION('',(0.,1.,0.));
#4694=DIRECTION('',(0.,0.,1.));
#4695=DIRECTION('',(1.,0.,0.));
#4696=DIRECTION('',(1.,0.,0.));
#4697=DIRECTION('',(0.,0.,1.));
#4698=DIRECTION('',(1.,0.,0.));
#4699=DIRECTION('',(0.52999893076381,0.847998309779694,0.));
#4700=DIRECTION('',(0.,0.,1.));
#4701=DIRECTION('',(1.,0.,0.));
#4702=DIRECTION('',(1.,0.,0.));
#4703=DIRECTION('',(0.,0.,1.));
#4704=DIRECTION('',(1.,0.,0.));
#4705=DIRECTION('',(0.707106781186543,-0.707106781186552,0.));
#4706=DIRECTION('',(0.,0.,1.));
#4707=DIRECTION('',(1.,0.,0.));
#4708=DIRECTION('',(1.,0.,0.));
#4709=DIRECTION('',(0.,0.,1.));
#4710=DIRECTION('',(1.,0.,0.));
#4711=DIRECTION('',(0.,1.,0.));
#4712=DIRECTION('',(0.,0.,1.));
#4713=DIRECTION('',(1.,0.,0.));
#4714=DIRECTION('',(-1.,0.,0.));
#4715=DIRECTION('',(0.,0.,1.));
#4716=DIRECTION('',(1.,0.,0.));
#4717=DIRECTION('',(-0.707106781186542,0.707106781186554,0.));
#4718=DIRECTION('',(0.,0.,1.));
#4719=DIRECTION('',(1.,0.,0.));
#4720=DIRECTION('',(-1.,0.,0.));
#4721=DIRECTION('',(0.,0.,1.));
#4722=DIRECTION('',(1.,0.,0.));
#4723=DIRECTION('',(-0.52999893076381,-0.847998309779694,0.));
#4724=DIRECTION('',(0.,0.,1.));
#4725=DIRECTION('',(1.,0.,0.));
#4726=DIRECTION('',(-1.,0.,0.));
#4727=DIRECTION('',(0.,0.,1.));
#4728=DIRECTION('',(1.,0.,0.));
#4729=DIRECTION('',(0.,-1.,0.));
#4730=DIRECTION('',(0.,0.,1.));
#4731=DIRECTION('',(1.,0.,0.));
#4732=DIRECTION('',(1.,0.,0.));
#4733=DIRECTION('',(0.,0.,1.));
#4734=DIRECTION('',(1.,0.,0.));
#4735=DIRECTION('',(0.472221415160318,-0.881479968611872,0.));
#4736=DIRECTION('',(0.,0.,1.));
#4737=DIRECTION('',(1.,0.,0.));
#4738=DIRECTION('',(0.982931977907514,-0.183969363772402,0.));
#4739=DIRECTION('',(0.,0.,1.));
#4740=DIRECTION('',(1.,0.,0.));
#4741=DIRECTION('',(0.86602540313315,-0.500000001128066,0.));
#4742=DIRECTION('',(0.,0.,1.));
#4743=DIRECTION('',(1.,0.,0.));
#4744=DIRECTION('',(0.500000000880203,0.866025403276253,0.));
#4745=DIRECTION('',(-1.,0.,0.));
#4746=DIRECTION('',(0.,0.,1.));
#4747=DIRECTION('',(-1.,0.,0.));
#4748=DIRECTION('',(0.,0.,1.));
#4749=DIRECTION('',(0.,-1.,-1.18546023415271E-16));
#4750=DIRECTION('',(-1.,0.,0.));
#4751=DIRECTION('',(0.,0.,1.));
#4752=DIRECTION('',(0.,1.,1.18546023415271E-16));
#4753=DIRECTION('',(0.,-1.,0.));
#4754=DIRECTION('',(0.,0.,-1.));
#4755=DIRECTION('',(0.,1.,0.));
#4756=DIRECTION('',(-0.866025403276253,0.500000000880203,0.));
#4757=DIRECTION('',(-0.500000000880203,-0.866025403276253,0.));
#4758=DIRECTION('',(0.,0.,-1.));
#4759=DIRECTION('',(-0.500000000880203,-0.866025403276253,0.));
#4760=DIRECTION('',(0.49952229472001,0.865197991937653,-0.0437025379664564));
#4761=DIRECTION('',(0.,0.,-1.));
#4762=DIRECTION('',(-1.,0.,0.));
#4763=DIRECTION('',(0.,0.,1.));
#4764=DIRECTION('',(1.,0.,0.));
#4765=DIRECTION('',(-0.0871557427476582,0.,-0.996194698091746));
#4766=DIRECTION('',(0.996194698091746,0.,-0.0871557427476582));
#4767=DIRECTION('',(-0.0871557427476582,0.,-0.996194698091746));
#4768=DIRECTION('',(-0.996194698091746,0.,0.0871557427476582));
#4769=DIRECTION('',(-0.0871557427476582,0.,-0.996194698091746));
#4770=DIRECTION('',(-0.996194698091746,0.,0.0871557427476582));
#4771=DIRECTION('',(-0.0871557427476582,0.,-0.996194698091746));
#4772=DIRECTION('',(-0.996194698091746,0.,0.0871557427476582));
#4773=DIRECTION('',(-0.0871557427476582,0.,-0.996194698091746));
#4774=DIRECTION('',(-0.996194698091746,0.,0.0871557427476582));
#4775=DIRECTION('',(0.,-1.,0.));
#4776=DIRECTION('',(-0.49952229472001,-0.865197991937652,0.0437025379664564));
#4777=DIRECTION('',(-0.863550258968702,0.49857097597414,0.0755508580446373));
#4778=DIRECTION('',(-0.979317518814158,0.183292867580669,0.0856791808885746));
#4779=DIRECTION('',(-0.471818925171638,0.880728653971751,0.0412788071895046));
#4780=DIRECTION('',(-0.996194698091746,0.,0.0871557427476582));
#4781=DIRECTION('',(0.,1.,0.));
#4782=DIRECTION('',(0.996194698091746,0.,-0.0871557427476582));
#4783=DIRECTION('',(0.529430079255058,0.847088147343626,-0.046319130064449));
#4784=DIRECTION('',(0.996194698091746,0.,-0.0871557427476582));
#4785=DIRECTION('',(0.705757556807946,-0.705757556807958,-0.0617457854184486));
#4786=DIRECTION('',(0.996194698091746,0.,-0.0871557427476582));
#4787=DIRECTION('',(-1.,0.,0.));
#4788=DIRECTION('',(0.,0.,1.));
#4789=DIRECTION('',(0.,0.,-1.));
#4790=DIRECTION('',(0.,1.,0.));
#4791=DIRECTION('',(0.,0.,-1.));
#4792=DIRECTION('',(-1.,0.,0.));
#4793=DIRECTION('',(0.,0.,1.));
#4794=DIRECTION('',(0.,-1.,-1.18546023415271E-16));
#4795=DIRECTION('',(0.,0.,-1.));
#4796=DIRECTION('',(-1.,0.,0.));
#4797=DIRECTION('',(0.,0.,1.));
#4798=DIRECTION('',(1.,0.,0.));
#4799=DIRECTION('',(0.,0.,-1.));
#4800=DIRECTION('',(0.,-1.,0.));
#4801=DIRECTION('',(0.,0.,-1.));
#4802=DIRECTION('',(-1.,0.,0.));
#4803=DIRECTION('',(0.,0.,-1.));
#4804=DIRECTION('',(0.,0.,-1.));
#4805=DIRECTION('',(-1.,0.,0.));
#4806=DIRECTION('',(0.,0.,1.));
#4807=DIRECTION('',(1.,0.,0.));
#4808=DIRECTION('',(0.,0.,-1.));
#4809=DIRECTION('',(-0.707106781186552,-0.707106781186543,0.));
#4810=DIRECTION('',(0.707106781186543,-0.707106781186552,0.));
#4811=DIRECTION('',(-0.707106781186543,0.707106781186552,0.));
#4812=DIRECTION('',(0.,0.,-1.));
#4813=DIRECTION('',(0.,0.,-1.));
#4814=DIRECTION('',(-1.,0.,0.));
#4815=DIRECTION('',(0.,0.,1.));
#4816=DIRECTION('',(1.,0.,0.));
#4817=DIRECTION('',(0.,0.,-1.));
#4818=DIRECTION('',(0.,-1.,0.));
#4819=DIRECTION('',(0.,0.,-1.));
#4820=DIRECTION('',(-1.,0.,0.));
#4821=DIRECTION('',(0.,0.,-1.));
#4822=DIRECTION('',(0.,0.,-1.));
#4823=DIRECTION('',(-1.,0.,0.));
#4824=DIRECTION('',(0.,0.,1.));
#4825=DIRECTION('',(1.,0.,0.));
#4826=DIRECTION('',(0.,0.,-1.));
#4827=DIRECTION('',(0.847998309779694,-0.52999893076381,0.));
#4828=DIRECTION('',(0.52999893076381,0.847998309779694,0.));
#4829=DIRECTION('',(-0.52999893076381,-0.847998309779694,0.));
#4830=DIRECTION('',(0.,0.,-1.));
#4831=DIRECTION('',(0.,0.,-1.));
#4832=DIRECTION('',(-1.,0.,0.));
#4833=DIRECTION('',(0.,0.,1.));
#4834=DIRECTION('',(1.,0.,0.));
#4835=DIRECTION('',(0.,0.,-1.));
#4836=DIRECTION('',(0.,-1.,0.));
#4837=DIRECTION('',(0.,0.,-1.));
#4838=DIRECTION('',(-1.,0.,0.));
#4839=DIRECTION('',(0.,0.,-1.));
#4840=DIRECTION('',(0.,0.,-1.));
#4841=DIRECTION('',(-1.,0.,0.));
#4842=DIRECTION('',(0.,0.,1.));
#4843=DIRECTION('',(1.,0.,0.));
#4844=DIRECTION('',(0.,0.,-1.));
#4845=DIRECTION('',(1.,0.,0.));
#4846=DIRECTION('',(0.,0.,-1.));
#4847=DIRECTION('',(0.,-1.,0.));
#4848=DIRECTION('',(0.,0.,-1.));
#4849=DIRECTION('',(0.,0.,-1.));
#4850=DIRECTION('',(-1.,0.,0.));
#4851=DIRECTION('',(0.,0.,1.));
#4852=DIRECTION('',(1.,0.,0.));
#4853=DIRECTION('',(0.,0.,-1.));
#4854=DIRECTION('',(0.,1.,0.));
#4855=DIRECTION('',(0.,0.,1.));
#4856=DIRECTION('',(1.,0.,0.));
#4857=DIRECTION('',(0.,0.,-1.));
#4858=DIRECTION('',(0.,0.,-1.));
#4859=DIRECTION('',(-1.,0.,0.));
#4860=DIRECTION('',(0.,0.,1.));
#4861=DIRECTION('',(1.,0.,0.));
#4862=DIRECTION('',(0.,0.,-1.));
#4863=DIRECTION('',(0.881479968611872,0.472221415160318,0.));
#4864=DIRECTION('',(-0.472221415160318,0.881479968611872,0.));
#4865=DIRECTION('',(0.472221415160318,-0.881479968611872,0.));
#4866=DIRECTION('',(0.,0.,-1.));
#4867=DIRECTION('',(0.,0.,-1.));
#4868=DIRECTION('',(-1.,0.,0.));
#4869=DIRECTION('',(0.,0.,1.));
#4870=DIRECTION('',(1.,0.,0.));
#4871=DIRECTION('',(0.,0.,-1.));
#4872=DIRECTION('',(0.183969363772402,0.982931977907514,0.));
#4873=DIRECTION('',(-0.982931977907514,0.183969363772402,0.));
#4874=DIRECTION('',(0.982931977907514,-0.183969363772402,0.));
#4875=DIRECTION('',(0.,0.,-1.));
#4876=DIRECTION('',(0.,0.,-1.));
#4877=DIRECTION('',(-1.,0.,0.));
#4878=DIRECTION('',(0.,0.,1.));
#4879=DIRECTION('',(1.,0.,0.));
#4880=DIRECTION('',(0.,0.,-1.));
#4881=DIRECTION('',(0.500000001128066,0.86602540313315,0.));
#4882=DIRECTION('',(-0.86602540313315,0.500000001128066,0.));
#4883=DIRECTION('',(0.86602540313315,-0.500000001128066,0.));
#4884=DIRECTION('',(0.,0.,-1.));
#4885=DIRECTION('',(0.,0.,-1.));
#4886=DIRECTION('',(-1.,0.,0.));
#4887=DIRECTION('',(0.,0.,1.));
#4888=DIRECTION('',(1.,0.,0.));
#4889=DIRECTION('',(0.,0.,-1.));
#4890=DIRECTION('',(-0.866025403276253,0.500000000880203,0.));
#4891=DIRECTION('',(-0.500000000880203,-0.866025403276253,0.));
#4892=DIRECTION('',(0.500000000880203,0.866025403276253,0.));
#4893=DIRECTION('',(0.,0.,-1.));
#4894=DIRECTION('',(0.,0.,-1.));
#4895=DIRECTION('',(-1.,0.,0.));
#4896=DIRECTION('',(0.,0.,1.));
#4897=DIRECTION('',(1.,0.,0.));
#4898=DIRECTION('',(0.,0.,-1.));
#4899=DIRECTION('',(-1.,0.,0.));
#4900=DIRECTION('',(0.,0.,-1.));
#4901=DIRECTION('',(-0.866025403276253,0.500000000880203,0.));
#4902=DIRECTION('',(-0.500000000880203,-0.866025403276253,0.));
#4903=DIRECTION('',(0.,0.,-1.));
#4904=DIRECTION('',(0.,0.,-1.));
#4905=DIRECTION('',(-1.,0.,0.));
#4906=DIRECTION('',(0.,0.,-1.));
#4907=DIRECTION('',(0.500000001128066,0.86602540313315,0.));
#4908=DIRECTION('',(-0.86602540313315,0.500000001128066,0.));
#4909=DIRECTION('',(0.,0.,-1.));
#4910=DIRECTION('',(0.,0.,-1.));
#4911=DIRECTION('',(-1.,0.,0.));
#4912=DIRECTION('',(0.,0.,-1.));
#4913=DIRECTION('',(0.183969363772401,0.982931977907514,0.));
#4914=DIRECTION('',(-0.982931977907514,0.183969363772401,0.));
#4915=DIRECTION('',(0.,0.,1.));
#4916=DIRECTION('',(0.,0.,1.));
#4917=DIRECTION('',(0.,0.,-1.));
#4918=DIRECTION('',(0.,0.,-1.));
#4919=DIRECTION('',(-1.,0.,0.));
#4920=DIRECTION('',(0.,1.,0.));
#4921=DIRECTION('',(0.,0.,1.));
#4922=DIRECTION('',(0.168881981564957,0.,0.985636279924138));
#4923=DIRECTION('',(0.,0.,-1.));
#4924=DIRECTION('',(0.,0.,-1.));
#4925=DIRECTION('',(-1.,0.,0.));
#4926=DIRECTION('',(0.,0.,-1.));
#4927=DIRECTION('',(1.,0.,0.));
#4928=DIRECTION('',(0.,0.,-1.));
#4929=DIRECTION('',(0.,0.,-1.));
#4930=DIRECTION('',(0.,0.,-1.));
#4931=DIRECTION('',(-1.,0.,0.));
#4932=DIRECTION('',(0.,0.,-1.));
#4933=DIRECTION('',(0.,-1.,0.));
#4934=DIRECTION('',(0.,0.,-1.));
#4935=DIRECTION('',(0.,0.,-1.));
#4936=DIRECTION('',(0.,0.,-1.));
#4937=DIRECTION('',(-1.,0.,0.));
#4938=DIRECTION('',(0.,0.,-1.));
#4939=DIRECTION('',(0.847998309779694,-0.52999893076381,0.));
#4940=DIRECTION('',(0.52999893076381,0.847998309779694,0.));
#4941=DIRECTION('',(0.,0.,-1.));
#4942=DIRECTION('',(0.,0.,-1.));
#4943=DIRECTION('',(-1.,0.,0.));
#4944=DIRECTION('',(0.,0.,-1.));
#4945=DIRECTION('',(0.,-1.,0.));
#4946=DIRECTION('',(0.,0.,-1.));
#4947=DIRECTION('',(0.,0.,-1.));
#4948=DIRECTION('',(0.,0.,-1.));
#4949=DIRECTION('',(-1.,0.,0.));
#4950=DIRECTION('',(0.,0.,-1.));
#4951=DIRECTION('',(-0.707106781186553,-0.707106781186542,0.));
#4952=DIRECTION('',(0.707106781186542,-0.707106781186553,0.));
#4953=DIRECTION('',(0.,0.,-1.));
#4954=DIRECTION('',(0.,0.,-1.));
#4955=DIRECTION('',(-1.,0.,0.));
#4956=DIRECTION('',(0.,0.,-1.));
#4957=DIRECTION('',(0.,-1.,0.));
#4958=DIRECTION('',(0.,0.,-1.));
#4959=DIRECTION('',(0.,0.,1.));
#4960=DIRECTION('',(0.,1.18546023415271E-16,-1.));
#4961=DIRECTION('',(0.,1.,1.18546023415271E-16));
#4962=DIRECTION('',(1.,0.,0.));
#4963=DIRECTION('',(0.,-1.,-1.18546023415271E-16));
#4964=DIRECTION('',(0.,1.18546023415271E-16,-1.));
#4965=DIRECTION('',(0.,1.,1.18546023415271E-16));
#4966=DIRECTION('',(0.,1.18546023415271E-16,-1.));
#4967=DIRECTION('',(0.,1.,1.18546023415271E-16));
#4968=DIRECTION('',(0.,1.18546023415271E-16,-1.));
#4969=DIRECTION('',(0.,1.,1.18546023415271E-16));
#4970=DIRECTION('',(0.,1.,1.18546023415271E-16));
#4971=DIRECTION('',(0.,1.,1.18546023415271E-16));
#4972=DIRECTION('',(1.,0.,0.));
#4973=DIRECTION('',(0.,-1.,-1.18546023415271E-16));
#4974=DIRECTION('',(0.,1.18546023415271E-16,-1.));
#4975=DIRECTION('',(0.,1.,1.18546023415271E-16));
#4976=DIRECTION('',(0.,1.18546023415271E-16,-1.));
#4977=DIRECTION('',(0.,1.,1.18546023415271E-16));
#4978=DIRECTION('',(0.,-1.,-1.18546023415271E-16));
#4979=DIRECTION('',(1.,0.,0.));
#4980=DIRECTION('',(0.,0.,-1.));
#4981=DIRECTION('',(1.,0.,0.));
#4982=DIRECTION('',(0.,0.,-1.));
#4983=DIRECTION('',(-1.,0.,0.));
#4984=DIRECTION('',(0.,0.,1.));
#4985=DIRECTION('',(0.707106781186547,8.38246970396378E-17,-0.707106781186548));
#4986=DIRECTION('',(0.,-1.,-1.18546023415271E-16));
#4987=DIRECTION('',(-0.707106781186548,0.,-0.707106781186547));
#4988=DIRECTION('',(0.707106781186548,0.,0.707106781186548));
#4989=DIRECTION('',(1.,0.,0.));
#4990=DIRECTION('',(0.,0.,-1.));
#4991=DIRECTION('',(0.707106781186548,0.,-0.707106781186548));
#4992=DIRECTION('',(1.,0.,0.));
#4993=DIRECTION('',(0.,0.,-1.));
#4994=DIRECTION('',(-0.707106781186548,0.,0.707106781186548));
#4995=DIRECTION('',(-0.707106781186548,8.38246970396377E-17,-0.707106781186547));
#4996=DIRECTION('',(0.,1.,1.18546023415271E-16));
#4997=DIRECTION('',(0.,0.,-1.));
#4998=DIRECTION('',(-1.,0.,0.));
#4999=DIRECTION('',(0.100290578418349,-0.0835397314813662,-0.99144486137381));
#5000=DIRECTION('',(-0.100290578418349,0.083539731481366,-0.99144486137381));
#5001=DIRECTION('',(-0.761782573488762,0.634547258975541,0.130526192220052));
#5002=DIRECTION('',(0.100290578418349,-0.0835397314813661,0.99144486137381));
#5003=DIRECTION('',(0.168881981564957,-3.15186676990222E-18,0.985636279924138));
#5004=DIRECTION('',(0.761782573488762,-0.634547258975542,0.130526192220052));
#5005=DIRECTION('',(-0.100290578418349,0.0835397314813662,0.99144486137381));
#5006=DIRECTION('',(-0.0663984918759119,0.123943850608266,0.990065231271657));
#5007=DIRECTION('',(0.,0.,1.));
#5008=DIRECTION('',(1.,0.,0.));
#5009=DIRECTION('',(0.,0.,1.));
#5010=DIRECTION('',(1.,0.,0.));
#5011=DIRECTION('',(0.,0.,1.));
#5012=DIRECTION('',(1.,0.,0.));
#5013=DIRECTION('',(0.,0.,-1.));
#5014=DIRECTION('',(-1.,0.,0.));
#5015=DIRECTION('',(0.,0.,1.));
#5016=DIRECTION('',(1.,0.,0.));
#5017=DIRECTION('',(0.,0.,1.));
#5018=DIRECTION('',(1.,0.,0.));
#5019=DIRECTION('',(0.,0.,1.));
#5020=DIRECTION('',(1.,0.,0.));
#5021=DIRECTION('',(0.,0.,-1.));
#5022=DIRECTION('',(-1.,0.,0.));
#5023=DIRECTION('',(0.,0.,1.));
#5024=DIRECTION('',(1.,0.,0.));
#5025=DIRECTION('',(0.,0.,1.));
#5026=DIRECTION('',(1.,0.,0.));
#5027=DIRECTION('',(0.,0.,1.));
#5028=DIRECTION('',(1.,0.,0.));
#5029=DIRECTION('',(0.,0.,-1.));
#5030=DIRECTION('',(-1.,0.,0.));
#5031=DIRECTION('',(0.,0.,1.));
#5032=DIRECTION('',(1.,0.,0.));
#5033=DIRECTION('',(0.,0.,1.));
#5034=DIRECTION('',(1.,0.,0.));
#5035=DIRECTION('',(0.,0.,1.));
#5036=DIRECTION('',(1.,0.,0.));
#5037=DIRECTION('',(0.,0.,-1.));
#5038=DIRECTION('',(-1.,0.,0.));
#5039=DIRECTION('',(0.,0.,1.));
#5040=DIRECTION('',(1.,0.,0.));
#5041=DIRECTION('',(0.,0.,1.));
#5042=DIRECTION('',(1.,0.,0.));
#5043=DIRECTION('',(0.,0.,1.));
#5044=DIRECTION('',(1.,0.,0.));
#5045=DIRECTION('',(0.,0.,1.));
#5046=DIRECTION('',(1.,0.,0.));
#5047=DIRECTION('',(0.,0.,1.));
#5048=DIRECTION('',(1.,0.,0.));
#5049=DIRECTION('',(0.,0.,1.));
#5050=DIRECTION('',(1.,0.,0.));
#5051=DIRECTION('',(0.,0.,1.));
#5052=DIRECTION('',(1.,0.,0.));
#5053=DIRECTION('',(0.,0.,1.));
#5054=DIRECTION('',(1.,0.,0.));
#5055=DIRECTION('',(0.,0.,1.));
#5056=DIRECTION('',(1.,0.,0.));
#5057=DIRECTION('',(0.,0.,1.));
#5058=DIRECTION('',(1.,0.,0.));
#5059=DIRECTION('',(0.,0.,1.));
#5060=DIRECTION('',(1.,0.,0.));
#5061=DIRECTION('',(0.,0.,1.));
#5062=DIRECTION('',(1.,0.,0.));
#5063=DIRECTION('',(0.,0.,1.));
#5064=DIRECTION('',(1.,0.,0.));
#5065=DIRECTION('',(0.,0.,1.));
#5066=DIRECTION('',(1.,0.,0.));
#5067=DIRECTION('',(0.,0.,1.));
#5068=DIRECTION('',(1.,0.,0.));
#5069=DIRECTION('',(0.,0.,1.));
#5070=DIRECTION('',(1.,0.,0.));
#5071=DIRECTION('',(-1.,0.,0.));
#5072=DIRECTION('',(0.,0.,1.));
#5073=DIRECTION('',(1.,0.,0.));
#5074=DIRECTION('',(-1.09569970690079E-16,1.,0.));
#5075=DIRECTION('',(0.,0.,1.));
#5076=DIRECTION('',(1.,0.,0.));
#5077=DIRECTION('',(1.,1.79764090774798E-16,0.));
#5078=DIRECTION('',(0.,0.,1.));
#5079=DIRECTION('',(1.,0.,0.));
#5080=DIRECTION('',(0.,1.,0.));
#5081=DIRECTION('',(0.,0.,1.));
#5082=DIRECTION('',(1.,0.,0.));
#5083=DIRECTION('',(0.,0.,1.));
#5084=DIRECTION('',(1.,0.,0.));
#5085=DIRECTION('',(0.,-1.,0.));
#5086=DIRECTION('',(0.,0.,1.));
#5087=DIRECTION('',(1.,0.,0.));
#5088=DIRECTION('',(0.,0.,1.));
#5089=DIRECTION('',(1.,0.,0.));
#5090=DIRECTION('',(0.,-1.,0.));
#5091=DIRECTION('',(0.,0.,1.));
#5092=DIRECTION('',(1.,0.,0.));
#5093=DIRECTION('',(0.,1.,0.));
#5094=DIRECTION('',(0.,1.,0.));
#5095=DIRECTION('',(-1.23908819712629E-16,0.,1.));
#5096=DIRECTION('',(1.,0.,1.23908819712629E-16));
#5097=DIRECTION('',(0.,1.,0.));
#5098=DIRECTION('',(1.,0.,1.23908819712629E-16));
#5099=DIRECTION('',(0.,1.,0.));
#5100=DIRECTION('',(-1.,0.,0.));
#5101=DIRECTION('',(0.,0.,1.));
#5102=DIRECTION('',(0.,1.,0.));
#5103=DIRECTION('',(0.,0.,1.));
#5104=DIRECTION('',(0.,1.,0.));
#5105=DIRECTION('',(1.,0.,0.));
#5106=DIRECTION('',(0.,0.,-1.));
#5107=DIRECTION('',(0.,0.,1.));
#5108=DIRECTION('',(0.,0.,1.));
#5109=DIRECTION('',(1.,0.,0.));
#5110=DIRECTION('',(0.,0.,-1.));
#5111=DIRECTION('',(0.,0.,-1.));
#5112=DIRECTION('',(0.,0.,1.));
#5113=DIRECTION('',(0.,0.,1.));
#5114=DIRECTION('',(1.,0.,0.));
#5115=DIRECTION('',(0.,0.,1.));
#5116=DIRECTION('',(0.,-1.,0.));
#5117=DIRECTION('',(0.,0.,-1.));
#5118=DIRECTION('',(0.,0.,1.));
#5119=DIRECTION('',(0.,-1.,0.));
#5120=DIRECTION('',(0.,0.,-1.));
#5121=DIRECTION('',(0.,-1.,0.));
#5122=DIRECTION('',(0.,0.,-1.));
#5123=DIRECTION('',(0.,-1.,0.));
#5124=DIRECTION('',(0.,0.,-1.));
#5125=DIRECTION('',(-1.,0.,0.));
#5126=DIRECTION('',(0.,0.,1.));
#5127=DIRECTION('',(0.,0.,1.));
#5128=DIRECTION('',(0.,0.,1.));
#5129=DIRECTION('',(-1.79764090774798E-16,1.,0.));
#5130=DIRECTION('',(-1.,-1.79764090774798E-16,0.));
#5131=DIRECTION('',(0.,0.,1.));
#5132=DIRECTION('',(0.,0.,1.));
#5133=DIRECTION('',(-1.,-1.09569970690079E-16,0.));
#5134=DIRECTION('',(1.09569970690079E-16,-1.,0.));
#5135=DIRECTION('',(0.,0.,1.));
#5136=DIRECTION('',(1.09569970690079E-16,-1.,0.));
#5137=DIRECTION('',(0.,0.,1.));
#5138=DIRECTION('',(0.,0.,1.));
#5139=DIRECTION('',(0.,0.,1.));
#5140=DIRECTION('',(-0.737125857995806,0.,-0.675755480535635));
#5141=DIRECTION('',(0.,-1.,0.));
#5142=DIRECTION('',(-0.0616410758587525,0.706961503973677,-0.704560721064021));
#5143=DIRECTION('',(-0.996194698091746,0.,0.0871557427476582));
#5144=DIRECTION('',(-0.0616410758587525,-0.706961503973677,-0.704560721064021));
#5145=DIRECTION('',(0.996194698091746,0.,-0.0871557427476582));
#5146=DIRECTION('',(-0.637970278856163,0.36155385065908,-0.679906417361817));
#5147=DIRECTION('',(-0.529430079255058,-0.847088147343626,0.046319130064449));
#5148=DIRECTION('',(-0.659914004411837,-0.321702040244112,-0.678985496225001));
#5149=DIRECTION('',(0.471818925171638,-0.880728653971751,-0.0412788071895046));
#5150=DIRECTION('',(-0.0616410758587525,0.706961503973677,-0.704560721064021));
#5151=DIRECTION('',(-0.996194698091746,0.,0.0871557427476582));
#5152=DIRECTION('',(-0.190181256806139,-0.689385594193838,-0.69898397125946));
#5153=DIRECTION('',(0.979317518814158,-0.183292867580669,-0.0856791808885746));
#5154=DIRECTION('',(0.452432628507533,0.516064168062552,-0.727311825219192));
#5155=DIRECTION('',(-0.705757556807946,0.705757556807958,0.0617457854184486));
#5156=DIRECTION('',(-0.40635669721306,-0.599315946881755,-0.689706191391174));
#5157=DIRECTION('',(0.863550258968702,-0.49857097597414,-0.0755508580446373));
#5158=DIRECTION('',(-0.0616410758587525,0.706961503973676,-0.704560721064021));
#5159=DIRECTION('',(-0.996194698091746,0.,0.0871557427476582));
#5160=DIRECTION('',(0.572660913998867,-0.367637604778831,-0.732736015991071));
#5161=DIRECTION('',(0.49952229472001,0.865197991937652,-0.0437025379664564));
#5162=DIRECTION('',(0.675451407862782,0.,-0.737404499319191));
#5163=DIRECTION('',(0.,1.,0.));
#5164=DIRECTION('',(-0.0871557427476582,0.,-0.996194698091746));
#5165=DIRECTION('',(-0.996194698091746,0.,0.0871557427476582));
#5166=DIRECTION('',(-0.0871557427476582,0.,-0.996194698091746));
#5167=DIRECTION('',(-0.996194698091746,0.,0.0871557427476582));
#5168=DIRECTION('',(-0.0871557427476582,0.,-0.996194698091746));
#5169=DIRECTION('',(0.996194698091746,0.,-0.0871557427476582));
#5170=DIRECTION('',(-0.0871557427476582,0.,-0.996194698091746));
#5171=DIRECTION('',(-0.996194698091746,0.,0.0871557427476582));
#5172=DIRECTION('',(-0.0871557427476582,0.,-0.996194698091746));
#5173=DIRECTION('',(-0.996194698091746,0.,0.0871557427476582));
#5174=DIRECTION('',(-0.0871557427476582,0.,-0.996194698091746));
#5175=DIRECTION('',(0.996194698091746,0.,-0.0871557427476582));
#5176=DIRECTION('',(-0.0871557427476582,0.,-0.996194698091746));
#5177=DIRECTION('',(-0.996194698091746,0.,0.0871557427476582));
#5178=DIRECTION('',(-0.0871557427476582,0.,-0.996194698091746));
#5179=DIRECTION('',(-0.996194698091746,0.,0.0871557427476582));
#5180=DIRECTION('',(-0.0871557427476582,0.,-0.996194698091746));
#5181=DIRECTION('',(0.996194698091746,0.,-0.0871557427476582));
#5182=DIRECTION('',(-0.0871557427476582,0.,-0.996194698091746));
#5183=DIRECTION('',(-0.996194698091746,0.,0.0871557427476582));
#5184=DIRECTION('',(-0.0871557427476582,0.,-0.996194698091746));
#5185=DIRECTION('',(-0.996194698091746,0.,0.0871557427476582));
#5186=DIRECTION('',(-0.0871557427476582,0.,-0.996194698091746));
#5187=DIRECTION('',(0.996194698091746,0.,-0.0871557427476582));
#5188=DIRECTION('',(-0.707106781186549,0.,-0.707106781186546));
#5189=DIRECTION('',(0.,1.,0.));
#5190=DIRECTION('',(-0.707106781186546,0.,0.707106781186549));
#5191=DIRECTION('',(0.707106781186546,0.,-0.707106781186549));
#5192=DIRECTION('',(0.,0.,1.));
#5193=DIRECTION('',(1.,0.,0.));
#5194=DIRECTION('',(0.,-0.707106781186542,-0.707106781186554));
#5195=DIRECTION('',(0.,0.,1.));
#5196=DIRECTION('',(1.,0.,0.));
#5197=DIRECTION('',(0.,-0.707106781186549,0.707106781186547));
#5198=DIRECTION('',(0.,0.707106781186549,-0.707106781186546));
#5199=DIRECTION('',(1.,0.,0.));
#5200=DIRECTION('',(0.,-0.707106781186546,-0.707106781186549));
#5201=DIRECTION('',(0.,-0.707106781186551,-0.707106781186544));
#5202=DIRECTION('',(-1.,0.,0.));
#5203=DIRECTION('',(0.,-0.707106781186544,0.707106781186551));
#5204=DIRECTION('',(0.,0.,-1.));
#5205=DIRECTION('',(-1.,0.,0.));
#5206=DIRECTION('',(0.599625355279954,-0.374765837964704,-0.707106781186549));
#5207=DIRECTION('',(0.,0.,-1.));
#5208=DIRECTION('',(-1.,0.,0.));
#5209=DIRECTION('',(-0.623300463285561,-0.333910964881367,0.707106781186547));
#5210=DIRECTION('',(-0.599625355279947,0.374765837964706,-0.707106781186554));
#5211=DIRECTION('',(0.52999893076381,0.847998309779694,0.));
#5212=DIRECTION('',(0.599625355279957,-0.374765837964709,-0.707106781186544));
#5213=DIRECTION('',(-0.623300463285563,-0.33391096488137,-0.707106781186544));
#5214=DIRECTION('',(-0.472221415160318,0.881479968611872,0.));
#5215=DIRECTION('',(-0.623300463285557,-0.333910964881369,0.707106781186549));
#5216=DIRECTION('',(0.,0.,1.));
#5217=DIRECTION('',(1.,0.,0.));
#5218=DIRECTION('',(0.,-0.707106781186546,-0.707106781186549));
#5219=DIRECTION('',(0.,0.,1.));
#5220=DIRECTION('',(1.,0.,0.));
#5221=DIRECTION('',(-0.13008598465404,-0.695037867023507,0.70710678118655));
#5222=DIRECTION('',(0.,0.707106781186549,-0.707106781186546));
#5223=DIRECTION('',(1.,0.,0.));
#5224=DIRECTION('',(0.,-0.707106781186546,-0.707106781186549));
#5225=DIRECTION('',(-0.130085984654039,-0.695037867023507,-0.707106781186549));
#5226=DIRECTION('',(-0.982931977907514,0.183969363772402,0.));
#5227=DIRECTION('',(-0.130085984654043,-0.695037867023511,0.707106781186545));
#5228=DIRECTION('',(0.,0.,1.));
#5229=DIRECTION('',(1.,0.,0.));
#5230=DIRECTION('',(-0.5,-0.5,-0.70710678118655));
#5231=DIRECTION('',(0.,0.,-1.));
#5232=DIRECTION('',(-1.,0.,0.));
#5233=DIRECTION('',(-0.353553391390931,-0.612372435235261,0.707106781186552));
#5234=DIRECTION('',(0.5,0.5,-0.707106781186548));
#5235=DIRECTION('',(0.707106781186543,-0.707106781186552,0.));
#5236=DIRECTION('',(-0.5,-0.5,-0.707106781186549));
#5237=DIRECTION('',(-0.35355339139094,-0.612372435235269,-0.707106781186541));
#5238=DIRECTION('',(-0.86602540313315,0.500000001128066,0.));
#5239=DIRECTION('',(-0.35355339139094,-0.61237243523526,0.707106781186549));
#5240=DIRECTION('',(0.,0.,-1.));
#5241=DIRECTION('',(-1.,0.,0.));
#5242=DIRECTION('',(0.,-0.707106781186542,-0.707106781186554));
#5243=DIRECTION('',(0.,0.,1.));
#5244=DIRECTION('',(1.,0.,0.));
#5245=DIRECTION('',(0.61237243533645,-0.353553391215677,0.707106781186548));
#5246=DIRECTION('',(0.,0.707106781186549,-0.707106781186546));
#5247=DIRECTION('',(1.,0.,0.));
#5248=DIRECTION('',(0.,-0.707106781186546,-0.707106781186549));
#5249=DIRECTION('',(0.612372435336452,-0.35355339121567,-0.707106781186549));
#5250=DIRECTION('',(-0.500000000880203,-0.866025403276253,0.));
#5251=DIRECTION('',(0.612372435336458,-0.353553391215666,0.707106781186546));
#5252=DIRECTION('',(0.,0.,1.));
#5253=DIRECTION('',(1.,0.,0.));
#5254=DIRECTION('',(-0.707106781186546,0.,-0.707106781186549));
#5255=DIRECTION('',(0.,0.,1.));
#5256=DIRECTION('',(1.,0.,0.));
#5257=DIRECTION('',(0.707106781186546,0.,0.707106781186549));
#5258=DIRECTION('',(0.707106781186549,0.,-0.707106781186546));
#5259=DIRECTION('',(0.,-1.,0.));
#5260=DIRECTION('',(-0.707106781186548,0.,0.707106781186548));
#5261=DIRECTION('',(0.,1.,0.));
#5262=DIRECTION('',(0.707106781186548,0.,0.707106781186548));
#5263=DIRECTION('',(-0.707106781186548,0.,-0.707106781186548));
#5264=DIRECTION('',(0.,0.,-1.));
#5265=DIRECTION('',(-1.,0.,0.));
#5266=DIRECTION('',(0.,-0.707106781186548,-0.707106781186548));
#5267=DIRECTION('',(0.,0.,-1.));
#5268=DIRECTION('',(-1.,0.,0.));
#5269=DIRECTION('',(0.,-0.707106781186548,0.707106781186548));
#5270=DIRECTION('',(0.,-0.707106781186548,0.707106781186548));
#5271=DIRECTION('',(-1.,0.,0.));
#5272=DIRECTION('',(9.81307786677359E-15,-0.707106781186548,-0.707106781186548));
#5273=DIRECTION('',(0.,0.707106781186548,0.707106781186548));
#5274=DIRECTION('',(1.,0.,0.));
#5275=DIRECTION('',(0.,-0.707106781186548,0.707106781186548));
#5276=DIRECTION('',(0.,0.,1.));
#5277=DIRECTION('',(1.,0.,0.));
#5278=DIRECTION('',(-0.623300463285558,-0.333910964881369,-0.707106781186549));
#5279=DIRECTION('',(0.,0.,1.));
#5280=DIRECTION('',(1.,0.,0.));
#5281=DIRECTION('',(0.599625355279949,-0.374765837964714,0.707106781186548));
#5282=DIRECTION('',(-0.623300463285562,-0.33391096488137,0.707106781186545));
#5283=DIRECTION('',(-0.472221415160318,0.881479968611872,0.));
#5284=DIRECTION('',(-0.623300463285557,-0.333910964881369,-0.707106781186549));
#5285=DIRECTION('',(-0.599625355279951,0.374765837964709,0.707106781186549));
#5286=DIRECTION('',(0.52999893076381,0.847998309779694,0.));
#5287=DIRECTION('',(0.599625355279955,-0.374765837964704,0.707106781186548));
#5288=DIRECTION('',(0.,0.,-1.));
#5289=DIRECTION('',(-1.,0.,0.));
#5290=DIRECTION('',(-0.130085984654039,-0.695037867023508,-0.707106781186549));
#5291=DIRECTION('',(0.,0.,-1.));
#5292=DIRECTION('',(-1.,0.,0.));
#5293=DIRECTION('',(0.,-0.707106781186548,0.707106781186548));
#5294=DIRECTION('',(-0.13008598465404,-0.695037867023509,0.707106781186548));
#5295=DIRECTION('',(-0.982931977907514,0.183969363772402,0.));
#5296=DIRECTION('',(-0.130085984654044,-0.695037867023507,-0.707106781186549));
#5297=DIRECTION('',(0.,0.707106781186548,0.707106781186548));
#5298=DIRECTION('',(1.,0.,0.));
#5299=DIRECTION('',(0.,-0.707106781186548,0.707106781186548));
#5300=DIRECTION('',(0.,0.,1.));
#5301=DIRECTION('',(1.,0.,0.));
#5302=DIRECTION('',(-0.353553391390938,-0.612372435235266,-0.707106781186544));
#5303=DIRECTION('',(0.,0.,-1.));
#5304=DIRECTION('',(-1.,0.,0.));
#5305=DIRECTION('',(-0.500000000000009,-0.499999999999989,0.707106781186549));
#5306=DIRECTION('',(-0.353553391390934,-0.612372435235259,0.707106781186552));
#5307=DIRECTION('',(-0.86602540313315,0.500000001128066,0.));
#5308=DIRECTION('',(-0.353553391390941,-0.612372435235265,-0.707106781186544));
#5309=DIRECTION('',(0.5,0.499999999999992,0.707106781186552));
#5310=DIRECTION('',(0.707106781186542,-0.707106781186554,0.));
#5311=DIRECTION('',(-0.5,-0.5,0.707106781186542));
#5312=DIRECTION('',(0.,0.,-1.));
#5313=DIRECTION('',(-1.,0.,0.));
#5314=DIRECTION('',(0.612372435336447,-0.353553391215671,-0.707106781186553));
#5315=DIRECTION('',(0.,0.,1.));
#5316=DIRECTION('',(1.,0.,0.));
#5317=DIRECTION('',(0.,-0.707106781186543,0.707106781186552));
#5318=DIRECTION('',(0.612372435336454,-0.353553391215672,0.707106781186547));
#5319=DIRECTION('',(-0.500000000880203,-0.866025403276253,0.));
#5320=DIRECTION('',(0.612372435336449,-0.353553391215662,-0.707106781186556));
#5321=DIRECTION('',(0.,0.707106781186548,0.707106781186548));
#5322=DIRECTION('',(1.,0.,0.));
#5323=DIRECTION('',(0.,-0.707106781186548,0.707106781186548));
#5324=DIRECTION('',(0.,0.,-1.));
#5325=DIRECTION('',(-1.,0.,0.));
#5326=DIRECTION('',(0.707106781186548,0.,-0.707106781186548));
#5327=DIRECTION('',(0.,0.,-1.));
#5328=DIRECTION('',(-1.,0.,0.));
#5329=DIRECTION('',(-0.707106781186548,0.,0.707106781186548));
#5330=DIRECTION('',(0.707106781186548,0.,0.707106781186548));
#5331=DIRECTION('',(0.,-1.,0.));
#5332=DIRECTION('',(0.,1.,0.));
#5333=DIRECTION('',(0.,0.,1.));
#5334=DIRECTION('',(0.,-1.,0.));
#5335=DIRECTION('',(0.,0.,-1.));
#5336=DIRECTION('',(0.,1.,0.));
#5337=DIRECTION('',(0.,0.,1.));
#5338=DIRECTION('',(0.,-1.,0.));
#5339=DIRECTION('',(0.,0.,-1.));
#5340=DIRECTION('',(-0.168881981564957,0.,-0.985636279924138));
#5341=DIRECTION('',(-0.985636279924138,0.,0.168881981564957));
#5342=DIRECTION('',(0.0663984918759119,-0.123943850608266,-0.990065231271657));
#5343=DIRECTION('',(0.,0.992254954267156,-0.124217976687291));
#5344=DIRECTION('',(0.,0.,1.));
#5345=DIRECTION('',(1.,0.,0.));
#5346=DIRECTION('',(0.,0.,-1.));
#5347=DIRECTION('',(-1.,0.,0.));
#5348=DIRECTION('',(0.,0.,1.));
#5349=DIRECTION('',(1.,0.,0.));
#5350=DIRECTION('',(0.,0.,-1.));
#5351=DIRECTION('',(-1.,0.,0.));
#5352=DIRECTION('',(0.,0.,-1.));
#5353=DIRECTION('',(0.,0.,-1.));
#5354=DIRECTION('',(-1.,0.,0.));
#5355=DIRECTION('',(0.,0.,-1.));
#5356=DIRECTION('',(0.,0.,-1.));
#5357=DIRECTION('',(-1.,0.,0.));
#5358=DIRECTION('',(0.,0.,-1.));
#5359=DIRECTION('',(-1.,0.,0.));
#5360=DIRECTION('',(-0.183969363772402,-0.982931977907514,0.));
#5361=DIRECTION('',(0.982931977907514,-0.183969363772402,0.));
#5362=DIRECTION('',(0.982931977907514,-0.183969363772402,0.));
#5363=DIRECTION('',(0.183969363772402,0.982931977907514,0.));
#5364=DIRECTION('',(-0.982931977907514,0.183969363772402,0.));
#5365=DIRECTION('',(-0.982931977907514,0.183969363772401,0.));
#5366=DIRECTION('',(-0.982931977907514,0.183969363772401,0.));
#5367=DIRECTION('',(-0.183969363772401,-0.982931977907514,0.));
#5368=DIRECTION('',(0.,0.,1.));
#5369=DIRECTION('',(0.,0.,1.));
#5370=DIRECTION('',(0.,-1.,0.));
#5371=DIRECTION('',(0.,0.,-1.));
#5372=DIRECTION('',(-1.,-2.31296463463574E-16,0.));
#5373=DIRECTION('',(-0.707106781186548,0.,0.707106781186547));
#5374=DIRECTION('',(0.,0.,1.));
#5375=DIRECTION('',(0.,-1.,0.));
#5376=DIRECTION('',(0.,0.,-1.));
#5377=DIRECTION('',(0.707106781186548,0.,-0.707106781186547));
#5378=DIRECTION('',(1.,0.,0.));
#5379=DIRECTION('',(0.,0.,1.));
#5380=DIRECTION('',(0.,0.,1.));
#5381=DIRECTION('',(-0.244283702642708,-0.969703806645704,0.));
#5382=DIRECTION('',(0.969703806645704,-0.244283702642708,0.));
#5383=DIRECTION('',(0.,0.,1.));
#5384=DIRECTION('',(0.,0.,1.));
#5385=DIRECTION('',(0.,0.,1.));
#5386=DIRECTION('',(1.,0.,0.));
#5387=DIRECTION('',(0.,0.,1.));
#5388=DIRECTION('',(-0.00370344376002123,-0.999993142228644,0.));
#5389=DIRECTION('',(0.999993142228644,-0.00370344376002123,0.));
#5390=DIRECTION('',(0.,0.,1.));
#5391=DIRECTION('',(0.,0.,1.));
#5392=DIRECTION('',(1.,0.,0.));
#5393=DIRECTION('',(0.,0.,1.));
#5394=DIRECTION('',(-0.982931977907514,0.183969363772402,0.));
#5395=DIRECTION('',(-0.183969363772402,-0.982931977907514,0.));
#5396=DIRECTION('',(0.,0.,1.));
#5397=DIRECTION('',(0.,0.,1.));
#5398=DIRECTION('',(1.,0.,0.));
#5399=DIRECTION('',(0.,0.,1.));
#5400=DIRECTION('',(1.,0.,0.));
#5401=DIRECTION('',(0.,-1.,0.));
#5402=DIRECTION('',(0.,0.,1.));
#5403=DIRECTION('',(1.,0.,0.));
#5404=DIRECTION('',(0.,0.,1.));
#5405=DIRECTION('',(1.,0.,0.));
#5406=DIRECTION('',(0.,0.,-1.));
#5407=DIRECTION('',(-1.,0.,0.));
#5408=DIRECTION('',(0.,0.,1.));
#5409=DIRECTION('',(0.,0.,-1.));
#5410=DIRECTION('',(-1.,0.,0.));
#5411=DIRECTION('',(0.,0.,1.));
#5412=DIRECTION('',(1.,0.,0.));
#5413=DIRECTION('',(0.,0.,-1.));
#5414=DIRECTION('',(-1.,0.,0.));
#5415=DIRECTION('',(0.,0.,1.));
#5416=DIRECTION('',(1.,0.,0.));
#5417=DIRECTION('',(0.,0.,1.));
#5418=DIRECTION('',(1.,0.,0.));
#5419=DIRECTION('',(-0.707106781186547,0.,-0.707106781186548));
#5420=DIRECTION('',(0.,-1.,0.));
#5421=CARTESIAN_POINT('',(0.,0.,0.));
#5422=CARTESIAN_POINT('',(0.0377581363305055,0.00714998807687377,-0.002));
#5423=CARTESIAN_POINT('',(0.0375281746257899,0.00592132310448938,-0.002));
#5424=CARTESIAN_POINT('',(0.0375281746257899,0.00592132310448938,-0.002));
#5425=CARTESIAN_POINT('',(0.0375281746257899,0.00592132310448938,0.002));
#5426=CARTESIAN_POINT('',(0.0377581363305055,0.00714998807687377,-0.002));
#5427=CARTESIAN_POINT('',(0.0379880980352209,0.00837865304925816,-0.002));
#5428=CARTESIAN_POINT('',(0.0379880980352209,0.00837865304925816,-0.002));
#5429=CARTESIAN_POINT('',(0.0379880980352209,0.00837865304925816,0.002));
#5430=CARTESIAN_POINT('',(0.0377581363305055,0.00714998807687377,0.002));
#5431=CARTESIAN_POINT('',(0.020556826717124,0.0103694519428908,-0.002));
#5432=CARTESIAN_POINT('',(0.0207867884218394,0.0115981169152752,-0.002));
#5433=CARTESIAN_POINT('',(0.0207867884218394,0.0115981169152752,-0.002));
#5434=CARTESIAN_POINT('',(0.0207867884218394,0.0115981169152752,0.002));
#5435=CARTESIAN_POINT('',(0.020556826717124,0.0103694519428908,-0.002));
#5436=CARTESIAN_POINT('',(0.0203268650124084,0.0091407869705064,-0.002));
#5437=CARTESIAN_POINT('',(0.0203268650124084,0.00914078697050641,-0.002));
#5438=CARTESIAN_POINT('',(0.0203268650124084,0.0091407869705064,0.002));
#5439=CARTESIAN_POINT('',(0.020556826717124,0.0103694519428908,0.002));
#5440=CARTESIAN_POINT('',(0.,0.,-0.002));
#5441=CARTESIAN_POINT('',(0.0289275198190992,0.00753105503749789,-0.002));
#5442=CARTESIAN_POINT('',(0.0293874432285302,0.00998838498226667,-0.002));
#5443=CARTESIAN_POINT('',(0.0465439296909771,0.00381159117148087,-0.002));
#5444=CARTESIAN_POINT('',(0.0460524637020234,0.00390357585336707,-0.002));
#5445=CARTESIAN_POINT('',(0.0464636780019066,0.00430510881696208,-0.002));
#5446=CARTESIAN_POINT('',(0.04635,0.00331159117148087,-0.002));
#5447=CARTESIAN_POINT('',(0.04635,0.00431159117148087,-0.002));
#5448=CARTESIAN_POINT('',(-9.97255789864291E-19,0.00431159117148086,-0.002));
#5449=CARTESIAN_POINT('',(0.04135,0.00431159117148087,-0.002));
#5450=CARTESIAN_POINT('',(0.04135,0.,-0.002));
#5451=CARTESIAN_POINT('',(0.04135,0.01377910035,-0.002));
#5452=CARTESIAN_POINT('',(0.0411,0.01377910035,-0.002));
#5453=CARTESIAN_POINT('',(0.0349740205262428,0.01377910035,-0.002));
#5454=CARTESIAN_POINT('',(0.0349740205262428,0.01477910035,-0.002));
#5455=CARTESIAN_POINT('',(0.0347297368236002,0.0138093965433543,-0.002));
#5456=CARTESIAN_POINT('',(0.0212581506368664,0.0172031018496676,-0.002));
#5457=CARTESIAN_POINT('',(0.00766630127373293,0.0206271033493351,-0.002));
#5458=CARTESIAN_POINT('',(0.00583417350391262,0.0133543247994923,-0.002));
#5459=CARTESIAN_POINT('',(0.00580639767571247,0.00585437623277745,-0.002));
#5460=CARTESIAN_POINT('',(0.00680639081794111,0.00585067278901743,-0.002));
#5461=CARTESIAN_POINT('',(0.00780638396016975,0.0058469693452574,-0.002));
#5462=CARTESIAN_POINT('',(0.0077971253507697,0.0033469864896858,-0.002));
#5463=CARTESIAN_POINT('',(0.0102544552955385,0.00288706308025479,-0.002));
#5464=CARTESIAN_POINT('',(0.00611514461065946,-0.0192289064226643,-0.002));
#5465=CARTESIAN_POINT('',(0.00206781860766664,-0.0408534099366296,-0.002));
#5466=CARTESIAN_POINT('',(0.0025592845966204,-0.0409453946185158,-0.002));
#5467=CARTESIAN_POINT('',(0.00246729991473419,-0.0414368606074696,-0.002));
#5468=CARTESIAN_POINT('',(-0.00740949633202205,-0.0395882810897968,-0.002));
#5469=CARTESIAN_POINT('',(0.0358869871635897,-0.0476918189757312,-0.002));
#5470=CARTESIAN_POINT('',(0.0359789718454759,-0.0472003529867774,-0.002));
#5471=CARTESIAN_POINT('',(0.0364704378344296,-0.0472923376686636,-0.002));
#5472=CARTESIAN_POINT('',(0.0412536412925121,-0.0217361062430683,-0.002));
#5473=CARTESIAN_POINT('',(0.,6.93889390390723E-18,0.002));
#5474=CARTESIAN_POINT('',(0.0482829839582173,-0.027661355066689,0.002));
#5475=CARTESIAN_POINT('',(0.0515462889533921,-0.027661355066689,0.002));
#5476=CARTESIAN_POINT('',(0.04735,1.21270320160825E-17,0.002));
#5477=CARTESIAN_POINT('',(0.04735,0.00331159117148087,0.002));
#5478=CARTESIAN_POINT('',(0.04735,-0.00989932677474619,0.002));
#5479=CARTESIAN_POINT('',(0.04635,0.00331159117148087,0.002));
#5480=CARTESIAN_POINT('',(0.0464636780019066,0.00430510881696208,0.002));
#5481=CARTESIAN_POINT('',(0.0465439296909771,0.00381159117148087,0.002));
#5482=CARTESIAN_POINT('',(0.0460524637020234,0.00390357585336707,0.002));
#5483=CARTESIAN_POINT('',(0.0412536412925121,-0.0217361062430683,0.002));
#5484=CARTESIAN_POINT('',(0.0364704378344296,-0.0472923376686636,0.002));
#5485=CARTESIAN_POINT('',(0.0359789718454759,-0.0472003529867774,0.002));
#5486=CARTESIAN_POINT('',(0.0358869871635897,-0.0476918189757312,0.002));
#5487=CARTESIAN_POINT('',(-0.00740949633202205,-0.0395882810897968,0.002));
#5488=CARTESIAN_POINT('',(0.0366489610140409,-0.047834432958824,0.002));
#5489=CARTESIAN_POINT('',(0.0353795724000001,-0.0546166636499998,0.002));
#5490=CARTESIAN_POINT('',(0.0388295724077836,-0.0486410883683813,0.002));
#5491=CARTESIAN_POINT('',(-0.0113548159914957,-0.019667118148704,0.002));
#5492=CARTESIAN_POINT('',(0.0497807939005998,-0.0549637790831559,0.002));
#5493=CARTESIAN_POINT('',(0.0513307939,-0.05227910035,0.002));
#5494=CARTESIAN_POINT('',(0.0540154726501564,-0.0538291003527286,0.002));
#5495=CARTESIAN_POINT('',(0.0638202886373987,-0.0368466609110486,0.002));
#5496=CARTESIAN_POINT('',(0.0651846787335995,-0.0344834679486319,0.002));
#5497=CARTESIAN_POINT('',(0.0625,-0.03293346795,0.002));
#5498=CARTESIAN_POINT('',(0.0656,-0.03293346795,0.002));
#5499=CARTESIAN_POINT('',(0.0656,6.93889390390723E-18,0.002));
#5500=CARTESIAN_POINT('',(0.0656,-0.0118993267747462,0.002));
#5501=CARTESIAN_POINT('',(0.0656,-0.0118993267747462,0.002));
#5502=CARTESIAN_POINT('',(0.06465,-0.0118993267747462,0.002));
#5503=CARTESIAN_POINT('',(2.13907165849447E-18,-0.0118993267747462,0.002));
#5504=CARTESIAN_POINT('',(0.04935,-0.0118993267747462,0.002));
#5505=CARTESIAN_POINT('',(0.04935,-0.00989932677474619,0.002));
#5506=CARTESIAN_POINT('',(0.,6.93889390390723E-18,0.002));
#5507=CARTESIAN_POINT('',(-0.0474074290417827,-0.00866385506668901,0.002));
#5508=CARTESIAN_POINT('',(-0.0441441240466079,-0.00866385506668901,0.002));
#5509=CARTESIAN_POINT('',(-0.0474074290417827,0.029336144933311,0.002));
#5510=CARTESIAN_POINT('',(-0.0441441240466079,0.029336144933311,0.002));
#5511=CARTESIAN_POINT('',(0.0285925709582174,0.033336144933311,0.002));
#5512=CARTESIAN_POINT('',(0.0318558759533921,0.033336144933311,0.002));
#5513=CARTESIAN_POINT('',(0.0411,0.01377910035,0.002));
#5514=CARTESIAN_POINT('',(0.0349740205262428,0.01377910035,0.002));
#5515=CARTESIAN_POINT('',(0.04635,0.01377910035,0.002));
#5516=CARTESIAN_POINT('',(0.04635,0.01477910035,0.002));
#5517=CARTESIAN_POINT('',(0.04735,0.01477910035,0.002));
#5518=CARTESIAN_POINT('',(0.04735,1.21270320160825E-17,0.002));
#5519=CARTESIAN_POINT('',(0.04735,0.04942910035,0.002));
#5520=CARTESIAN_POINT('',(0.04935,0.04942910035,0.002));
#5521=CARTESIAN_POINT('',(0.0475900284093202,0.05037910035,0.002));
#5522=CARTESIAN_POINT('',(0.,0.05037910035,0.002));
#5523=CARTESIAN_POINT('',(0.0330710678,0.05037910035,0.002));
#5524=CARTESIAN_POINT('',(0.0330710678,0.05727910035,0.002));
#5525=CARTESIAN_POINT('',(0.0281920310098128,0.0524000635598128,0.002));
#5526=CARTESIAN_POINT('',(0.0402960472907457,0.0402960472907451,0.002));
#5527=CARTESIAN_POINT('',(0.0261209632187119,0.0544711313627792,0.002));
#5528=CARTESIAN_POINT('',(0.0239289322,0.05227910035,0.002));
#5529=CARTESIAN_POINT('',(0.0239289322,0.05537910035,0.002));
#5530=CARTESIAN_POINT('',(0.,0.05537910035,0.002));
#5531=CARTESIAN_POINT('',(-0.0232287618,0.05537910035,0.002));
#5532=CARTESIAN_POINT('',(-0.0232287618,0.05227910035,0.002));
#5533=CARTESIAN_POINT('',(-0.025857556560317,0.0539220970353678,0.002));
#5534=CARTESIAN_POINT('',(-0.0428288483372854,0.0267680295618794,0.002));
#5535=CARTESIAN_POINT('',(-0.0279200498475084,0.0506221077238051,0.002));
#5536=CARTESIAN_POINT('',(-0.0337712382,0.05427910035,0.002));
#5537=CARTESIAN_POINT('',(-0.0337712382,0.04737910035,0.002));
#5538=CARTESIAN_POINT('',(0.,0.04737910035,0.002));
#5539=CARTESIAN_POINT('',(-0.0625,0.04737910035,0.002));
#5540=CARTESIAN_POINT('',(-0.0625,0.04427910035,0.002));
#5541=CARTESIAN_POINT('',(-0.0656,0.04427910035,0.002));
#5542=CARTESIAN_POINT('',(-0.0656,6.93889390390723E-18,0.002));
#5543=CARTESIAN_POINT('',(-0.0656,-0.02372089965,0.002));
#5544=CARTESIAN_POINT('',(-0.0625,-0.02372089965,0.002));
#5545=CARTESIAN_POINT('',(-0.0625,-0.02682089965,0.002));
#5546=CARTESIAN_POINT('',(0.,-0.02682089965,0.002));
#5547=CARTESIAN_POINT('',(-0.0123919617502414,-0.02682089965,0.002));
#5548=CARTESIAN_POINT('',(-0.0123919617502414,-0.02182089965,0.002));
#5549=CARTESIAN_POINT('',(-0.00847122506686646,-0.0249936359448777,0.002));
#5550=CARTESIAN_POINT('',(0.0072898379999658,-0.0060722663949496,0.002));
#5551=CARTESIAN_POINT('',(-0.00716480890137298,-0.0234252656548481,0.002));
#5552=CARTESIAN_POINT('',(-0.00465742904178268,-0.025513855066689,0.002));
#5553=CARTESIAN_POINT('',(-0.00215004918219239,-0.0276024444785298,0.002));
#5554=CARTESIAN_POINT('',(0.0123045977191464,-0.0102494452186313,0.002));
#5555=CARTESIAN_POINT('',(-0.00289899156945479,-0.0285015599519537,0.002));
#5556=CARTESIAN_POINT('',(0.000953689839899063,-0.0317559975244745,0.002));
#5557=CARTESIAN_POINT('',(-0.00345371000316029,-0.0341171046002761,0.002));
#5558=CARTESIAN_POINT('',(-0.0168849282686949,-0.00904549735200431,0.002));
#5559=CARTESIAN_POINT('',(-0.000456956817208417,-0.0397110438403962,0.002));
#5560=CARTESIAN_POINT('',(0.00227563109999999,-0.0382471574500001,0.002));
#5561=CARTESIAN_POINT('',(0.00170532607230555,-0.0412942465815133,0.002));
#5562=CARTESIAN_POINT('',(-0.00740949633202205,-0.0395882810897968,0.002));
#5563=CARTESIAN_POINT('',(0.00246729991473419,-0.0414368606074696,0.002));
#5564=CARTESIAN_POINT('',(0.0025592845966204,-0.0409453946185158,0.002));
#5565=CARTESIAN_POINT('',(0.00206781860766664,-0.0408534099366296,0.002));
#5566=CARTESIAN_POINT('',(0.00611514461065946,-0.0192289064226643,0.002));
#5567=CARTESIAN_POINT('',(0.0102544552955385,0.00288706308025479,0.002));
#5568=CARTESIAN_POINT('',(0.0077971253507697,0.0033469864896858,0.002));
#5569=CARTESIAN_POINT('',(0.00780638396016975,0.0058469693452574,0.002));
#5570=CARTESIAN_POINT('',(0.00680639081794111,0.00585067278901743,0.002));
#5571=CARTESIAN_POINT('',(0.00580639767571247,0.00585437623277745,0.002));
#5572=CARTESIAN_POINT('',(0.00583417350391262,0.0133543247994923,0.002));
#5573=CARTESIAN_POINT('',(0.00766630127373293,0.0206271033493351,0.002));
#5574=CARTESIAN_POINT('',(0.0212581506368664,0.0172031018496676,0.002));
#5575=CARTESIAN_POINT('',(0.0347297368236002,0.0138093965433543,0.002));
#5576=CARTESIAN_POINT('',(0.0349740205262428,0.01477910035,0.002));
#5577=CARTESIAN_POINT('',(0.065598,-0.00907089965,0.003));
#5578=CARTESIAN_POINT('',(0.06665,-0.00907089965,0.003));
#5579=CARTESIAN_POINT('',(0.06665,-0.00907089965,-9.78239766188393E-19));
#5580=CARTESIAN_POINT('',(0.06665,-0.00989932677474618,0.000116649778645547));
#5581=CARTESIAN_POINT('',(0.06665,-0.00989932677474618,0.000116649778645547));
#5582=CARTESIAN_POINT('',(0.06665,-0.0101993632488452,0.00020285448306056));
#5583=CARTESIAN_POINT('',(0.0665160357723759,-0.0107546481228992,0.000465597062993504));
#5584=CARTESIAN_POINT('',(0.066066849259472,-0.0113690835319021,0.00102263943017585));
#5585=CARTESIAN_POINT('',(0.0654888982975449,-0.0117617261447175,0.00161472496473086));
#5586=CARTESIAN_POINT('',(0.0649632787358032,-0.0118993263234624,0.0019999987235746));
#5587=CARTESIAN_POINT('',(0.0646500028810499,-0.0118993267747441,0.00199999999999196));
#5588=CARTESIAN_POINT('',(0.0656,-0.00907089965,0.003));
#5589=CARTESIAN_POINT('',(0.0656,-0.0118993267747462,0.004));
#5590=CARTESIAN_POINT('',(0.065598,-0.0118993267747462,0.004));
#5591=CARTESIAN_POINT('',(0.06765,-0.0118993267747462,0.004));
#5592=CARTESIAN_POINT('',(0.06765,-0.00907089965,0.003));
#5593=CARTESIAN_POINT('',(0.06765,-0.00907089965,0.006));
#5594=CARTESIAN_POINT('',(0.065598,-0.00907089965,0.006));
#5595=CARTESIAN_POINT('',(0.07,-0.00907089965,0.006));
#5596=CARTESIAN_POINT('',(0.07,-0.00907089965,0.003));
#5597=CARTESIAN_POINT('',(0.07,-0.00907089965,-9.78239766188393E-19));
#5598=CARTESIAN_POINT('',(0.065598,-0.00907089965,-9.78239766188393E-19));
#5599=CARTESIAN_POINT('',(0.05,0.03077910035,-0.001));
#5600=CARTESIAN_POINT('',(0.05,0.05142910035,-0.001));
#5601=CARTESIAN_POINT('',(0.05,0.05142910035,-0.003));
#5602=CARTESIAN_POINT('',(0.05,0.05142910035,0.001));
#5603=CARTESIAN_POINT('',(0.05,0.03077910035,-0.003));
#5604=CARTESIAN_POINT('',(0.05,0.05577910035,-0.003));
#5605=CARTESIAN_POINT('',(0.05,0.05577910035,-0.001));
#5606=CARTESIAN_POINT('',(0.05,0.05577910035,0.001));
#5607=CARTESIAN_POINT('',(0.05,0.05142910035,0.001));
#5608=CARTESIAN_POINT('',(0.0625,0.04727910035,0.0096));
#5609=CARTESIAN_POINT('',(0.0625,0.05577910035,0.0096));
#5610=CARTESIAN_POINT('',(0.0625,0.05577910035,0.0091));
#5611=CARTESIAN_POINT('',(0.0625,0.05577910035,0.00329128784747792));
#5612=CARTESIAN_POINT('',(0.0625,0.04727910035,0.0091));
#5613=CARTESIAN_POINT('',(0.071,0.04727910035,0.0091));
#5614=CARTESIAN_POINT('',(0.071,0.04727910035,0.0096));
#5615=CARTESIAN_POINT('',(0.071,0.04727910035,-0.00938868718620078));
#5616=CARTESIAN_POINT('',(0.0625,0.05577910035,-0.00885052430210017));
#5617=CARTESIAN_POINT('',(0.0647283977041226,0.0557881296782289,-0.00899161147096768));
#5618=CARTESIAN_POINT('',(0.0669346795772238,0.0548652360529476,-0.00913129841402261));
#5619=CARTESIAN_POINT('',(0.0700861357029475,0.0517137799272238,-0.00933082743963862));
#5620=CARTESIAN_POINT('',(0.0710090293282289,0.0495074980541226,-0.00938925886259149));
#5621=CARTESIAN_POINT('',(0.071,0.04727910035,-0.00938868718620078));
#5622=CARTESIAN_POINT('',(0.0625,0.05577910035,-0.00885052430210018));
#5623=CARTESIAN_POINT('',(0.0625,0.05577910035,0.0096));
#5624=CARTESIAN_POINT('',(0.0625,0.05577910035,-0.00529128784747791));
#5625=CARTESIAN_POINT('',(0.0625,0.05577910035,-0.00529128784747791));
#5626=CARTESIAN_POINT('',(0.0633943977387215,0.05577910035,-0.00490094067232662));
#5627=CARTESIAN_POINT('',(0.064,0.0556457006153408,-0.00397571845425441));
#5628=CARTESIAN_POINT('',(0.064,0.0556457006153408,-0.003));
#5629=CARTESIAN_POINT('',(0.064,0.0556457006153408,-0.003));
#5630=CARTESIAN_POINT('',(0.064,0.0556457006153408,0.0096));
#5631=CARTESIAN_POINT('',(0.064,0.0556457006153408,0.001));
#5632=CARTESIAN_POINT('',(0.064,0.0556457006153408,0.001));
#5633=CARTESIAN_POINT('',(0.064,0.0556457006153408,0.00197572868026064));
#5634=CARTESIAN_POINT('',(0.063394295911955,0.05577910035,0.00290098511317091));
#5635=CARTESIAN_POINT('',(0.0625,0.05577910035,0.00329128784747792));
#5636=CARTESIAN_POINT('',(-0.0029342261207871,-0.0350868078403827,0.004));
#5637=CARTESIAN_POINT('',(-0.00357491704799859,-0.0338908514515422,0.00380731335139116));
#5638=CARTESIAN_POINT('',(-0.00358783953276842,-0.0338667294801457,0.004));
#5639=CARTESIAN_POINT('',(-0.0029342261207871,-0.0350868078403827,0.004));
#5640=CARTESIAN_POINT('',(-0.000456956802696801,-0.039711043836997,0.004));
#5641=CARTESIAN_POINT('',(-0.000456956802696801,-0.039711043836997,0.004));
#5642=CARTESIAN_POINT('',(0.0656,0.00717281619999999,0.004));
#5643=CARTESIAN_POINT('',(0.0656,-0.03293346795,0.004));
#5644=CARTESIAN_POINT('',(0.0656,-0.03293346795,0.004));
#5645=CARTESIAN_POINT('',(0.0656,0.00717281619999999,0.004));
#5646=CARTESIAN_POINT('',(0.,6.93889390390723E-18,0.004));
#5647=CARTESIAN_POINT('',(0.06665,0.02857910035,0.004));
#5648=CARTESIAN_POINT('',(0.06665,0.0157075274747462,0.004));
#5649=CARTESIAN_POINT('',(0.06665,0.04727910035,0.004));
#5650=CARTESIAN_POINT('',(0.065598,0.0157075274747462,0.004));
#5651=CARTESIAN_POINT('',(0.06765,0.0157075274747462,0.004));
#5652=CARTESIAN_POINT('',(0.06765,0.00717281619999999,0.004));
#5653=CARTESIAN_POINT('',(0.06765,0.04727910035,0.004));
#5654=CARTESIAN_POINT('',(0.0625,0.04727910035,0.004));
#5655=CARTESIAN_POINT('',(0.0625,0.05242910035,0.004));
#5656=CARTESIAN_POINT('',(0.0477855339,0.05242910035,0.004));
#5657=CARTESIAN_POINT('',(0.0330710678,0.05242910035,0.004));
#5658=CARTESIAN_POINT('',(0.0330710678,0.05727910035,0.004));
#5659=CARTESIAN_POINT('',(0.0296415999171779,0.053849632467178,0.004));
#5660=CARTESIAN_POINT('',(0.028606066017178,0.054885166367178,0.004));
#5661=CARTESIAN_POINT('',(0.0275705321231107,0.0559207002731107,0.004));
#5662=CARTESIAN_POINT('',(0.0239289322,0.05227910035,0.004));
#5663=CARTESIAN_POINT('',(0.0239289322,0.05742910035,0.004));
#5664=CARTESIAN_POINT('',(0.000350085199999986,0.05742910035,0.004));
#5665=CARTESIAN_POINT('',(-0.0232287618,0.05742910035,0.004));
#5666=CARTESIAN_POINT('',(-0.0232287618,0.05227910035,0.004));
#5667=CARTESIAN_POINT('',(-0.0275959531079243,0.0550085948512829,0.004));
#5668=CARTESIAN_POINT('',(-0.0286271997464669,0.0533586001896146,0.004));
#5669=CARTESIAN_POINT('',(-0.0296584463975685,0.0517086055357955,0.004));
#5670=CARTESIAN_POINT('',(-0.0337712382,0.05427910035,0.004));
#5671=CARTESIAN_POINT('',(-0.0337712382,0.04942910035,0.004));
#5672=CARTESIAN_POINT('',(-0.0481356191,0.04942910035,0.004));
#5673=CARTESIAN_POINT('',(-0.0625,0.04942910035,0.004));
#5674=CARTESIAN_POINT('',(-0.0625,0.04427910035,0.004));
#5675=CARTESIAN_POINT('',(-0.06765,0.04427910035,0.004));
#5676=CARTESIAN_POINT('',(-0.06765,0.01027910035,0.004));
#5677=CARTESIAN_POINT('',(-0.06765,-0.02372089965,0.004));
#5678=CARTESIAN_POINT('',(-0.0625,-0.02372089965,0.004));
#5679=CARTESIAN_POINT('',(-0.0625,-0.02887089965,0.004));
#5680=CARTESIAN_POINT('',(-0.03699685365,-0.02887089965,0.004));
#5681=CARTESIAN_POINT('',(-0.0114937073,-0.02887089965,0.004));
#5682=CARTESIAN_POINT('',(-0.0114937073,-0.03372089965,0.004));
#5683=CARTESIAN_POINT('',(-0.00721852936184114,-0.0314306257380485,0.004));
#5684=CARTESIAN_POINT('',(-0.00474126005644143,-0.0360548617414614,0.004));
#5685=CARTESIAN_POINT('',(-0.00226399073835114,-0.0406790977380756,0.004));
#5686=CARTESIAN_POINT('',(0.00227563109999999,-0.0382471574500001,0.004));
#5687=CARTESIAN_POINT('',(0.00132818886854964,-0.0433092571790871,0.004));
#5688=CARTESIAN_POINT('',(0.0188000063454342,-0.0465793503466861,0.004));
#5689=CARTESIAN_POINT('',(0.0362718238142961,-0.0498494435571486,0.004));
#5690=CARTESIAN_POINT('',(0.0353795724000002,-0.0546166636499998,0.004));
#5691=CARTESIAN_POINT('',(0.0378045723972775,-0.0504164404589959,0.004));
#5692=CARTESIAN_POINT('',(0.0432801831498308,-0.05357778581047,0.004));
#5693=CARTESIAN_POINT('',(0.0487557938941905,-0.0567391311761357,0.004));
#5694=CARTESIAN_POINT('',(0.0513307939,-0.05227910035,0.004));
#5695=CARTESIAN_POINT('',(0.0557908247126811,-0.0548541003463395,0.004));
#5696=CARTESIAN_POINT('',(0.0613754277626811,-0.0451812841463395,0.004));
#5697=CARTESIAN_POINT('',(0.0669600308268727,-0.0355084679545331,0.004));
#5698=CARTESIAN_POINT('',(0.0625,-0.03293346795,0.004));
#5699=CARTESIAN_POINT('',(0.06765,-0.03293346795,0.004));
#5700=CARTESIAN_POINT('',(0.06765,0.00717281619999999,0.004));
#5701=CARTESIAN_POINT('',(0.0625,-0.03293346795,0.004));
#5702=CARTESIAN_POINT('',(0.0651846787501564,-0.0344834679527286,0.004));
#5703=CARTESIAN_POINT('',(0.0596000756859647,-0.0441562841445351,0.004));
#5704=CARTESIAN_POINT('',(0.0540154726359648,-0.0538291003445351,0.004));
#5705=CARTESIAN_POINT('',(0.0513307939,-0.05227910035,0.004));
#5706=CARTESIAN_POINT('',(0.049780793896503,-0.0549637790997128,0.004));
#5707=CARTESIAN_POINT('',(0.0443051831521433,-0.051802433734047,0.004));
#5708=CARTESIAN_POINT('',(0.0388295723995901,-0.0486410883825729,0.004));
#5709=CARTESIAN_POINT('',(0.0353795724000001,-0.0546166636499998,0.004));
#5710=CARTESIAN_POINT('',(0.0366489610100296,-0.0478344330024382,0.004));
#5711=CARTESIAN_POINT('',(0.0191771435411675,-0.0445643397919758,0.004));
#5712=CARTESIAN_POINT('',(0.00170532606428307,-0.0412942466243767,0.004));
#5713=CARTESIAN_POINT('',(0.00227563109999999,-0.0382471574500001,0.004));
#5714=CARTESIAN_POINT('',(0.000819560310290942,-0.0315056224043442,0.004));
#5715=CARTESIAN_POINT('',(-0.00303312109906291,-0.0282511848318233,0.004));
#5716=CARTESIAN_POINT('',(0.0121022857554142,-0.0100809240335689,0.004));
#5717=CARTESIAN_POINT('',(-0.00235236114592455,-0.0274339232934675,0.004));
#5718=CARTESIAN_POINT('',(-0.00465742904178268,-0.025513855066689,0.004));
#5719=CARTESIAN_POINT('',(-0.00696249693764081,-0.0235937868399105,0.004));
#5720=CARTESIAN_POINT('',(0.00749214996369796,-0.00624078758001199,0.004));
#5721=CARTESIAN_POINT('',(-0.00812853885491421,-0.0249936359448777,0.004));
#5722=CARTESIAN_POINT('',(-0.0120492755382891,-0.02182089965,0.004));
#5723=CARTESIAN_POINT('',(-0.0120492755382891,-0.02682089965,0.004));
#5724=CARTESIAN_POINT('',(-0.03699685365,-0.02682089965,0.004));
#5725=CARTESIAN_POINT('',(-0.0625,-0.02682089965,0.004));
#5726=CARTESIAN_POINT('',(-0.0625,-0.02372089965,0.004));
#5727=CARTESIAN_POINT('',(-0.0656,-0.02372089965,0.004));
#5728=CARTESIAN_POINT('',(-0.0656,0.01027910035,0.004));
#5729=CARTESIAN_POINT('',(-0.0656,0.04427910035,0.004));
#5730=CARTESIAN_POINT('',(-0.0625,0.04427910035,0.004));
#5731=CARTESIAN_POINT('',(-0.0625,0.04737910035,0.004));
#5732=CARTESIAN_POINT('',(-0.0481356191,0.04737910035,0.004));
#5733=CARTESIAN_POINT('',(-0.0337712382,0.04737910035,0.004));
#5734=CARTESIAN_POINT('',(-0.0337712382,0.05427910035,0.004));
#5735=CARTESIAN_POINT('',(-0.0279200498625201,0.0506221077277297,0.004));
#5736=CARTESIAN_POINT('',(-0.0268888032114186,0.0522721023815488,0.004));
#5737=CARTESIAN_POINT('',(-0.0258575565728759,0.0539220970432171,0.004));
#5738=CARTESIAN_POINT('',(-0.0232287618,0.05227910035,0.004));
#5739=CARTESIAN_POINT('',(-0.0232287618,0.05537910035,0.004));
#5740=CARTESIAN_POINT('',(0.000350085199999995,0.05537910035,0.004));
#5741=CARTESIAN_POINT('',(0.0239289322,0.05537910035,0.004));
#5742=CARTESIAN_POINT('',(0.0239289322,0.05227910035,0.004));
#5743=CARTESIAN_POINT('',(0.0261209632216783,0.0544711313716783,0.004));
#5744=CARTESIAN_POINT('',(0.0271564971157456,0.0534355974657456,0.004));
#5745=CARTESIAN_POINT('',(0.0281920310157456,0.0524000635657456,0.004));
#5746=CARTESIAN_POINT('',(0.0330710678,0.05727910035,0.004));
#5747=CARTESIAN_POINT('',(0.0330710678,0.05037910035,0.004));
#5748=CARTESIAN_POINT('',(0.0477855339,0.05037910035,0.004));
#5749=CARTESIAN_POINT('',(0.0475900284093202,0.05037910035,0.004));
#5750=CARTESIAN_POINT('',(0.04935,0.04942910035,0.004));
#5751=CARTESIAN_POINT('',(0.04935,0.05142910035,0.004));
#5752=CARTESIAN_POINT('',(0.05625,0.05142910035,0.004));
#5753=CARTESIAN_POINT('',(0.0625,0.05142910035,0.004));
#5754=CARTESIAN_POINT('',(0.0625,0.04727910035,0.004));
#5755=CARTESIAN_POINT('',(-0.00465742904178268,-0.025513855066689,0.004));
#5756=CARTESIAN_POINT('',(-0.00315742904178268,-0.025513855066689,0.004));
#5757=CARTESIAN_POINT('',(-0.071,0.01027910035,0.0096));
#5758=CARTESIAN_POINT('',(-0.071,-0.02372089965,0.0096));
#5759=CARTESIAN_POINT('',(-0.071,-0.02372089965,0.0091));
#5760=CARTESIAN_POINT('',(-0.071,-0.02372089965,0.00262372152274093));
#5761=CARTESIAN_POINT('',(-0.071,0.04427910035,0.0091));
#5762=CARTESIAN_POINT('',(-0.071,0.04427910035,0.0091));
#5763=CARTESIAN_POINT('',(-0.071,0.04427910035,0.0096));
#5764=CARTESIAN_POINT('',(-0.071,0.04427910035,0.00262372152274093));
#5765=CARTESIAN_POINT('',(-0.071,-0.02372089965,0.00262372152274093));
#5766=CARTESIAN_POINT('',(-0.0625,0.04427910035,0.0096));
#5767=CARTESIAN_POINT('',(-0.0625,0.04427910035,0.0091));
#5768=CARTESIAN_POINT('',(-0.0625,0.05277910035,0.0091));
#5769=CARTESIAN_POINT('',(-0.0625,0.05277910035,0.0096));
#5770=CARTESIAN_POINT('',(-0.0625,0.05277910035,0.00208555863864033));
#5771=CARTESIAN_POINT('',(-0.071,0.04427910035,0.00262372152274092));
#5772=CARTESIAN_POINT('',(-0.0710090293282288,0.0465074980541225,0.00262429319913164));
#5773=CARTESIAN_POINT('',(-0.0700861357029475,0.0487137799272238,0.00256586177617876));
#5774=CARTESIAN_POINT('',(-0.0669346795772238,0.0518652360529475,0.00236633275056277));
#5775=CARTESIAN_POINT('',(-0.0647283977041226,0.0527881296782288,0.00222664580750783));
#5776=CARTESIAN_POINT('',(-0.0625,0.05277910035,0.00208555863864033));
#5777=CARTESIAN_POINT('',(-0.0625,-0.02372089965,0.0096));
#5778=CARTESIAN_POINT('',(-0.0625,-0.03222089965,0.0096));
#5779=CARTESIAN_POINT('',(-0.0625,-0.03222089965,0.0091));
#5780=CARTESIAN_POINT('',(-0.0625,-0.03222089965,0.00208555863864033));
#5781=CARTESIAN_POINT('',(-0.0625,-0.02372089965,0.0091));
#5782=CARTESIAN_POINT('',(-0.0625,-0.03222089965,0.00208555863864033));
#5783=CARTESIAN_POINT('',(-0.0647283977041225,-0.032229928978229,0.00222664580750783));
#5784=CARTESIAN_POINT('',(-0.0669346795772238,-0.0313070353529476,0.00236633275056277));
#5785=CARTESIAN_POINT('',(-0.0700861357029475,-0.0281555792272238,0.00256586177617877));
#5786=CARTESIAN_POINT('',(-0.0710090293282289,-0.0259492973541226,0.00262429319913165));
#5787=CARTESIAN_POINT('',(-0.071,-0.02372089965,0.00262372152274093));
#5788=CARTESIAN_POINT('',(0.0477855339,0.05577910035,0.0096));
#5789=CARTESIAN_POINT('',(0.0330710678,0.05577910035,0.0096));
#5790=CARTESIAN_POINT('',(0.0330710678,0.05577910035,0.0091));
#5791=CARTESIAN_POINT('',(0.0330710678,0.05577910035,-0.00627582635492714));
#5792=CARTESIAN_POINT('',(0.0625,0.05577910035,0.0091));
#5793=CARTESIAN_POINT('',(0.0615,0.05577910035,0.001));
#5794=CARTESIAN_POINT('',(0.0615,0.05577910035,0.0035));
#5795=CARTESIAN_POINT('',(0.057,0.05577910035,0.0035));
#5796=CARTESIAN_POINT('',(0.0525,0.05577910035,0.0035));
#5797=CARTESIAN_POINT('',(0.0525,0.05577910035,0.001));
#5798=CARTESIAN_POINT('',(0.0525,0.05577910035,-0.003));
#5799=CARTESIAN_POINT('',(0.0525,0.05577910035,-0.0055));
#5800=CARTESIAN_POINT('',(0.057,0.05577910035,-0.0055));
#5801=CARTESIAN_POINT('',(0.0615,0.05577910035,-0.0055));
#5802=CARTESIAN_POINT('',(0.0615,0.05577910035,-0.003));
#5803=CARTESIAN_POINT('',(0.0332756925113398,0.05577910035,-0.00629372869744664));
#5804=CARTESIAN_POINT('',(0.0330710678,0.05727910035,0.0096));
#5805=CARTESIAN_POINT('',(0.0320104076341529,0.0562184401841529,0.0096));
#5806=CARTESIAN_POINT('',(0.0320104076341529,0.0562184401841529,0.0091));
#5807=CARTESIAN_POINT('',(0.0320104076341529,0.0562184401841529,-0.00603772670761534));
#5808=CARTESIAN_POINT('',(0.0330710678,0.05727910035,0.0091));
#5809=CARTESIAN_POINT('',(0.0330710678,0.05577910035,-0.00627582635492715));
#5810=CARTESIAN_POINT('',(0.0325503836390115,0.05577910035,-0.00615894187235589));
#5811=CARTESIAN_POINT('',(0.0321975886944031,0.0560312591120404,-0.00607957532307959));
#5812=CARTESIAN_POINT('',(0.032010407628229,0.0562184401782114,-0.00603772670709825));
#5813=CARTESIAN_POINT('',(0.030974873734153,0.0572539740841529,0.0096));
#5814=CARTESIAN_POINT('',(0.0299393398400857,0.0582895079900856,0.0096));
#5815=CARTESIAN_POINT('',(0.0299393398400857,0.0582895079900856,0.0091));
#5816=CARTESIAN_POINT('',(0.0299393398400857,0.0582895079900856,-0.00585653175424082));
#5817=CARTESIAN_POINT('',(0.0320104076341529,0.0562184401841529,0.0091));
#5818=CARTESIAN_POINT('',(0.0300483742489476,0.0581804735693582,-0.00586607102895049));
#5819=CARTESIAN_POINT('',(0.0239289322,0.0522791003500001,0.0096));
#5820=CARTESIAN_POINT('',(0.0239289322,0.06077910035,0.0096));
#5821=CARTESIAN_POINT('',(0.0239289322,0.06077910035,0.0091));
#5822=CARTESIAN_POINT('',(0.0239289322,0.06077910035,-0.00547599312951037));
#5823=CARTESIAN_POINT('',(0.0239289322,0.0522791003500001,0.0091));
#5824=CARTESIAN_POINT('',(0.0299393398400771,0.0582895079900943,-0.00585653175424025));
#5825=CARTESIAN_POINT('',(0.0294089934859156,0.0588198543442543,-0.00582308984259209));
#5826=CARTESIAN_POINT('',(0.0279479460934363,0.0600165011240117,-0.00572622482682227));
#5827=CARTESIAN_POINT('',(0.0254042039894795,0.0607791003500001,-0.00556939742610549));
#5828=CARTESIAN_POINT('',(0.0239289322,0.0607791003500001,-0.00547599312951035));
#5829=CARTESIAN_POINT('',(0.000350085199999995,0.06077910035,0.0096));
#5830=CARTESIAN_POINT('',(-0.0232287618,0.06077910035,0.0096));
#5831=CARTESIAN_POINT('',(-0.0232287618,0.06077910035,0.0091));
#5832=CARTESIAN_POINT('',(-0.0232287618,0.06077910035,-0.00135022950648589));
#5833=CARTESIAN_POINT('',(0.0239289322,0.06077910035,0.0091));
#5834=CARTESIAN_POINT('',(-0.0230241370886602,0.06077910035,-0.00136813184900538));
#5835=CARTESIAN_POINT('',(-0.0232287618,0.05227910035,0.0096));
#5836=CARTESIAN_POINT('',(-0.0304367474456862,0.0567840912693417,0.0096));
#5837=CARTESIAN_POINT('',(-0.0304367474456862,0.0567840912693417,0.0091));
#5838=CARTESIAN_POINT('',(-0.0304367474456862,0.0567840912693417,-0.000893868289283653));
#5839=CARTESIAN_POINT('',(-0.0232287618,0.05227910035,0.0091));
#5840=CARTESIAN_POINT('',(-0.0232287618,0.06077910035,-0.0013502295064859));
#5841=CARTESIAN_POINT('',(-0.0237032057091867,0.06077910035,-0.00132019090619038));
#5842=CARTESIAN_POINT('',(-0.0245933914821773,0.0606997906823498,-0.00126426512366683));
#5843=CARTESIAN_POINT('',(-0.0255373006922776,0.0604730277576669,-0.00120475049719841));
#5844=CARTESIAN_POINT('',(-0.0261893299621754,0.0602519308756635,-0.00116334905530412));
#5845=CARTESIAN_POINT('',(-0.026626740998093,0.0600747689095221,-0.00113546635785151));
#5846=CARTESIAN_POINT('',(-0.0269527157672872,0.0599218759700245,-0.00111465673472554));
#5847=CARTESIAN_POINT('',(-0.0271547944158165,0.0598186556144825,-0.00110178611272992));
#5848=CARTESIAN_POINT('',(-0.027272654200906,0.0597556271416161,-0.00109430040018673));
#5849=CARTESIAN_POINT('',(-0.027335026706814,0.059721811787422,-0.00109034689610915));
#5850=CARTESIAN_POINT('',(-0.0274830051670692,0.0596384942174954,-0.00108098391986464));
#5851=CARTESIAN_POINT('',(-0.0276469258342643,0.0595416555955791,-0.00107061298984848));
#5852=CARTESIAN_POINT('',(-0.0279406101252101,0.0593584609751154,-0.00105203560936047));
#5853=CARTESIAN_POINT('',(-0.0284879658880482,0.05897535226595,-0.00101740292290272));
#5854=CARTESIAN_POINT('',(-0.0291884194816211,0.0583717933437254,-0.000972975577942478));
#5855=CARTESIAN_POINT('',(-0.029888667912924,0.0575931864594816,-0.000928417668633194));
#5856=CARTESIAN_POINT('',(-0.0302677600663964,0.0570544710548217,-0.000904425684239261));
#5857=CARTESIAN_POINT('',(-0.0304367474331646,0.0567840912614328,-0.000893868290380061));
#5858=CARTESIAN_POINT('',(-0.0314679940842289,0.0551340966076733,0.0096));
#5859=CARTESIAN_POINT('',(-0.0324992407353304,0.0534841019538543,0.0096));
#5860=CARTESIAN_POINT('',(-0.0324992407353304,0.0534841019538543,0.0091));
#5861=CARTESIAN_POINT('',(-0.0324992407353304,0.0534841019538543,-0.000713423507841498));
#5862=CARTESIAN_POINT('',(-0.0304367474456862,0.0567840912693417,0.0091));
#5863=CARTESIAN_POINT('',(-0.0324457194076095,0.0535697360523405,-0.00071810601727394));
#5864=CARTESIAN_POINT('',(-0.0337712382,0.05427910035,0.0096));
#5865=CARTESIAN_POINT('',(-0.0337712382,0.05277910035,0.0096));
#5866=CARTESIAN_POINT('',(-0.0337712382,0.05277910035,0.0091));
#5867=CARTESIAN_POINT('',(-0.0337712382,0.05277910035,-0.000427882335996295));
#5868=CARTESIAN_POINT('',(-0.0337712382,0.05427910035,0.0091));
#5869=CARTESIAN_POINT('',(-0.0324992407353469,0.053484101953828,-0.000713423507837822));
#5870=CARTESIAN_POINT('',(-0.0325904576767541,0.053338154844045,-0.000693218190931268));
#5871=CARTESIAN_POINT('',(-0.0328669268535886,0.0530018214791697,-0.000625422678717796));
#5872=CARTESIAN_POINT('',(-0.0334372474726635,0.05277910035,-0.000502857409703588));
#5873=CARTESIAN_POINT('',(-0.0337712382,0.05277910035,-0.000427882335996301));
#5874=CARTESIAN_POINT('',(-0.0481356191,0.05277910035,0.0096));
#5875=CARTESIAN_POINT('',(-0.0337712382,0.05277910035,0.0091));
#5876=CARTESIAN_POINT('',(-0.0622953752886602,0.05277910035,0.00206765629612083));
#5877=CARTESIAN_POINT('',(-0.03699685365,-0.03222089965,0.0096));
#5878=CARTESIAN_POINT('',(-0.0114937073,-0.03222089965,0.0096));
#5879=CARTESIAN_POINT('',(-0.0114937073,-0.03222089965,0.0091));
#5880=CARTESIAN_POINT('',(-0.0114937073,-0.03222089965,-0.00237691374109477));
#5881=CARTESIAN_POINT('',(-0.0625,-0.03222089965,0.0091));
#5882=CARTESIAN_POINT('',(-0.0112890825886602,-0.03222089965,-0.00239481608361426));
#5883=CARTESIAN_POINT('',(-0.0114937073,-0.03372089965,0.0096));
#5884=CARTESIAN_POINT('',(-0.0101714872566909,-0.0330125674788357,0.0096));
#5885=CARTESIAN_POINT('',(-0.0101714872566909,-0.0330125674788357,0.0091));
#5886=CARTESIAN_POINT('',(-0.0101714872566909,-0.0330125674788357,-0.00267372899060517));
#5887=CARTESIAN_POINT('',(-0.0114937073,-0.03372089965,0.0091));
#5888=CARTESIAN_POINT('',(-0.0114937073,-0.03222089965,-0.00237691374109476));
#5889=CARTESIAN_POINT('',(-0.0111382918337899,-0.03222089965,-0.00245669829376281));
#5890=CARTESIAN_POINT('',(-0.0105333756575772,-0.0324735917688237,-0.00258595205336681));
#5891=CARTESIAN_POINT('',(-0.0102584129715431,-0.0328503063627358,-0.0026545751215066));
#5892=CARTESIAN_POINT('',(-0.0101714873470222,-0.0330125675273716,-0.00267372898271044));
#5893=CARTESIAN_POINT('',(-0.0076942179512912,-0.0376368034822485,0.0096));
#5894=CARTESIAN_POINT('',(-0.00521694863320091,-0.0422610394788627,0.0096));
#5895=CARTESIAN_POINT('',(-0.00521694863320091,-0.0422610394788627,0.0091));
#5896=CARTESIAN_POINT('',(-0.00521694863320091,-0.0422610394788627,-0.00310719495316188));
#5897=CARTESIAN_POINT('',(-0.0101714872566909,-0.0330125674788357,0.0091));
#5898=CARTESIAN_POINT('',(-0.00517457566332847,-0.0423401357192087,-0.00311090210766565));
#5899=CARTESIAN_POINT('',(0.00227563110000003,-0.03824715745,0.0096));
#5900=CARTESIAN_POINT('',(0.000711891499912101,-0.0466020793050773,0.0096));
#5901=CARTESIAN_POINT('',(0.000711891499912101,-0.0466020793050773,0.0091));
#5902=CARTESIAN_POINT('',(0.000711891499912101,-0.0466020793050773,-0.00348256927125118));
#5903=CARTESIAN_POINT('',(0.00227563110000003,-0.03824715745,0.0091));
#5904=CARTESIAN_POINT('',(-0.00521694863320913,-0.0422610394788473,-0.00310719495316136));
#5905=CARTESIAN_POINT('',(-0.00474548885772702,-0.0431410977200744,-0.0031367184303732));
#5906=CARTESIAN_POINT('',(-0.00335813999003322,-0.0449899844937508,-0.00322880429404945));
#5907=CARTESIAN_POINT('',(-0.000796428093666878,-0.0463197763117312,-0.00338696797623089));
#5908=CARTESIAN_POINT('',(0.000711891507853212,-0.0466020792621986,-0.0034825692719479));
#5909=CARTESIAN_POINT('',(0.0181837089767966,-0.0498721724726763,0.0096));
#5910=CARTESIAN_POINT('',(0.0356555264456586,-0.0531422656831388,0.0096));
#5911=CARTESIAN_POINT('',(0.0356555264456586,-0.0531422656831388,0.0091));
#5912=CARTESIAN_POINT('',(0.0356555264456586,-0.0531422656831388,-0.00653974119139231));
#5913=CARTESIAN_POINT('',(0.000711891499912102,-0.0466020793050773,0.0091));
#5914=CARTESIAN_POINT('',(0.0358501045116499,-0.0531786836247678,-0.00655676456633735));
#5915=CARTESIAN_POINT('',(0.0353795724,-0.05461666365,0.0096));
#5916=CARTESIAN_POINT('',(0.0361295723934986,-0.0533176255594919,0.0096));
#5917=CARTESIAN_POINT('',(0.0361295723934986,-0.0533176255594919,0.0091));
#5918=CARTESIAN_POINT('',(0.0361295723934986,-0.0533176255594919,-0.00664615621236694));
#5919=CARTESIAN_POINT('',(0.0353795724,-0.05461666365,0.0091));
#5920=CARTESIAN_POINT('',(0.0356555264456229,-0.0531422656831321,-0.0065397411913843));
#5921=CARTESIAN_POINT('',(0.0358219248132794,-0.0531734094474154,-0.00657521286528275));
#5922=CARTESIAN_POINT('',(0.0359829648879599,-0.05323298165753,-0.0066106845391812));
#5923=CARTESIAN_POINT('',(0.0361295724016738,-0.0533176255452898,-0.00664615621307965));
#5924=CARTESIAN_POINT('',(0.0416051831460518,-0.056478970910966,0.0096));
#5925=CARTESIAN_POINT('',(0.0470807938904114,-0.0596403162766318,0.0096));
#5926=CARTESIAN_POINT('',(0.0470807938904114,-0.0596403162766318,0.0091));
#5927=CARTESIAN_POINT('',(0.0470807938904114,-0.0596403162766318,-0.00760426394510819));
#5928=CARTESIAN_POINT('',(0.0361295723934985,-0.0533176255594919,0.0091));
#5929=CARTESIAN_POINT('',(0.0472278511176619,-0.0597252197877043,-0.00761712978538219));
#5930=CARTESIAN_POINT('',(0.0513307939,-0.05227910035,0.0096));
#5931=CARTESIAN_POINT('',(0.0586920098136565,-0.0565291003492882,0.0096));
#5932=CARTESIAN_POINT('',(0.0586920098136565,-0.0565291003492882,0.0091));
#5933=CARTESIAN_POINT('',(0.0586920098136565,-0.0565291003492882,-0.0083394081152555));
#5934=CARTESIAN_POINT('',(0.0513307939,-0.05227910035,0.0091));
#5935=CARTESIAN_POINT('',(0.0586920098278107,-0.0565291003575466,-0.00833940811649474));
#5936=CARTESIAN_POINT('',(0.0575856306012008,-0.0584634640423746,-0.00826935961820046));
#5937=CARTESIAN_POINT('',(0.0556832402771412,-0.0599127133943133,-0.00814891304602623));
#5938=CARTESIAN_POINT('',(0.0513782712705097,-0.0610662263577166,-0.00787635133584122));
#5939=CARTESIAN_POINT('',(0.0490061282466976,-0.0607623347590333,-0.00772616317923018));
#5940=CARTESIAN_POINT('',(0.0470807938904292,-0.059640316276642,-0.00760426394510932));
#5941=CARTESIAN_POINT('',(0.,0.,0.0096));
#5942=CARTESIAN_POINT('',(0.0625,0.04727910035,0.0096));
#5943=CARTESIAN_POINT('',(0.0625,0.05292910035,0.0096));
#5944=CARTESIAN_POINT('',(0.06815,0.04727910035,0.0096));
#5945=CARTESIAN_POINT('',(0.06815,0.,0.0096));
#5946=CARTESIAN_POINT('',(0.06815,-0.03293346795,0.0096));
#5947=CARTESIAN_POINT('',(0.0625,-0.03293346795,0.0096));
#5948=CARTESIAN_POINT('',(0.0673930435285108,-0.0357584679549732,0.0096));
#5949=CARTESIAN_POINT('',(0.0660286534157531,-0.038121660913293,0.0096));
#5950=CARTESIAN_POINT('',(0.0562238374143192,-0.0551041003467796,0.0096));
#5951=CARTESIAN_POINT('',(0.0513307939,-0.05227910035,0.0096));
#5952=CARTESIAN_POINT('',(0.0485057938936264,-0.0571721438777023,0.0096));
#5953=CARTESIAN_POINT('',(-0.0126298159943723,-0.0218754829266935,0.0096));
#5954=CARTESIAN_POINT('',(0.0375545723967135,-0.0508494531605625,0.0096));
#5955=CARTESIAN_POINT('',(0.0353795724000002,-0.0546166636499998,0.0096));
#5956=CARTESIAN_POINT('',(0.0361798391324099,-0.0503409095461023,0.0096));
#5957=CARTESIAN_POINT('',(-0.00787861820964167,-0.0420947576334609,0.0096));
#5958=CARTESIAN_POINT('',(0.00123620418666344,-0.0438007231680409,0.0096));
#5959=CARTESIAN_POINT('',(0.00227563109999999,-0.0382471574500001,0.0096));
#5960=CARTESIAN_POINT('',(-0.00270473072265707,-0.0409152084456558,0.0096));
#5961=CARTESIAN_POINT('',(-0.0191327021886551,-0.0102496619606631,0.0096));
#5962=CARTESIAN_POINT('',(-0.00765926934614707,-0.0316667364456287,0.0096));
#5963=CARTESIAN_POINT('',(-0.0114937073,-0.03372089965,0.0096));
#5964=CARTESIAN_POINT('',(-0.0114937073,-0.02937089965,0.0096));
#5965=CARTESIAN_POINT('',(0.,-0.02937089965,0.0096));
#5966=CARTESIAN_POINT('',(-0.0625,-0.02937089965,0.0096));
#5967=CARTESIAN_POINT('',(-0.0625,-0.02372089965,0.0096));
#5968=CARTESIAN_POINT('',(-0.06815,-0.02372089965,0.0096));
#5969=CARTESIAN_POINT('',(-0.06815,0.,0.0096));
#5970=CARTESIAN_POINT('',(-0.06815,0.04427910035,0.0096));
#5971=CARTESIAN_POINT('',(-0.0625,0.04427910035,0.0096));
#5972=CARTESIAN_POINT('',(-0.0625,0.04992910035,0.0096));
#5973=CARTESIAN_POINT('',(0.,0.04992910035,0.0096));
#5974=CARTESIAN_POINT('',(-0.0337712382,0.04992910035,0.0096));
#5975=CARTESIAN_POINT('',(-0.0337712382,0.05427910035,0.0096));
#5976=CARTESIAN_POINT('',(-0.0300824455524583,0.0519736050011774,0.0096));
#5977=CARTESIAN_POINT('',(-0.0449912440272236,0.0281195268353272,0.0096));
#5978=CARTESIAN_POINT('',(-0.0280199522628141,0.0552735943166648,0.0096));
#5979=CARTESIAN_POINT('',(-0.0232287618,0.05227910035,0.0096));
#5980=CARTESIAN_POINT('',(-0.0232287618,0.05792910035,0.0096));
#5981=CARTESIAN_POINT('',(0.,0.05792910035,0.0096));
#5982=CARTESIAN_POINT('',(0.0239289322,0.05792910035,0.0096));
#5983=CARTESIAN_POINT('',(0.0239289322,0.05227910035,0.0096));
#5984=CARTESIAN_POINT('',(0.027924085513704,0.056274253663704,0.0096));
#5985=CARTESIAN_POINT('',(0.0420991695827714,0.0420991695827709,0.0096));
#5986=CARTESIAN_POINT('',(0.0299951533077712,0.0542031858577713,0.0096));
#5987=CARTESIAN_POINT('',(0.0330710678,0.05727910035,0.0096));
#5988=CARTESIAN_POINT('',(0.0330710678,0.05292910035,0.0096));
#5989=CARTESIAN_POINT('',(0.,0.05292910035,0.0096));
#5990=CARTESIAN_POINT('',(0.0625,-0.03293346795,0.0096));
#5991=CARTESIAN_POINT('',(0.0694282032120184,-0.0369334679488481,0.0096));
#5992=CARTESIAN_POINT('',(0.0705,-0.03293346795,0.0096));
#5993=CARTESIAN_POINT('',(0.0705,0.04727910035,0.0096));
#5994=CARTESIAN_POINT('',(0.0705,0.04727910035,0.0096));
#5995=CARTESIAN_POINT('',(0.0625,0.04727910035,0.0096));
#5996=CARTESIAN_POINT('',(0.0625,0.05527910035,0.0096));
#5997=CARTESIAN_POINT('',(0.0330710678,0.05527910035,0.0096));
#5998=CARTESIAN_POINT('',(0.0330710678,0.05527910035,0.0096));
#5999=CARTESIAN_POINT('',(0.0330710678,0.05727910035,0.0096));
#6000=CARTESIAN_POINT('',(0.031656854237627,0.0558648867876269,0.0096));
#6001=CARTESIAN_POINT('',(0.0295857864435597,0.0579359545935596,0.0096));
#6002=CARTESIAN_POINT('',(0.0295857864435597,0.0579359545935596,0.0096));
#6003=CARTESIAN_POINT('',(0.0239289322,0.0522791003500001,0.0096));
#6004=CARTESIAN_POINT('',(0.0239289322,0.06027910035,0.0096));
#6005=CARTESIAN_POINT('',(-0.0232287618,0.06027910035,0.0096));
#6006=CARTESIAN_POINT('',(-0.0232287618,0.06027910035,0.0096));
#6007=CARTESIAN_POINT('',(-0.0232287618,0.05227910035,0.0096));
#6008=CARTESIAN_POINT('',(-0.0300127482782375,0.0565190917961105,0.0096));
#6009=CARTESIAN_POINT('',(-0.0320752415678818,0.0532191024806231,0.0096));
#6010=CARTESIAN_POINT('',(-0.0320752415678818,0.0532191024806231,0.0096));
#6011=CARTESIAN_POINT('',(-0.0337712382,0.05427910035,0.0096));
#6012=CARTESIAN_POINT('',(-0.0337712382,0.05227910035,0.0096));
#6013=CARTESIAN_POINT('',(-0.0625,0.05227910035,0.0096));
#6014=CARTESIAN_POINT('',(-0.0625,0.05227910035,0.0096));
#6015=CARTESIAN_POINT('',(-0.0625,0.04427910035,0.0096));
#6016=CARTESIAN_POINT('',(-0.0705,0.04427910035,0.0096));
#6017=CARTESIAN_POINT('',(-0.0705,-0.02372089965,0.0096));
#6018=CARTESIAN_POINT('',(-0.0705,-0.02372089965,0.0096));
#6019=CARTESIAN_POINT('',(-0.0625,-0.02372089965,0.0096));
#6020=CARTESIAN_POINT('',(-0.0625,-0.0317208996500001,0.0096));
#6021=CARTESIAN_POINT('',(-0.0114937073,-0.03172089965,0.0096));
#6022=CARTESIAN_POINT('',(-0.0114937073,-0.03172089965,0.0096));
#6023=CARTESIAN_POINT('',(-0.0114937073,-0.03372089965,0.0096));
#6024=CARTESIAN_POINT('',(-0.00973074736277626,-0.0327764568196794,0.0096));
#6025=CARTESIAN_POINT('',(-0.00477620866158556,-0.0420249287780811,0.0096));
#6026=CARTESIAN_POINT('',(-0.00477620866158555,-0.0420249287780811,0.0096));
#6027=CARTESIAN_POINT('',(0.00227563110000003,-0.03824715745,0.0096));
#6028=CARTESIAN_POINT('',(0.00080387618982078,-0.0461106132732601,0.0096));
#6029=CARTESIAN_POINT('',(0.0357475111355673,-0.0526507996513216,0.0096));
#6030=CARTESIAN_POINT('',(0.0357475111355673,-0.0526507996513216,0.0096));
#6031=CARTESIAN_POINT('',(0.0353795724,-0.05461666365,0.0096));
#6032=CARTESIAN_POINT('',(0.0363795724022561,-0.0528846128437337,0.0096));
#6033=CARTESIAN_POINT('',(0.047330793899169,-0.0592073035608735,0.0096));
#6034=CARTESIAN_POINT('',(0.047330793899169,-0.0592073035608735,0.0096));
#6035=CARTESIAN_POINT('',(0.0513307939,-0.05227910035,0.0096));
#6036=CARTESIAN_POINT('',(0.05825899712621,-0.0562791003570416,0.0096));
#6037=CARTESIAN_POINT('',(0.0694282032120184,-0.0369334679488481,0.0096));
#6038=CARTESIAN_POINT('',(0.071,0.00717281619999999,0.0096));
#6039=CARTESIAN_POINT('',(0.071,0.01287910035,0.003));
#6040=CARTESIAN_POINT('',(0.071,0.01287910035,0.007));
#6041=CARTESIAN_POINT('',(0.071,0.01287910035,-0.001));
#6042=CARTESIAN_POINT('',(0.071,0.0071728162,-0.001));
#6043=CARTESIAN_POINT('',(0.071,-0.00907089965,-0.001));
#6044=CARTESIAN_POINT('',(0.071,-0.00907089965,0.003));
#6045=CARTESIAN_POINT('',(0.071,-0.00907089965,0.007));
#6046=CARTESIAN_POINT('',(0.071,0.01287910035,0.007));
#6047=CARTESIAN_POINT('',(0.071,-0.03293346795,0.0091));
#6048=CARTESIAN_POINT('',(0.071,-0.03293346795,0.0091));
#6049=CARTESIAN_POINT('',(0.071,-0.03293346795,0.0096));
#6050=CARTESIAN_POINT('',(0.071,-0.03293346795,-0.00938868718620078));
#6051=CARTESIAN_POINT('',(0.071,0.04727910035,-0.00938868718620078));
#6052=CARTESIAN_POINT('',(0.0642766128636565,-0.0468562841492882,0.0096));
#6053=CARTESIAN_POINT('',(0.0698612159278482,-0.0371834679574818,0.0096));
#6054=CARTESIAN_POINT('',(0.0698612159278482,-0.0371834679574818,0.0091));
#6055=CARTESIAN_POINT('',(0.0698612159278482,-0.0371834679574818,-0.0093165870308317));
#6056=CARTESIAN_POINT('',(0.0586920098136565,-0.0565291003492882,0.0091));
#6057=CARTESIAN_POINT('',(0.0699165501443219,-0.037087626250603,-0.00932142814747824));
#6058=CARTESIAN_POINT('',(0.0625,-0.03293346795,0.0096));
#6059=CARTESIAN_POINT('',(0.0625,-0.03293346795,0.0091));
#6060=CARTESIAN_POINT('',(0.0698612159278381,-0.0371834679574996,-0.00931658703083105));
#6061=CARTESIAN_POINT('',(0.0706205711965845,-0.0358682260541303,-0.00936476808348755));
#6062=CARTESIAN_POINT('',(0.0710000000000002,-0.0343818171493507,-0.00938880146861078));
#6063=CARTESIAN_POINT('',(0.0710000000000002,-0.03293346795,-0.00938868718620075));
#6064=CARTESIAN_POINT('',(-0.0656,0.01027910035,0.));
#6065=CARTESIAN_POINT('',(-0.0586448589685741,0.0401803302626747,-0.000608495993473767));
#6066=CARTESIAN_POINT('',(-0.0638748811335558,0.0401803302626747,-0.000150928344048561));
#6067=CARTESIAN_POINT('',(0.0582356095458946,0.0431803302626747,-0.0108342119760885));
#6068=CARTESIAN_POINT('',(0.0530055873809129,0.0431803302626747,-0.0103766443266633));
#6069=CARTESIAN_POINT('',(0.0496463686135023,-0.0467031285398984,-0.0100827507662113));
#6070=CARTESIAN_POINT('',(0.0444163464485206,-0.0467031285398984,-0.0096251831167861));
#6071=CARTESIAN_POINT('',(-0.0586448589685741,-0.0196221295626747,-0.000608495993473767));
#6072=CARTESIAN_POINT('',(-0.0638748811335558,-0.0196221295626747,-0.000150928344048561));
#6073=CARTESIAN_POINT('',(0.0622953752886603,0.0534303302626748,-0.0111893954551514));
#6074=CARTESIAN_POINT('',(0.0639037391931466,0.0534368472526979,-0.0113301090636182));
#6075=CARTESIAN_POINT('',(0.0671114707335938,0.0520947240508972,-0.0116107492090419));
#6076=CARTESIAN_POINT('',(0.0684531260298661,0.0488884115810673,-0.0117281288378252));
#6077=CARTESIAN_POINT('',(0.068446605201335,0.04727910035,-0.011727558339252));
#6078=CARTESIAN_POINT('',(0.0622953752886602,0.0534303302626747,-0.0111893954551514));
#6079=CARTESIAN_POINT('',(0.068446605201335,0.04727910035,-0.011727558339252));
#6080=CARTESIAN_POINT('',(0.068446605201335,-0.03293346795,-0.011727558339252));
#6081=CARTESIAN_POINT('',(0.0684466052013349,-0.03293346795,-0.011727558339252));
#6082=CARTESIAN_POINT('',(0.068446605201335,-0.03293346795,-0.011727558339252));
#6083=CARTESIAN_POINT('',(0.0684479430169755,-0.0340069257565733,-0.0117276753829544));
#6084=CARTESIAN_POINT('',(0.0681608195204448,-0.035079358156129,-0.011702555331976));
#6085=CARTESIAN_POINT('',(0.067622496654422,-0.0360090829117647,-0.0116554581838823));
#6086=CARTESIAN_POINT('',(0.0676224966544218,-0.0360090829117647,-0.0116554581838822));
#6087=CARTESIAN_POINT('',(0.056508624770876,-0.0552588736049199,-0.0106831203861925));
#6088=CARTESIAN_POINT('',(0.0564532905402377,-0.0553547153035582,-0.0106782792683067));
#6089=CARTESIAN_POINT('',(0.0564532905544023,-0.0553547153117987,-0.0106782792695459));
#6090=CARTESIAN_POINT('',(0.0556547523711098,-0.0567508579955713,-0.0106084162311153));
#6091=CARTESIAN_POINT('',(0.0528885740849982,-0.0588577731756901,-0.0103664069897889));
#6092=CARTESIAN_POINT('',(0.0494409979947204,-0.0584165244048304,-0.0100647831652466));
#6093=CARTESIAN_POINT('',(0.0480505542253967,-0.0576062217148963,-0.00994313509816051));
#6094=CARTESIAN_POINT('',(0.0480505542253967,-0.0576062217148962,-0.00994313509816051));
#6095=CARTESIAN_POINT('',(0.0372463899475747,-0.0513684345230402,-0.00899789320497933));
#6096=CARTESIAN_POINT('',(0.0370993327284709,-0.051283530997749,-0.00898502736541811));
#6097=CARTESIAN_POINT('',(0.0370993327366178,-0.0512835309835304,-0.00898502736613086));
#6098=CARTESIAN_POINT('',(0.036719578060819,-0.0510641059616247,-0.00895180313707751));
#6099=CARTESIAN_POINT('',(0.0363141349728932,-0.0509141237856269,-0.00891633146317905));
#6100=CARTESIAN_POINT('',(0.0358830034728402,-0.0508335844555371,-0.0088786123444355));
#6101=CARTESIAN_POINT('',(0.0358830034728402,-0.050833584455537,-0.00887861234443549));
#6102=CARTESIAN_POINT('',(0.00113394658521288,-0.0443298160619962,-0.00583846379855067));
#6103=CARTESIAN_POINT('',(0.000939368527185209,-0.0442933980774926,-0.00582144042430236));
#6104=CARTESIAN_POINT('',(0.000939368535148838,-0.0442933980346183,-0.00582144042499909));
#6105=CARTESIAN_POINT('',(0.000487517142515336,-0.0442115626310405,-0.00578190855054526));
#6106=CARTESIAN_POINT('',(-0.000377721772056802,-0.0439515745368676,-0.00570620995427872));
#6107=CARTESIAN_POINT('',(-0.00159185259441577,-0.0432495384074053,-0.0055999872712849));
#6108=CARTESIAN_POINT('',(-0.00262726367951947,-0.0423047546711922,-0.00550940053924925));
#6109=CARTESIAN_POINT('',(-0.0031365979390733,-0.0415581478395515,-0.00546483956559292));
#6110=CARTESIAN_POINT('',(-0.0033511795616946,-0.0411518999443287,-0.00544606610621256));
#6111=CARTESIAN_POINT('',(-0.00335117956169468,-0.0411518999443286,-0.00544606610621256));
#6112=CARTESIAN_POINT('',(-0.00826334520263731,-0.0319825241778198,-0.00501630729926852));
#6113=CARTESIAN_POINT('',(-0.0083057181851787,-0.0319034279443127,-0.00501260014365637));
#6114=CARTESIAN_POINT('',(-0.00830571827541596,-0.0319034279930241,-0.00501260013576163));
#6115=CARTESIAN_POINT('',(-0.0084668540217695,-0.0315953771969446,-0.00499850258466691));
#6116=CARTESIAN_POINT('',(-0.00885999671581934,-0.031042604398712,-0.0049641070557895));
#6117=CARTESIAN_POINT('',(-0.00969897280984948,-0.0303814030441683,-0.00489070615859261));
#6118=CARTESIAN_POINT('',(-0.0106772656100539,-0.0299542451493518,-0.00480511662896569));
#6119=CARTESIAN_POINT('',(-0.0113504810806332,-0.0298686971557003,-0.00474621790717973));
#6120=CARTESIAN_POINT('',(-0.0116983320113398,-0.0298721295626748,-0.00471578489414596));
#6121=CARTESIAN_POINT('',(-0.0116983320113398,-0.0298721295626748,-0.00471578489414596));
#6122=CARTESIAN_POINT('',(-0.0625,-0.0298721295626748,-0.000271214856930365));
#6123=CARTESIAN_POINT('',(-0.0627046247113398,-0.0298721295626748,-0.00025331251441087));
#6124=CARTESIAN_POINT('',(-0.0627046247113398,-0.0298721295626748,-0.00025331251441087));
#6125=CARTESIAN_POINT('',(-0.0643129886158317,-0.0298786465526979,-0.000112598905943533));
#6126=CARTESIAN_POINT('',(-0.0675207201562704,-0.0285365233508413,0.000168041239479396));
#6127=CARTESIAN_POINT('',(-0.0688623754525461,-0.025330210881179,0.000285420868263037));
#6128=CARTESIAN_POINT('',(-0.0688558546240145,-0.02372089965,0.000284850369689729));
#6129=CARTESIAN_POINT('',(-0.0688558546240145,-0.02372089965,0.000284850369689729));
#6130=CARTESIAN_POINT('',(-0.0688558546240145,0.04427910035,0.000284850369689729));
#6131=CARTESIAN_POINT('',(-0.0688558546240145,0.04427910035,0.000284850369689729));
#6132=CARTESIAN_POINT('',(-0.0688558546240145,0.04427910035,0.000284850369689724));
#6133=CARTESIAN_POINT('',(-0.0688623716140375,0.0458874642544872,0.00028542053243705));
#6134=CARTESIAN_POINT('',(-0.067520248412202,0.049095195794933,0.000167999967221331));
#6135=CARTESIAN_POINT('',(-0.0643139359424768,0.0504368510912062,-0.00011251602560143));
#6136=CARTESIAN_POINT('',(-0.0627046247113398,0.0504303302626747,-0.00025331251441087));
#6137=CARTESIAN_POINT('',(-0.0627046247113398,0.0504303302626747,-0.00025331251441087));
#6138=CARTESIAN_POINT('',(-0.0337712382,0.0504303302626747,-0.00278465583156699));
#6139=CARTESIAN_POINT('',(-0.0339758629113398,0.0504303302626747,-0.00276675348904749));
#6140=CARTESIAN_POINT('',(-0.0339758629113398,0.0504303302626748,-0.00276675348904749));
#6141=CARTESIAN_POINT('',(-0.0336500958148522,0.0504276327508734,-0.00279525441693991));
#6142=CARTESIAN_POINT('',(-0.0330169348411532,0.0505036605283632,-0.00285064882432561));
#6143=CARTESIAN_POINT('',(-0.0320912893464688,0.0508790916651627,-0.00293163231155434));
#6144=CARTESIAN_POINT('',(-0.0312828108935405,0.0514645490706672,-0.00300236501089054));
#6145=CARTESIAN_POINT('',(-0.0308825876553887,0.0519614030376804,-0.00303738000710846));
#6146=CARTESIAN_POINT('',(-0.0307121123825994,0.0522392563188945,-0.00305229466088901));
#6147=CARTESIAN_POINT('',(-0.0307121123825994,0.0522392563188945,-0.00305229466088901));
#6148=CARTESIAN_POINT('',(-0.0285960977777239,0.0556248797408278,-0.0032374219506709));
#6149=CARTESIAN_POINT('',(-0.0286496190929131,0.0555392456344492,-0.00323273944233486));
#6150=CARTESIAN_POINT('',(-0.0286496190803812,0.0555392456265569,-0.00323273944343125));
#6151=CARTESIAN_POINT('',(-0.0275713392475607,0.0572967063112295,-0.00332707670491167));
#6152=CARTESIAN_POINT('',(-0.0254969569046492,0.0584474176405883,-0.00350856164373478));
#6153=CARTESIAN_POINT('',(-0.0234333865113398,0.0584303302626748,-0.00368910065953708));
#6154=CARTESIAN_POINT('',(-0.0234333865113398,0.0584303302626747,-0.00368910065953708));
#6155=CARTESIAN_POINT('',(0.0239289322,0.0584303302626747,-0.00783276662508106));
#6156=CARTESIAN_POINT('',(0.0237243074886602,0.0584303302626747,-0.00781486428256157));
#6157=CARTESIAN_POINT('',(0.0237243074886603,0.0584303302626748,-0.00781486428256157));
#6158=CARTESIAN_POINT('',(0.0253364655751705,0.0584368626264862,-0.00795590983894286));
#6159=CARTESIAN_POINT('',(0.0269378652928949,0.0577739389206339,-0.00809601416001736));
#6160=CARTESIAN_POINT('',(0.0280738838725439,0.0566286767338961,-0.00819540290729147));
#6161=CARTESIAN_POINT('',(0.0280738838725439,0.056628676733896,-0.00819540290729147));
#6162=CARTESIAN_POINT('',(0.0302539860813893,0.0544485745131851,-0.00838613713589327));
#6163=CARTESIAN_POINT('',(0.0301449516666173,0.0545576089279571,-0.00837659786066654));
#6164=CARTESIAN_POINT('',(0.0301449516607072,0.0545576089220019,-0.00837659786014947));
#6165=CARTESIAN_POINT('',(0.0308552473819397,0.0538415336345983,-0.00843874068350828));
#6166=CARTESIAN_POINT('',(0.0318570187304287,0.0534262401382614,-0.00852638431994614));
#6167=CARTESIAN_POINT('',(0.0328664430886603,0.0534303302626747,-0.00861469750797834));
#6168=CARTESIAN_POINT('',(0.0328664430886603,0.0534303302626747,-0.00861469750797834));
#6169=CARTESIAN_POINT('',(0.0625,0.0534303302626747,-0.0112072977976709));
#6170=CARTESIAN_POINT('',(0.06765,0.00717281619999999,0.027));
#6171=CARTESIAN_POINT('',(0.06765,-0.03293346795,0.027));
#6172=CARTESIAN_POINT('',(0.06765,-0.03293346795,0.0091));
#6173=CARTESIAN_POINT('',(0.06765,0.00717281619999999,0.0091));
#6174=CARTESIAN_POINT('',(0.06765,0.04727910035,0.0091));
#6175=CARTESIAN_POINT('',(0.06765,0.04727910035,0.027));
#6176=CARTESIAN_POINT('',(0.06765,0.01287910035,0.003));
#6177=CARTESIAN_POINT('',(0.06765,0.01287910035,0.006));
#6178=CARTESIAN_POINT('',(0.06765,0.0071728162,0.006));
#6179=CARTESIAN_POINT('',(0.0625,0.04727910035,0.027));
#6180=CARTESIAN_POINT('',(0.0625,0.04727910035,0.0091));
#6181=CARTESIAN_POINT('',(0.0625,0.05242910035,0.0091));
#6182=CARTESIAN_POINT('',(0.0625,0.05242910035,0.027));
#6183=CARTESIAN_POINT('',(0.0477855339,0.05242910035,0.027));
#6184=CARTESIAN_POINT('',(0.0477855339,0.05242910035,0.0091));
#6185=CARTESIAN_POINT('',(0.0330710678,0.05242910035,0.0091));
#6186=CARTESIAN_POINT('',(0.0330710678,0.05242910035,0.027));
#6187=CARTESIAN_POINT('',(0.0330710678,0.05727910035,0.027));
#6188=CARTESIAN_POINT('',(0.0330710678,0.05727910035,0.0091));
#6189=CARTESIAN_POINT('',(0.0296415999171779,0.053849632467178,0.0091));
#6190=CARTESIAN_POINT('',(0.0296415999171779,0.053849632467178,0.027));
#6191=CARTESIAN_POINT('',(0.028606066017178,0.054885166367178,0.027));
#6192=CARTESIAN_POINT('',(0.028606066017178,0.054885166367178,0.0091));
#6193=CARTESIAN_POINT('',(0.0275705321231107,0.0559207002731107,0.0091));
#6194=CARTESIAN_POINT('',(0.0275705321231107,0.0559207002731107,0.027));
#6195=CARTESIAN_POINT('',(0.0239289322,0.05227910035,0.027));
#6196=CARTESIAN_POINT('',(0.0239289322,0.05227910035,0.0091));
#6197=CARTESIAN_POINT('',(0.0239289322,0.05742910035,0.0091));
#6198=CARTESIAN_POINT('',(0.0239289322,0.05742910035,0.027));
#6199=CARTESIAN_POINT('',(0.000350085199999986,0.05742910035,0.027));
#6200=CARTESIAN_POINT('',(0.000350085199999986,0.05742910035,0.0091));
#6201=CARTESIAN_POINT('',(-0.0232287618,0.05742910035,0.0091));
#6202=CARTESIAN_POINT('',(-0.0232287618,0.05742910035,0.027));
#6203=CARTESIAN_POINT('',(-0.0232287618,0.05227910035,0.027));
#6204=CARTESIAN_POINT('',(-0.0232287618,0.05227910035,0.0091));
#6205=CARTESIAN_POINT('',(-0.0275959531079243,0.0550085948512829,0.0091));
#6206=CARTESIAN_POINT('',(-0.0275959531079243,0.0550085948512829,0.027));
#6207=CARTESIAN_POINT('',(-0.0286271997464669,0.0533586001896146,0.027));
#6208=CARTESIAN_POINT('',(-0.0286271997464669,0.0533586001896146,0.0091));
#6209=CARTESIAN_POINT('',(-0.0296584463975685,0.0517086055357955,0.0091));
#6210=CARTESIAN_POINT('',(-0.0296584463975685,0.0517086055357955,0.027));
#6211=CARTESIAN_POINT('',(-0.0337712382,0.05427910035,0.027));
#6212=CARTESIAN_POINT('',(-0.0337712382,0.05427910035,0.0091));
#6213=CARTESIAN_POINT('',(-0.0337712382,0.04942910035,0.0091));
#6214=CARTESIAN_POINT('',(-0.0337712382,0.04942910035,0.027));
#6215=CARTESIAN_POINT('',(-0.0481356191,0.04942910035,0.027));
#6216=CARTESIAN_POINT('',(-0.0481356191,0.04942910035,0.0091));
#6217=CARTESIAN_POINT('',(-0.0625,0.04942910035,0.0091));
#6218=CARTESIAN_POINT('',(-0.0625,0.04942910035,0.027));
#6219=CARTESIAN_POINT('',(-0.0625,0.04427910035,0.027));
#6220=CARTESIAN_POINT('',(-0.0625,0.04427910035,0.0091));
#6221=CARTESIAN_POINT('',(-0.06765,0.04427910035,0.0091));
#6222=CARTESIAN_POINT('',(-0.06765,0.04427910035,0.027));
#6223=CARTESIAN_POINT('',(-0.06765,0.01027910035,0.027));
#6224=CARTESIAN_POINT('',(-0.06765,0.01027910035,0.0091));
#6225=CARTESIAN_POINT('',(-0.06765,-0.02372089965,0.0091));
#6226=CARTESIAN_POINT('',(-0.06765,-0.02372089965,0.027));
#6227=CARTESIAN_POINT('',(-0.0625,-0.02372089965,0.027));
#6228=CARTESIAN_POINT('',(-0.0625,-0.02372089965,0.0091));
#6229=CARTESIAN_POINT('',(-0.0625,-0.02887089965,0.0091));
#6230=CARTESIAN_POINT('',(-0.0625,-0.02887089965,0.027));
#6231=CARTESIAN_POINT('',(-0.03699685365,-0.02887089965,0.027));
#6232=CARTESIAN_POINT('',(-0.03699685365,-0.02887089965,0.0091));
#6233=CARTESIAN_POINT('',(-0.0114937073,-0.02887089965,0.0091));
#6234=CARTESIAN_POINT('',(-0.0114937073,-0.02887089965,0.027));
#6235=CARTESIAN_POINT('',(-0.0114937073,-0.03372089965,0.027));
#6236=CARTESIAN_POINT('',(-0.0114937073,-0.03372089965,0.0091));
#6237=CARTESIAN_POINT('',(-0.00721852936184114,-0.0314306257380485,0.0091));
#6238=CARTESIAN_POINT('',(-0.00721852936184114,-0.0314306257380485,0.027));
#6239=CARTESIAN_POINT('',(-0.00474126005644143,-0.0360548617414614,0.027));
#6240=CARTESIAN_POINT('',(-0.00474126005644143,-0.0360548617414614,0.0091));
#6241=CARTESIAN_POINT('',(-0.00226399073835114,-0.0406790977380756,0.0091));
#6242=CARTESIAN_POINT('',(-0.00226399073835114,-0.0406790977380756,0.027));
#6243=CARTESIAN_POINT('',(0.00227563109999999,-0.0382471574500001,0.027));
#6244=CARTESIAN_POINT('',(0.00227563109999999,-0.0382471574500001,0.0091));
#6245=CARTESIAN_POINT('',(0.00132818886854964,-0.0433092571790871,0.0091));
#6246=CARTESIAN_POINT('',(0.00132818886854964,-0.0433092571790871,0.027));
#6247=CARTESIAN_POINT('',(0.0188000063454342,-0.0465793503466861,0.027));
#6248=CARTESIAN_POINT('',(0.0188000063454342,-0.0465793503466861,0.0091));
#6249=CARTESIAN_POINT('',(0.0362718238142961,-0.0498494435571486,0.0091));
#6250=CARTESIAN_POINT('',(0.0362718238142961,-0.0498494435571486,0.027));
#6251=CARTESIAN_POINT('',(0.0353795724000002,-0.0546166636499998,0.027));
#6252=CARTESIAN_POINT('',(0.0353795724000002,-0.0546166636499998,0.0091));
#6253=CARTESIAN_POINT('',(0.0378045723972775,-0.0504164404589959,0.0091));
#6254=CARTESIAN_POINT('',(0.0378045723972775,-0.0504164404589959,0.027));
#6255=CARTESIAN_POINT('',(0.0432801831498308,-0.05357778581047,0.027));
#6256=CARTESIAN_POINT('',(0.0432801831498308,-0.05357778581047,0.0091));
#6257=CARTESIAN_POINT('',(0.0487557938941905,-0.0567391311761357,0.0091));
#6258=CARTESIAN_POINT('',(0.0487557938941905,-0.0567391311761357,0.027));
#6259=CARTESIAN_POINT('',(0.0513307939,-0.05227910035,0.027));
#6260=CARTESIAN_POINT('',(0.0513307939,-0.05227910035,0.0091));
#6261=CARTESIAN_POINT('',(0.0557908247126811,-0.0548541003463395,0.0091));
#6262=CARTESIAN_POINT('',(0.0557908247126811,-0.0548541003463395,0.027));
#6263=CARTESIAN_POINT('',(0.0613754277626811,-0.0451812841463395,0.027));
#6264=CARTESIAN_POINT('',(0.0613754277626811,-0.0451812841463395,0.0091));
#6265=CARTESIAN_POINT('',(0.0669600308268727,-0.0355084679545331,0.0091));
#6266=CARTESIAN_POINT('',(0.0669600308268727,-0.0355084679545331,0.027));
#6267=CARTESIAN_POINT('',(0.0625,-0.03293346795,0.027));
#6268=CARTESIAN_POINT('',(0.0625,-0.03293346795,0.0091));
#6269=CARTESIAN_POINT('',(0.0625,-0.03293346795,0.004));
#6270=CARTESIAN_POINT('',(0.0651846787501564,-0.0344834679527286,0.004));
#6271=CARTESIAN_POINT('',(0.0596000756859647,-0.0441562841445351,0.004));
#6272=CARTESIAN_POINT('',(0.0540154726359648,-0.0538291003445351,0.004));
#6273=CARTESIAN_POINT('',(0.0513307939,-0.05227910035,0.004));
#6274=CARTESIAN_POINT('',(0.049780793896503,-0.0549637790997128,0.004));
#6275=CARTESIAN_POINT('',(0.0443051831521433,-0.051802433734047,0.004));
#6276=CARTESIAN_POINT('',(0.0388295723995901,-0.0486410883825729,0.004));
#6277=CARTESIAN_POINT('',(0.0353795724000001,-0.0546166636499998,0.004));
#6278=CARTESIAN_POINT('',(0.0366489610100296,-0.0478344330024382,0.004));
#6279=CARTESIAN_POINT('',(0.0191771435411675,-0.0445643397919758,0.004));
#6280=CARTESIAN_POINT('',(0.0358869871635897,-0.0476918189757312,-0.002));
#6281=CARTESIAN_POINT('',(0.00246729991473419,-0.0414368606074696,0.004));
#6282=CARTESIAN_POINT('',(0.00170532606428307,-0.0412942466243767,0.004));
#6283=CARTESIAN_POINT('',(0.00227563109999999,-0.0382471574500001,0.004));
#6284=CARTESIAN_POINT('',(-0.03699685365,-0.02682089965,0.004));
#6285=CARTESIAN_POINT('',(-0.0123268788208839,-0.02682089965,0.00237983978979878));
#6286=CARTESIAN_POINT('',(-0.0625,-0.02682089965,0.004));
#6287=CARTESIAN_POINT('',(-0.0625,-0.02372089965,0.004));
#6288=CARTESIAN_POINT('',(-0.0656,-0.02372089965,0.004));
#6289=CARTESIAN_POINT('',(-0.0656,0.01027910035,0.004));
#6290=CARTESIAN_POINT('',(-0.0656,0.04427910035,0.004));
#6291=CARTESIAN_POINT('',(-0.0625,0.04427910035,0.004));
#6292=CARTESIAN_POINT('',(-0.0625,0.04737910035,0.004));
#6293=CARTESIAN_POINT('',(-0.0481356191,0.04737910035,0.004));
#6294=CARTESIAN_POINT('',(-0.0337712382,0.04737910035,0.004));
#6295=CARTESIAN_POINT('',(-0.0337712382,0.05427910035,0.004));
#6296=CARTESIAN_POINT('',(-0.0279200498625201,0.0506221077277297,0.004));
#6297=CARTESIAN_POINT('',(-0.0268888032114186,0.0522721023815488,0.004));
#6298=CARTESIAN_POINT('',(-0.0258575565728759,0.0539220970432171,0.004));
#6299=CARTESIAN_POINT('',(-0.0232287618,0.05227910035,0.004));
#6300=CARTESIAN_POINT('',(-0.0232287618,0.05537910035,0.004));
#6301=CARTESIAN_POINT('',(0.000350085199999995,0.05537910035,0.004));
#6302=CARTESIAN_POINT('',(0.0239289322,0.05537910035,0.004));
#6303=CARTESIAN_POINT('',(0.0239289322,0.05227910035,0.004));
#6304=CARTESIAN_POINT('',(0.0261209632216783,0.0544711313716783,0.004));
#6305=CARTESIAN_POINT('',(0.0271564971157456,0.0534355974657456,0.004));
#6306=CARTESIAN_POINT('',(0.0281920310157456,0.0524000635657456,0.004));
#6307=CARTESIAN_POINT('',(0.0330710678,0.05727910035,0.004));
#6308=CARTESIAN_POINT('',(0.0330710678,0.05037910035,0.004));
#6309=CARTESIAN_POINT('',(0.0477855339,0.05037910035,0.004));
#6310=CARTESIAN_POINT('',(0.0475900284093202,0.05037910035,0.002));
#6311=CARTESIAN_POINT('',(0.065598,0.00190410035000001,0.006));
#6312=CARTESIAN_POINT('',(0.065598,0.01287910035,0.006));
#6313=CARTESIAN_POINT('',(0.07,0.01287910035,0.006));
#6314=CARTESIAN_POINT('',(0.07,-0.00907089965,0.006));
#6315=CARTESIAN_POINT('',(0.065598,0.00190410035000001,3.22802840794212E-19));
#6316=CARTESIAN_POINT('',(0.06565,-0.00407089965,-8.67361737988404E-19));
#6317=CARTESIAN_POINT('',(0.06765,-0.00407089965,-3.85509649112036E-19));
#6318=CARTESIAN_POINT('',(0.0669833333333333,-0.00556161163499985,-1.04407971586762E-18));
#6319=CARTESIAN_POINT('',(0.06765,-0.00630696762749978,-8.67361737988404E-19));
#6320=CARTESIAN_POINT('',(0.06665,-0.00630696762749978,-6.50586615930864E-19));
#6321=CARTESIAN_POINT('',(0.06665,0.00190410035000001,3.22802840794212E-19));
#6322=CARTESIAN_POINT('',(0.07,0.00190410035000001,3.22802840794212E-19));
#6323=CARTESIAN_POINT('',(0.07,0.01287910035,1.62384544777681E-18));
#6324=CARTESIAN_POINT('',(0.065598,0.01287910035,1.62384544777681E-18));
#6325=CARTESIAN_POINT('',(0.06665,0.01287910035,1.62384544777681E-18));
#6326=CARTESIAN_POINT('',(0.06665,0.00190410035000001,3.22802840794212E-19));
#6327=CARTESIAN_POINT('',(0.06665,0.0101151683274998,1.29619229751929E-18));
#6328=CARTESIAN_POINT('',(0.06765,0.0101151683274998,8.67361737988404E-19));
#6329=CARTESIAN_POINT('',(0.0669833333333333,0.00936981233499987,1.04407971586762E-18));
#6330=CARTESIAN_POINT('',(0.06565,0.00787910035000001,8.67361737988404E-19));
#6331=CARTESIAN_POINT('',(0.06765,0.00787910035000001,1.03111533070046E-18));
#6332=CARTESIAN_POINT('',(0.06765,0.00190410035000001,3.22802840794212E-19));
#6333=CARTESIAN_POINT('',(0.065598,0.01287910035,0.003));
#6334=CARTESIAN_POINT('',(0.06665,0.01287910035,0.003));
#6335=CARTESIAN_POINT('',(0.07,0.01287910035,0.003));
#6336=CARTESIAN_POINT('',(0.071,0.00717281619999999,0.007));
#6337=CARTESIAN_POINT('',(0.071,0.01287910035,0.007));
#6338=CARTESIAN_POINT('',(0.07,-0.00907089965,0.006));
#6339=CARTESIAN_POINT('',(0.071,-0.00907089965,0.003));
#6340=CARTESIAN_POINT('',(0.07,-0.00907089965,-9.78239766188393E-19));
#6341=CARTESIAN_POINT('',(0.071,0.01287910035,0.003));
#6342=CARTESIAN_POINT('',(0.071,0.01287910035,-0.001));
#6343=CARTESIAN_POINT('',(0.07,0.00190410035000001,3.22802840794212E-19));
#6344=CARTESIAN_POINT('',(-0.00465742904178268,-0.025513855066689,0.004));
#6345=CARTESIAN_POINT('',(-0.00235236114592455,-0.0274339232934675,0.004));
#6346=CARTESIAN_POINT('',(-0.00696249693764081,-0.0235937868399105,0.004));
#6347=CARTESIAN_POINT('',(-0.00504242871086236,-0.0212887189440524,0.004));
#6348=CARTESIAN_POINT('',(-0.0081768345439492,-0.0249936359448777,0.00371813462374308));
#6349=CARTESIAN_POINT('',(-0.00043229291914609,-0.0251288553976093,0.004));
#6350=CARTESIAN_POINT('',(-0.00304735045948903,-0.0282246233592193,0.00421217341874972));
#6351=CARTESIAN_POINT('',(0.,6.93889390390723E-18,0.004));
#6352=CARTESIAN_POINT('',(-0.0474074290417827,-0.00866385506668901,0.004));
#6353=CARTESIAN_POINT('',(-0.0459074290417827,-0.00866385506668901,0.004));
#6354=CARTESIAN_POINT('',(-0.0474074290417827,-0.00866385506668901,0.004));
#6355=CARTESIAN_POINT('',(-0.0444074290417827,-0.00866385506668901,0.004));
#6356=CARTESIAN_POINT('',(-0.0474074290417827,-0.00866385506668901,0.004));
#6357=CARTESIAN_POINT('',(0.,6.93889390390723E-18,0.004));
#6358=CARTESIAN_POINT('',(-0.0474074290417827,0.029336144933311,0.004));
#6359=CARTESIAN_POINT('',(-0.0459074290417827,0.029336144933311,0.004));
#6360=CARTESIAN_POINT('',(-0.0474074290417827,0.029336144933311,0.004));
#6361=CARTESIAN_POINT('',(-0.0444074290417827,0.029336144933311,0.004));
#6362=CARTESIAN_POINT('',(-0.0474074290417827,0.029336144933311,0.004));
#6363=CARTESIAN_POINT('',(0.,6.93889390390723E-18,0.004));
#6364=CARTESIAN_POINT('',(0.0285925709582174,0.033336144933311,0.004));
#6365=CARTESIAN_POINT('',(0.0300925709582174,0.033336144933311,0.004));
#6366=CARTESIAN_POINT('',(0.0285925709582174,0.033336144933311,0.004));
#6367=CARTESIAN_POINT('',(0.0315925709582174,0.033336144933311,0.004));
#6368=CARTESIAN_POINT('',(0.0285925709582174,0.033336144933311,0.004));
#6369=CARTESIAN_POINT('',(0.,6.93889390390723E-18,0.004));
#6370=CARTESIAN_POINT('',(0.0482829839582173,-0.027661355066689,0.004));
#6371=CARTESIAN_POINT('',(0.0497829839582173,-0.027661355066689,0.004));
#6372=CARTESIAN_POINT('',(0.0482829839582173,-0.027661355066689,0.004));
#6373=CARTESIAN_POINT('',(0.0512829839582173,-0.027661355066689,0.004));
#6374=CARTESIAN_POINT('',(0.0482829839582173,-0.027661355066689,0.004));
#6375=CARTESIAN_POINT('',(0.0482829839582173,-0.027661355066689,0.0005));
#6376=CARTESIAN_POINT('',(0.0482829839582173,-0.027661355066689,0.0005));
#6377=CARTESIAN_POINT('',(0.0497829839582173,-0.027661355066689,0.0005));
#6378=CARTESIAN_POINT('',(0.,6.93889390390723E-18,0.0005));
#6379=CARTESIAN_POINT('',(0.0285925709582174,0.033336144933311,0.0005));
#6380=CARTESIAN_POINT('',(0.0285925709582174,0.033336144933311,0.0005));
#6381=CARTESIAN_POINT('',(0.0300925709582174,0.033336144933311,0.0005));
#6382=CARTESIAN_POINT('',(0.,6.93889390390723E-18,0.0005));
#6383=CARTESIAN_POINT('',(-0.0474074290417827,0.029336144933311,0.0005));
#6384=CARTESIAN_POINT('',(-0.0474074290417827,0.029336144933311,0.0005));
#6385=CARTESIAN_POINT('',(-0.0459074290417827,0.029336144933311,0.0005));
#6386=CARTESIAN_POINT('',(0.,6.93889390390723E-18,0.0005));
#6387=CARTESIAN_POINT('',(-0.0474074290417827,-0.00866385506668901,0.0005));
#6388=CARTESIAN_POINT('',(-0.0474074290417827,-0.00866385506668901,0.0005));
#6389=CARTESIAN_POINT('',(-0.0459074290417827,-0.00866385506668901,0.0005));
#6390=CARTESIAN_POINT('',(0.,6.93889390390723E-18,0.0005));
#6391=CARTESIAN_POINT('',(-0.00465742904178268,-0.025513855066689,0.0005));
#6392=CARTESIAN_POINT('',(-0.00465742904178268,-0.025513855066689,0.0005));
#6393=CARTESIAN_POINT('',(-0.00315742904178268,-0.025513855066689,0.0005));
#6394=CARTESIAN_POINT('',(0.,6.93889390390723E-18,0.0005));
#6395=CARTESIAN_POINT('',(0.057,0.03077910035,-0.0055));
#6396=CARTESIAN_POINT('',(0.05625,0.05142910035,-0.0055));
#6397=CARTESIAN_POINT('',(0.0525,0.05142910035,-0.0055));
#6398=CARTESIAN_POINT('',(0.04935,0.05142910035,-0.0055));
#6399=CARTESIAN_POINT('',(0.04935,0.04942910035,-0.0055));
#6400=CARTESIAN_POINT('',(0.04735,0.04942910035,-0.0055));
#6401=CARTESIAN_POINT('',(0.04735,0.0197648867876269,-0.0055));
#6402=CARTESIAN_POINT('',(0.04735,-0.00989932677474619,-0.0055));
#6403=CARTESIAN_POINT('',(0.04935,-0.00989932677474619,-0.0055));
#6404=CARTESIAN_POINT('',(0.04935,-0.0118993267747462,-0.0055));
#6405=CARTESIAN_POINT('',(0.057,-0.0118993267747462,-0.0055));
#6406=CARTESIAN_POINT('',(0.06465,-0.0118993267747462,-0.0055));
#6407=CARTESIAN_POINT('',(0.06465,-0.00989932677474618,-0.0055));
#6408=CARTESIAN_POINT('',(0.06665,-0.00989932677474618,-0.0055));
#6409=CARTESIAN_POINT('',(0.06665,-0.00898511321237309,-0.0055));
#6410=CARTESIAN_POINT('',(0.06665,-0.00630696762749978,-0.0055));
#6411=CARTESIAN_POINT('',(0.06765,-0.00630696762749978,-0.0055));
#6412=CARTESIAN_POINT('',(0.0669833333333333,-0.00556161163499985,-0.0055));
#6413=CARTESIAN_POINT('',(0.06565,-0.00407089965,-0.0055));
#6414=CARTESIAN_POINT('',(0.06765,-0.00407089965,-0.0055));
#6415=CARTESIAN_POINT('',(0.06765,0.00190410035000001,-0.0055));
#6416=CARTESIAN_POINT('',(0.06765,0.00787910035000001,-0.0055));
#6417=CARTESIAN_POINT('',(0.06565,0.00787910035000001,-0.0055));
#6418=CARTESIAN_POINT('',(0.0669833333333333,0.00936981233499987,-0.0055));
#6419=CARTESIAN_POINT('',(0.06765,0.0101151683274998,-0.0055));
#6420=CARTESIAN_POINT('',(0.06665,0.0101151683274998,-0.0055));
#6421=CARTESIAN_POINT('',(0.06665,0.02857910035,-0.0055));
#6422=CARTESIAN_POINT('',(0.06665,0.04727910035,-0.0055));
#6423=CARTESIAN_POINT('',(0.0625,0.04727910035,-0.0055));
#6424=CARTESIAN_POINT('',(0.0615,0.0513068168246293,-0.0055));
#6425=CARTESIAN_POINT('',(0.0615,0.0556457006153408,-0.0055));
#6426=CARTESIAN_POINT('',(0.0525,0.03077910035,-0.0055));
#6427=CARTESIAN_POINT('',(0.057,0.03077910035,0.0035));
#6428=CARTESIAN_POINT('',(0.0615,0.03077910035,0.0035));
#6429=CARTESIAN_POINT('',(0.0615,0.05142910035,0.0035));
#6430=CARTESIAN_POINT('',(0.057,0.05142910035,0.0035));
#6431=CARTESIAN_POINT('',(0.0525,0.05142910035,0.0035));
#6432=CARTESIAN_POINT('',(0.0525,0.05577910035,0.0035));
#6433=CARTESIAN_POINT('',(0.064,0.03077910035,-0.001));
#6434=CARTESIAN_POINT('',(0.064,0.0511485318327892,-0.003));
#6435=CARTESIAN_POINT('',(0.064,0.0511485318327892,-0.003));
#6436=CARTESIAN_POINT('',(0.064,0.0511485318327892,-0.005502));
#6437=CARTESIAN_POINT('',(0.064,0.0511485318327892,0.001));
#6438=CARTESIAN_POINT('',(0.064,0.03077910035,0.001));
#6439=CARTESIAN_POINT('',(0.06765,0.00190410035000001,-0.005502));
#6440=CARTESIAN_POINT('',(0.06765,-0.00407089965,0.));
#6441=CARTESIAN_POINT('',(0.06765,0.00787910035000001,-0.0055));
#6442=CARTESIAN_POINT('',(0.06665,0.02857910035,-0.005502));
#6443=CARTESIAN_POINT('',(0.06665,0.0101151683274998,-0.005502));
#6444=CARTESIAN_POINT('',(0.06665,0.04727910035,-0.005502));
#6445=CARTESIAN_POINT('',(0.0625,0.04727910035,-0.005502));
#6446=CARTESIAN_POINT('',(0.0625,0.05142910035,-0.005502));
#6447=CARTESIAN_POINT('',(0.0625,0.05142910035,0.00329128784747793));
#6448=CARTESIAN_POINT('',(0.0625,0.05142910035,0.00329128784747793));
#6449=CARTESIAN_POINT('',(0.0633989656358734,0.05142910035,0.00289894707856802));
#6450=CARTESIAN_POINT('',(0.064,0.0511485318327892,0.00198034574438301));
#6451=CARTESIAN_POINT('',(0.064,0.0511485318327892,0.001));
#6452=CARTESIAN_POINT('',(0.064,0.0511485318327892,-0.003));
#6453=CARTESIAN_POINT('',(0.064,0.0511485318327892,-0.00366531245627044));
#6454=CARTESIAN_POINT('',(0.0634624962489171,0.0514070229706218,-0.00495282483870175));
#6455=CARTESIAN_POINT('',(0.0621461809906435,0.0514672504089478,-0.0055));
#6456=CARTESIAN_POINT('',(0.0615,0.0513068168246293,-0.0055));
#6457=CARTESIAN_POINT('',(0.05625,0.05142910035,-0.005502));
#6458=CARTESIAN_POINT('',(0.04935,0.05142910035,-0.005502));
#6459=CARTESIAN_POINT('',(0.0525,0.05142910035,-0.003));
#6460=CARTESIAN_POINT('',(0.0525,0.05142910035,0.001));
#6461=CARTESIAN_POINT('',(0.0615,0.05142910035,0.001));
#6462=CARTESIAN_POINT('',(0.06665,-0.00898511321237309,-0.005502));
#6463=CARTESIAN_POINT('',(0.06665,-0.00630696762749978,-0.0055));
#6464=CARTESIAN_POINT('',(0.06665,-0.00989932677474618,0.002));
#6465=CARTESIAN_POINT('',(0.057,-0.0118993267747462,-0.005502));
#6466=CARTESIAN_POINT('',(0.06465,-0.0118993267747462,-0.0055));
#6467=CARTESIAN_POINT('',(0.04935,-0.0118993267747462,-0.005502));
#6468=CARTESIAN_POINT('',(0.04735,0.0197648867876269,-0.005502));
#6469=CARTESIAN_POINT('',(0.04735,0.01477910035,-0.004));
#6470=CARTESIAN_POINT('',(0.04735,0.01477910035,-0.004));
#6471=CARTESIAN_POINT('',(0.04735,1.21270320160825E-17,-0.004));
#6472=CARTESIAN_POINT('',(0.04735,0.00331159117148087,-0.004));
#6473=CARTESIAN_POINT('',(0.04735,0.00331159117148087,-0.005502));
#6474=CARTESIAN_POINT('',(0.04735,-0.00989932677474619,-0.005502));
#6475=CARTESIAN_POINT('',(0.04735,0.04942910035,-0.005502));
#6476=CARTESIAN_POINT('',(-0.0688558546240145,0.01027910035,0.000284850369689729));
#6477=CARTESIAN_POINT('',(-0.0688558546240145,-0.02372089965,0.000284850369689729));
#6478=CARTESIAN_POINT('',(-0.069570569749343,-0.02372089965,0.00106447408737346));
#6479=CARTESIAN_POINT('',(-0.0702852848746715,-0.02372089965,0.00184409780505719));
#6480=CARTESIAN_POINT('',(-0.071,-0.02372089965,0.00262372152274093));
#6481=CARTESIAN_POINT('',(-0.071,0.04427910035,0.0026237215227409));
#6482=CARTESIAN_POINT('',(-0.0702852848746715,0.04427910035,0.00184409780505716));
#6483=CARTESIAN_POINT('',(-0.069570569749343,0.04427910035,0.00106447408737343));
#6484=CARTESIAN_POINT('',(-0.0688558546240145,0.04427910035,0.000284850369689699));
#6485=CARTESIAN_POINT('',(-0.0688558546240145,0.04427910035,0.000284850369689724));
#6486=CARTESIAN_POINT('',(-0.0688623889150607,0.045891734069404,0.000285422046080449));
#6487=CARTESIAN_POINT('',(-0.0681945146944859,0.0474883631346335,0.000226990623118943));
#6488=CARTESIAN_POINT('',(-0.0659138874959733,0.0497689903331461,2.74615975201998E-5));
#6489=CARTESIAN_POINT('',(-0.0643172584307438,0.0504368645537209,-0.000112225345543369));
#6490=CARTESIAN_POINT('',(-0.0627046247113398,0.0504303302626747,-0.00025331251441087));
#6491=CARTESIAN_POINT('',(-0.071,0.04427910035,0.00262372152274092));
#6492=CARTESIAN_POINT('',(-0.0710090293282288,0.0465074980541225,0.00262429319913164));
#6493=CARTESIAN_POINT('',(-0.0700861357029475,0.0487137799272238,0.00256586177617876));
#6494=CARTESIAN_POINT('',(-0.0669346795772238,0.0518652360529475,0.00236633275056277));
#6495=CARTESIAN_POINT('',(-0.0647283977041226,0.0527881296782288,0.00222664580750783));
#6496=CARTESIAN_POINT('',(-0.0625,0.05277910035,0.00208555863864033));
#6497=CARTESIAN_POINT('',(-0.0627046247113398,0.0504303302626747,-0.00025331251441087));
#6498=CARTESIAN_POINT('',(-0.0626364164742265,0.0512132536251165,0.000526311203272863));
#6499=CARTESIAN_POINT('',(-0.0625682082371132,0.0519961769875582,0.00130593492095659));
#6500=CARTESIAN_POINT('',(-0.0625,0.05277910035,0.00208555863864033));
#6501=CARTESIAN_POINT('',(-0.0627046247113398,-0.0298721295626748,-0.00025331251441087));
#6502=CARTESIAN_POINT('',(-0.0643172584307438,-0.029878663853721,-0.000112225345543369));
#6503=CARTESIAN_POINT('',(-0.0659138874959733,-0.0292107896331461,2.7461597520202E-5));
#6504=CARTESIAN_POINT('',(-0.0681945146944859,-0.0269301624346335,0.000226990623118946));
#6505=CARTESIAN_POINT('',(-0.0688623889150607,-0.025333533369404,0.000285422046080453));
#6506=CARTESIAN_POINT('',(-0.0688558546240145,-0.02372089965,0.00028485036968973));
#6507=CARTESIAN_POINT('',(-0.0625,-0.03222089965,0.00208555863864033));
#6508=CARTESIAN_POINT('',(-0.0647283977041225,-0.032229928978229,0.00222664580750783));
#6509=CARTESIAN_POINT('',(-0.0669346795772238,-0.0313070353529476,0.00236633275056277));
#6510=CARTESIAN_POINT('',(-0.0700861357029475,-0.0281555792272238,0.00256586177617877));
#6511=CARTESIAN_POINT('',(-0.0710090293282289,-0.0259492973541226,0.00262429319913165));
#6512=CARTESIAN_POINT('',(-0.071,-0.02372089965,0.00262372152274093));
#6513=CARTESIAN_POINT('',(-0.0625,-0.03222089965,0.00208555863864033));
#6514=CARTESIAN_POINT('',(-0.0625682082371132,-0.0314379762875583,0.0013059349209566));
#6515=CARTESIAN_POINT('',(-0.0626364164742265,-0.0306550529251165,0.000526311203272863));
#6516=CARTESIAN_POINT('',(-0.0627046247113398,-0.0298721295626748,-0.000253312514410869));
#6517=CARTESIAN_POINT('',(-0.0656,0.0504303302626747,0.));
#6518=CARTESIAN_POINT('',(-0.0337712382,0.05277910035,-0.000427882335996284));
#6519=CARTESIAN_POINT('',(-0.0338394464371132,0.0519961769875582,-0.00120750605368002));
#6520=CARTESIAN_POINT('',(-0.0339076546742265,0.0512132536251165,-0.00198712977136375));
#6521=CARTESIAN_POINT('',(-0.0339758629113398,0.0504303302626747,-0.00276675348904749));
#6522=CARTESIAN_POINT('',(-0.0656,-0.0298721295626748,0.));
#6523=CARTESIAN_POINT('',(-0.0116983320113398,-0.0298721295626748,-0.00471578489414596));
#6524=CARTESIAN_POINT('',(-0.0116301237742265,-0.0306550529251165,-0.00393616117646222));
#6525=CARTESIAN_POINT('',(-0.0115619155371133,-0.0314379762875583,-0.00315653745877849));
#6526=CARTESIAN_POINT('',(-0.0114937073,-0.03222089965,-0.00237691374109476));
#6527=CARTESIAN_POINT('',(-0.0324992407353469,0.053484101953828,-0.000713423507837816));
#6528=CARTESIAN_POINT('',(-0.0327649183573157,0.053051080801837,-0.000653783530858978));
#6529=CARTESIAN_POINT('',(-0.0332632281394415,0.052774893776812,-0.000541921704808007));
#6530=CARTESIAN_POINT('',(-0.0337712382,0.05277910035,-0.000427882335996289));
#6531=CARTESIAN_POINT('',(-0.0307121123825994,0.0522392563188945,-0.00305229466088902));
#6532=CARTESIAN_POINT('',(-0.031393800438803,0.0511281904142532,-0.00299265468391017));
#6533=CARTESIAN_POINT('',(-0.032672386961248,0.0504195368406374,-0.0028807928578592));
#6534=CARTESIAN_POINT('',(-0.0339758629113398,0.0504303302626747,-0.00276675348904749));
#6535=CARTESIAN_POINT('',(-0.0307121123700254,0.0522392563110695,-0.00305229466198909));
#6536=CARTESIAN_POINT('',(-0.0313078218209498,0.0526542048560336,-0.00227267094430536));
#6537=CARTESIAN_POINT('',(-0.0319035312718742,0.0530691534009977,-0.00149304722662162));
#6538=CARTESIAN_POINT('',(-0.0324992407227986,0.0534841019459619,-0.000713423508937889));
#6539=CARTESIAN_POINT('',(-0.0114937073,-0.03222089965,-0.00237691374109477));
#6540=CARTESIAN_POINT('',(-0.0109515990466834,-0.0322155504156431,-0.00249860755748865));
#6541=CARTESIAN_POINT('',(-0.0104227672305997,-0.0325321839382144,-0.00261732104605114));
#6542=CARTESIAN_POINT('',(-0.0101714873470222,-0.0330125675273716,-0.00267372898271044));
#6543=CARTESIAN_POINT('',(-0.0116983320113398,-0.0298721295626748,-0.00471578489414596));
#6544=CARTESIAN_POINT('',(-0.010307365325035,-0.0298584042472194,-0.00483747871053985));
#6545=CARTESIAN_POINT('',(-0.00895046394172246,-0.0306708373340975,-0.00495619219910234));
#6546=CARTESIAN_POINT('',(-0.00830571827541596,-0.0319034279930241,-0.00501260013576163));
#6547=CARTESIAN_POINT('',(-0.0101714872567847,-0.0330125674786605,-0.00267372899059696));
#6548=CARTESIAN_POINT('',(-0.00954956423291603,-0.0326428543005446,-0.00345335270828343));
#6549=CARTESIAN_POINT('',(-0.00892764120904735,-0.0322731411224286,-0.0042329764259699));
#6550=CARTESIAN_POINT('',(-0.00830571818517867,-0.0319034279443127,-0.00501260014365637));
#6551=CARTESIAN_POINT('',(-0.0593839423129965,0.00636432729019289,-0.000543834579435987));
#6552=CARTESIAN_POINT('',(-0.0304367474395994,0.0567840912651018,-0.000893868297249649));
#6553=CARTESIAN_POINT('',(-0.0298410379886752,0.0563691427201378,-0.00167349201493322));
#6554=CARTESIAN_POINT('',(-0.0292453285377509,0.0559541941751737,-0.00245311573261679));
#6555=CARTESIAN_POINT('',(-0.0286496190868267,0.0555392456302096,-0.00323273945030037));
#6556=CARTESIAN_POINT('',(-0.0386865171686685,0.0248073964160744,-0.00235462464374109));
#6557=CARTESIAN_POINT('',(-0.0033511795681693,-0.0411518999474796,-0.00544606611287181));
#6558=CARTESIAN_POINT('',(-0.00397310259200667,-0.0415216131256539,-0.00466644239518811));
#6559=CARTESIAN_POINT('',(-0.00459502561584404,-0.0418913263038282,-0.00388681867750441));
#6560=CARTESIAN_POINT('',(-0.00521694863968142,-0.0422610394820025,-0.00310719495982071));
#6561=CARTESIAN_POINT('',(-0.0286496190803812,0.0555392456265569,-0.00323273944343125));
#6562=CARTESIAN_POINT('',(-0.0275601229901468,0.057314987401939,-0.00332805800028258));
#6563=CARTESIAN_POINT('',(-0.0255166442983648,0.0584475806618923,-0.00350683921997029));
#6564=CARTESIAN_POINT('',(-0.0234333865113398,0.0584303302626747,-0.00368910065953708));
#6565=CARTESIAN_POINT('',(-0.0304367474331647,0.0567840912614328,-0.000893868290380058));
#6566=CARTESIAN_POINT('',(-0.0289312409087034,0.0592378777894972,-0.000989186847231384));
#6567=CARTESIAN_POINT('',(-0.0261074854765814,0.0608029375980676,-0.0011679680669191));
#6568=CARTESIAN_POINT('',(-0.0232287618,0.06077910035,-0.00135022950648589));
#6569=CARTESIAN_POINT('',(-0.0234333865113398,0.0584303302626747,-0.00368910065953708));
#6570=CARTESIAN_POINT('',(-0.0233651782742265,0.0592132536251165,-0.00290947694185335));
#6571=CARTESIAN_POINT('',(-0.0232969700371133,0.0599961769875582,-0.00212985322416962));
#6572=CARTESIAN_POINT('',(-0.0232287618,0.06077910035,-0.00135022950648588));
#6573=CARTESIAN_POINT('',(0.000939368535148796,-0.0442933980346183,-0.00582144042499909));
#6574=CARTESIAN_POINT('',(-0.000868499680379054,-0.0439659726300604,-0.00566327245099156));
#6575=CARTESIAN_POINT('',(-0.00249307256821219,-0.0427764759714822,-0.00552114074023459));
#6576=CARTESIAN_POINT('',(-0.00335117956169468,-0.0411518999443286,-0.00544606610621256));
#6577=CARTESIAN_POINT('',(0.0007118915078532,-0.0466020792621987,-0.00348256927194789));
#6578=CARTESIAN_POINT('',(-0.00178628853908713,-0.0461496305684817,-0.00332440129794036));
#6579=CARTESIAN_POINT('',(-0.00403118423354464,-0.0445059395113355,-0.00318226958718339));
#6580=CARTESIAN_POINT('',(-0.00521694863320915,-0.0422610394788474,-0.00310719495316136));
#6581=CARTESIAN_POINT('',(0.000711891499889788,-0.0466020793050731,-0.00348256927124923));
#6582=CARTESIAN_POINT('',(0.000787717175647485,-0.0458325188958782,-0.00426219298893295));
#6583=CARTESIAN_POINT('',(0.000863542851405182,-0.0450629584866833,-0.00504181670661668));
#6584=CARTESIAN_POINT('',(0.000939368527162878,-0.0442933980774884,-0.00582144042430041));
#6585=CARTESIAN_POINT('',(-0.0656,0.0584303302626747,0.));
#6586=CARTESIAN_POINT('',(0.0239289322,0.06077910035,-0.00547599312951037));
#6587=CARTESIAN_POINT('',(0.0238607239628868,0.0599961769875582,-0.0062556168471941));
#6588=CARTESIAN_POINT('',(0.0237925157257735,0.0592132536251165,-0.00703524056487783));
#6589=CARTESIAN_POINT('',(0.0237243074886603,0.0584303302626747,-0.00781486428256157));
#6590=CARTESIAN_POINT('',(-0.0731603931010414,-0.0304245991078511,0.000661448688140728));
#6591=CARTESIAN_POINT('',(0.0358830034786567,-0.0508335844344524,-0.00887861232305738));
#6592=CARTESIAN_POINT('',(0.0358071778029175,-0.0516031448436516,-0.00809898860537445));
#6593=CARTESIAN_POINT('',(0.0357313521271783,-0.0523727052528507,-0.00731936488769152));
#6594=CARTESIAN_POINT('',(0.035655526451439,-0.0531422656620499,-0.00653974117000859));
#6595=CARTESIAN_POINT('',(0.0237243074886602,0.0584303302626747,-0.00781486428256157));
#6596=CARTESIAN_POINT('',(0.0253369412080614,0.0584368645537209,-0.00795595145142882));
#6597=CARTESIAN_POINT('',(0.0269382000754926,0.057773601413962,-0.00809604344969941));
#6598=CARTESIAN_POINT('',(0.0280738838725439,0.056628676733896,-0.00819540290729147));
#6599=CARTESIAN_POINT('',(0.0239289322,0.06077910035,-0.00547599312951037));
#6600=CARTESIAN_POINT('',(0.0261573299041185,0.0607881296782288,-0.00561708029837762));
#6601=CARTESIAN_POINT('',(0.0283700094115323,0.0598716078170749,-0.00575717229664821));
#6602=CARTESIAN_POINT('',(0.0299393398400771,0.0582895079900942,-0.00585653175424027));
#6603=CARTESIAN_POINT('',(0.02807388386664,0.0566286767279345,-0.00819540290677495));
#6604=CARTESIAN_POINT('',(0.0286957025224852,0.0571822871466664,-0.00741577918909121));
#6605=CARTESIAN_POINT('',(0.0293175211783304,0.0577358975653983,-0.00663615547140748));
#6606=CARTESIAN_POINT('',(0.0299393398341756,0.0582895079841303,-0.00585653175372375));
#6607=CARTESIAN_POINT('',(0.0356555264456229,-0.0531422656831321,-0.0065397411913843));
#6608=CARTESIAN_POINT('',(0.0358219436813945,-0.0531733539536082,-0.00657709894864193));
#6609=CARTESIAN_POINT('',(0.0359829866768776,-0.053232927244191,-0.00661325028299986));
#6610=CARTESIAN_POINT('',(0.0361295724016738,-0.0533176255452898,-0.00664615621307966));
#6611=CARTESIAN_POINT('',(0.0358830034728402,-0.050833584455537,-0.00887861234443549));
#6612=CARTESIAN_POINT('',(0.0363100045922089,-0.0509133521925206,-0.00891597010169313));
#6613=CARTESIAN_POINT('',(0.0367232162347346,-0.0510662081250528,-0.00895212143605106));
#6614=CARTESIAN_POINT('',(0.0370993327366177,-0.0512835309835303,-0.00898502736613086));
#6615=CARTESIAN_POINT('',(0.0361295723935267,-0.0533176255595082,-0.0066461562123694));
#6616=CARTESIAN_POINT('',(0.0364528258385081,-0.0526395940389218,-0.0074257799300523));
#6617=CARTESIAN_POINT('',(0.0367760792834895,-0.0519615625183354,-0.0082054036477352));
#6618=CARTESIAN_POINT('',(0.0370993327284708,-0.0512835309977489,-0.0089850273654181));
#6619=CARTESIAN_POINT('',(0.00414480745951802,0.0805577531350568,-0.00610187999250613));
#6620=CARTESIAN_POINT('',(0.0320104076310128,0.0562184401813572,-0.00603772671155241));
#6621=CARTESIAN_POINT('',(0.0313885889751677,0.0556648297626254,-0.00681735042923595));
#6622=CARTESIAN_POINT('',(0.0307667703193226,0.0551112193438936,-0.0075969741469195));
#6623=CARTESIAN_POINT('',(0.0301449516634776,0.0545576089251618,-0.00837659786460304));
#6624=CARTESIAN_POINT('',(-0.0665769596456882,0.00857400449311607,8.54728937200165E-5));
#6625=CARTESIAN_POINT('',(0.0480505542300097,-0.0576062217081026,-0.00994313509033941));
#6626=CARTESIAN_POINT('',(0.0477273007850189,-0.0582842532286836,-0.0091635113726556));
#6627=CARTESIAN_POINT('',(0.0474040473400281,-0.0589622847492647,-0.0083838876549718));
#6628=CARTESIAN_POINT('',(0.0470807938950372,-0.0596403162698457,-0.00760426393728799));
#6629=CARTESIAN_POINT('',(0.0330710678,0.05577910035,-0.00627582635492714));
#6630=CARTESIAN_POINT('',(0.0326778211463355,0.0557775069391361,-0.00618754936269215));
#6631=CARTESIAN_POINT('',(0.0322873482920894,0.0559392460911015,-0.00609989503988722));
#6632=CARTESIAN_POINT('',(0.032010407628229,0.0562184401782114,-0.00603772670709827));
#6633=CARTESIAN_POINT('',(0.0328664430886603,0.0534303302626747,-0.00861469750797834));
#6634=CARTESIAN_POINT('',(0.0318574324502837,0.0534262418146283,-0.00852642051574334));
#6635=CARTESIAN_POINT('',(0.0308555389560604,0.0538412396879841,-0.00843876619293842));
#6636=CARTESIAN_POINT('',(0.0301449516607072,0.0545576089220018,-0.00837659786014947));
#6637=CARTESIAN_POINT('',(0.0328664430886603,0.0534303302626747,-0.00861469750797834));
#6638=CARTESIAN_POINT('',(0.0329346513257736,0.0542132536251165,-0.00783507379029461));
#6639=CARTESIAN_POINT('',(0.0330028595628868,0.0549961769875582,-0.00705545007261088));
#6640=CARTESIAN_POINT('',(0.0330710678000001,0.05577910035,-0.00627582635492715));
#6641=CARTESIAN_POINT('',(0.0564532905544022,-0.0553547153117986,-0.0106782792695459));
#6642=CARTESIAN_POINT('',(0.0556526325551687,-0.0567545642247522,-0.0106082307712516));
#6643=CARTESIAN_POINT('',(0.0542759218955589,-0.057803348466588,-0.0104877841955805));
#6644=CARTESIAN_POINT('',(0.0511605273723542,-0.0586381159093028,-0.0102152224923893));
#6645=CARTESIAN_POINT('',(0.0494438688470648,-0.0584181974385973,-0.0100650343322814));
#6646=CARTESIAN_POINT('',(0.0480505542253967,-0.0576062217148962,-0.00994313509816051));
#6647=CARTESIAN_POINT('',(0.0586920098278107,-0.0565291003575466,-0.00833940811649474));
#6648=CARTESIAN_POINT('',(0.0575856306012008,-0.0584634640423746,-0.00826935961820046));
#6649=CARTESIAN_POINT('',(0.0556832402771412,-0.0599127133943133,-0.00814891304602623));
#6650=CARTESIAN_POINT('',(0.0513782712705097,-0.0610662263577166,-0.00787635133584122));
#6651=CARTESIAN_POINT('',(0.0490061282466976,-0.0607623347590333,-0.00772616317923018));
#6652=CARTESIAN_POINT('',(0.0470807938904292,-0.059640316276642,-0.00760426394510932));
#6653=CARTESIAN_POINT('',(0.0586920098136462,-0.056529100349306,-0.0083394081152546));
#6654=CARTESIAN_POINT('',(0.05794577005584,-0.056137638667396,-0.00911903183293833));
#6655=CARTESIAN_POINT('',(0.0571995302980337,-0.055746176985486,-0.00989865555062206));
#6656=CARTESIAN_POINT('',(0.0564532905402274,-0.055354715303576,-0.0106782792683058));
#6657=CARTESIAN_POINT('',(-0.0656,0.0534303302626747,0.));
#6658=CARTESIAN_POINT('',(0.0625000000000001,0.05577910035,-0.00885052430210017));
#6659=CARTESIAN_POINT('',(0.0624317917628869,0.0549961769875582,-0.0096301480197839));
#6660=CARTESIAN_POINT('',(0.0623635835257736,0.0542132536251165,-0.0104097717374676));
#6661=CARTESIAN_POINT('',(0.0622953752886603,0.0534303302626747,-0.0111893954551514));
#6662=CARTESIAN_POINT('',(0.0541311301948391,-0.0593768149956695,-0.0104751165631949));
#6663=CARTESIAN_POINT('',(0.067622496647519,-0.0360090829073399,-0.0116554581750533));
#6664=CARTESIAN_POINT('',(0.0683687364053253,-0.0364005445892499,-0.0108758344573696));
#6665=CARTESIAN_POINT('',(0.0691149761631315,-0.0367920062711599,-0.0100962107396859));
#6666=CARTESIAN_POINT('',(0.0698612159209378,-0.0371834679530699,-0.00931658702200216));
#6667=CARTESIAN_POINT('',(0.0622953752886602,0.0534303302626748,-0.0111893954551514));
#6668=CARTESIAN_POINT('',(0.0639080090080643,0.053436864553721,-0.0113304826240189));
#6669=CARTESIAN_POINT('',(0.0655046380732937,0.0527689903331462,-0.0114701695670824));
#6670=CARTESIAN_POINT('',(0.0677852652718065,0.0504883631346335,-0.0116696985926812));
#6671=CARTESIAN_POINT('',(0.0684531394923811,0.0488917340694041,-0.0117281300156427));
#6672=CARTESIAN_POINT('',(0.068446605201335,0.04727910035,-0.011727558339252));
#6673=CARTESIAN_POINT('',(0.0625,0.05577910035,-0.00885052430210017));
#6674=CARTESIAN_POINT('',(0.0647283977041226,0.0557881296782289,-0.00899161147096768));
#6675=CARTESIAN_POINT('',(0.0669346795772238,0.0548652360529476,-0.00913129841402261));
#6676=CARTESIAN_POINT('',(0.0700861357029475,0.0517137799272238,-0.00933082743963862));
#6677=CARTESIAN_POINT('',(0.0710090293282289,0.0495074980541226,-0.00938925886259149));
#6678=CARTESIAN_POINT('',(0.071,0.04727910035,-0.00938868718620078));
#6679=CARTESIAN_POINT('',(0.068446605201335,0.04727910035,-0.011727558339252));
#6680=CARTESIAN_POINT('',(0.06929773680089,0.04727910035,-0.0109479346215682));
#6681=CARTESIAN_POINT('',(0.070148868400445,0.04727910035,-0.0101683109038845));
#6682=CARTESIAN_POINT('',(0.071,0.04727910035,-0.00938868718620077));
#6683=CARTESIAN_POINT('',(0.0684466052013349,-0.03293346795,-0.011727558339252));
#6684=CARTESIAN_POINT('',(0.0684479435586152,-0.0340073603660954,-0.0117276754303417));
#6685=CARTESIAN_POINT('',(0.0681606019148203,-0.0350797339776829,-0.0117025362939508));
#6686=CARTESIAN_POINT('',(0.0676224966544218,-0.0360090829117647,-0.0116554581838822));
#6687=CARTESIAN_POINT('',(0.071,-0.03293346795,-0.00938868718620077));
#6688=CARTESIAN_POINT('',(0.0710018493922423,-0.0344174127328152,-0.00938880427729053));
#6689=CARTESIAN_POINT('',(0.0706047899412172,-0.0358992587746469,-0.00936366514089958));
#6690=CARTESIAN_POINT('',(0.0698612159278378,-0.0371834679574997,-0.00931658703083105));
#6691=CARTESIAN_POINT('',(0.071,-0.03293346795,-0.00938868718620077));
#6692=CARTESIAN_POINT('',(0.070148868400445,-0.03293346795,-0.0101683109038845));
#6693=CARTESIAN_POINT('',(0.06929773680089,-0.03293346795,-0.0109479346215682));
#6694=CARTESIAN_POINT('',(0.068446605201335,-0.03293346795,-0.011727558339252));
#6695=CARTESIAN_POINT('',(0.068446605201335,0.01027910035,-0.011727558339252));
#6696=CARTESIAN_POINT('',(-0.0585577032258265,-0.0196221295626747,0.000387698704617979));
#6697=CARTESIAN_POINT('',(-0.0585577032258265,-0.0196221295626747,0.000387698704617979));
#6698=CARTESIAN_POINT('',(-0.0637877253908082,-0.0196221295626747,0.000845266354043184));
#6699=CARTESIAN_POINT('',(-0.00011746896859211,-0.00176139913861184,-0.00472515928668938));
#6700=CARTESIAN_POINT('',(0.04973352435625,-0.0467031285398984,-0.00908655606811956));
#6701=CARTESIAN_POINT('',(0.04973352435625,-0.0467031285398984,-0.00908655606811956));
#6702=CARTESIAN_POINT('',(0.0445035021912683,-0.0467031285398984,-0.00862898841869436));
#6703=CARTESIAN_POINT('',(-0.00011746896859211,-0.00176139913861184,-0.00472515928668938));
#6704=CARTESIAN_POINT('',(0.0583227652886422,0.0431803302626747,-0.00983801727799673));
#6705=CARTESIAN_POINT('',(0.0583227652886422,0.0431803302626747,-0.00983801727799673));
#6706=CARTESIAN_POINT('',(0.0530927431236605,0.0431803302626747,-0.00938044962857153));
#6707=CARTESIAN_POINT('',(-0.00011746896859211,-0.00176139913861184,-0.00472515928668938));
#6708=CARTESIAN_POINT('',(-0.0585577032258265,0.0401803302626747,0.000387698704617979));
#6709=CARTESIAN_POINT('',(-0.0585577032258265,0.0401803302626747,0.000387698704617979));
#6710=CARTESIAN_POINT('',(-0.0637877253908082,0.0401803302626747,0.000845266354043184));
#6711=CARTESIAN_POINT('',(-0.00011746896859211,-0.00176139913861184,-0.00472515928668938));
#6712=CARTESIAN_POINT('',(-0.06815,0.,0.0096));
#6713=CARTESIAN_POINT('',(-0.06765,-0.02372089965,0.0091));
#6714=CARTESIAN_POINT('',(-0.06815,0.04427910035,0.0096));
#6715=CARTESIAN_POINT('',(-0.0625,0.04427910035,0.0096));
#6716=CARTESIAN_POINT('',(-0.0625,0.04992910035,0.0096));
#6717=CARTESIAN_POINT('',(-0.0625,-0.02372089965,0.0096));
#6718=CARTESIAN_POINT('',(-0.0625,-0.02887089965,0.0091));
#6719=CARTESIAN_POINT('',(0.,0.04992910035,0.0096));
#6720=CARTESIAN_POINT('',(-0.0337712382,0.04992910035,0.0096));
#6721=CARTESIAN_POINT('',(0.,-0.02937089965,0.0096));
#6722=CARTESIAN_POINT('',(-0.0114937073,-0.02887089965,0.0091));
#6723=CARTESIAN_POINT('',(-0.0337712382,0.05427910035,0.0096));
#6724=CARTESIAN_POINT('',(-0.0300824455524583,0.0519736050011774,0.0096));
#6725=CARTESIAN_POINT('',(-0.0114937073,-0.03372089965,0.0096));
#6726=CARTESIAN_POINT('',(-0.00721852945223243,-0.0314306257864724,0.0091));
#6727=CARTESIAN_POINT('',(-0.0449912440272236,0.0281195268353272,0.0096));
#6728=CARTESIAN_POINT('',(-0.0280199522628141,0.0552735943166648,0.0096));
#6729=CARTESIAN_POINT('',(-0.0191327021886551,-0.0102496619606631,0.0096));
#6730=CARTESIAN_POINT('',(-0.00226399075104171,-0.0406790977448742,0.0091));
#6731=CARTESIAN_POINT('',(-0.0232287618,0.05227910035,0.0096));
#6732=CARTESIAN_POINT('',(-0.0232287618,0.05792910035,0.0096));
#6733=CARTESIAN_POINT('',(0.00227563109999999,-0.0382471574500001,0.0096));
#6734=CARTESIAN_POINT('',(0.00132818887657212,-0.0433092571362237,0.0091));
#6735=CARTESIAN_POINT('',(0.,0.05792910035,0.0096));
#6736=CARTESIAN_POINT('',(0.0239289322,0.05792910035,0.0096));
#6737=CARTESIAN_POINT('',(-0.00787861820964167,-0.0420947576334609,0.0096));
#6738=CARTESIAN_POINT('',(0.0362718238223186,-0.0498494435142852,0.0091));
#6739=CARTESIAN_POINT('',(0.0239289322,0.05227910035,0.0096));
#6740=CARTESIAN_POINT('',(0.027924085513704,0.056274253663704,0.0096));
#6741=CARTESIAN_POINT('',(0.0353795724000002,-0.0546166636499998,0.0096));
#6742=CARTESIAN_POINT('',(0.0378045724054711,-0.0504164404448042,0.0091));
#6743=CARTESIAN_POINT('',(0.0420991695827714,0.0420991695827709,0.0096));
#6744=CARTESIAN_POINT('',(0.0299951533077712,0.0542031858577713,0.0096));
#6745=CARTESIAN_POINT('',(-0.0126298159943723,-0.0218754829266935,0.0096));
#6746=CARTESIAN_POINT('',(0.048755793902384,-0.0567391311619441,0.0091));
#6747=CARTESIAN_POINT('',(0.0330710678,0.05727910035,0.0096));
#6748=CARTESIAN_POINT('',(0.0330710678,0.05292910035,0.0096));
#6749=CARTESIAN_POINT('',(0.0513307939,-0.05227910035,0.0096));
#6750=CARTESIAN_POINT('',(0.0557908247268727,-0.054854100354533,0.0091));
#6751=CARTESIAN_POINT('',(0.,0.05292910035,0.0096));
#6752=CARTESIAN_POINT('',(0.0625,0.05292910035,0.0096));
#6753=CARTESIAN_POINT('',(0.0660286534157531,-0.038121660913293,0.0096));
#6754=CARTESIAN_POINT('',(0.0669600308126811,-0.0355084679463395,0.0091));
#6755=CARTESIAN_POINT('',(0.0625,0.04727910035,0.0096));
#6756=CARTESIAN_POINT('',(0.06815,0.04727910035,0.0096));
#6757=CARTESIAN_POINT('',(0.0625,-0.03293346795,0.0096));
#6758=CARTESIAN_POINT('',(0.06765,-0.03293346795,0.0091));
#6759=CARTESIAN_POINT('',(0.06815,0.,0.0096));
#6760=CARTESIAN_POINT('',(-0.0705,0.,0.0096));
#6761=CARTESIAN_POINT('',(-0.071,0.04427910035,0.0091));
#6762=CARTESIAN_POINT('',(-0.0705,-0.02372089965,0.0096));
#6763=CARTESIAN_POINT('',(-0.0625,-0.02372089965,0.0096));
#6764=CARTESIAN_POINT('',(-0.0625,-0.0317208996500001,0.0096));
#6765=CARTESIAN_POINT('',(-0.0625,0.04427910035,0.0096));
#6766=CARTESIAN_POINT('',(-0.0625,0.05277910035,0.0091));
#6767=CARTESIAN_POINT('',(0.,-0.03172089965,0.0096));
#6768=CARTESIAN_POINT('',(-0.0114937073,-0.03172089965,0.0096));
#6769=CARTESIAN_POINT('',(0.,0.05227910035,0.0096));
#6770=CARTESIAN_POINT('',(-0.0337712382,0.05277910035,0.0091));
#6771=CARTESIAN_POINT('',(-0.0114937073,-0.03372089965,0.0096));
#6772=CARTESIAN_POINT('',(-0.00973074736277626,-0.0327764568196794,0.0096));
#6773=CARTESIAN_POINT('',(-0.0337712382,0.05427910035,0.0096));
#6774=CARTESIAN_POINT('',(-0.0324992407353304,0.0534841019538543,0.0091));
#6775=CARTESIAN_POINT('',(-0.021204180114893,-0.0113593822862899,0.0096));
#6776=CARTESIAN_POINT('',(-0.00477620866158555,-0.0420249287780811,0.0096));
#6777=CARTESIAN_POINT('',(-0.0469840400552059,0.0293650243226221,0.0096));
#6778=CARTESIAN_POINT('',(-0.0304367474456862,0.0567840912693417,0.0091));
#6779=CARTESIAN_POINT('',(0.00227563110000003,-0.03824715745,0.0096));
#6780=CARTESIAN_POINT('',(0.00080387618982078,-0.0461106132732601,0.0096));
#6781=CARTESIAN_POINT('',(-0.0232287618,0.05227910035,0.0096));
#6782=CARTESIAN_POINT('',(-0.0232287618,0.06077910035,0.0091));
#6783=CARTESIAN_POINT('',(-0.00831094621450681,-0.0444046477815436,0.0096));
#6784=CARTESIAN_POINT('',(0.0357475111355673,-0.0526507996513216,0.0096));
#6785=CARTESIAN_POINT('',(0.,0.06027910035,0.0096));
#6786=CARTESIAN_POINT('',(0.0239289322,0.06077910035,0.0091));
#6787=CARTESIAN_POINT('',(0.0353795724,-0.05461666365,0.0096));
#6788=CARTESIAN_POINT('',(0.0363795724022561,-0.0528846128437337,0.0096));
#6789=CARTESIAN_POINT('',(0.0239289322,0.0522791003500001,0.0096));
#6790=CARTESIAN_POINT('',(0.0299393398400857,0.0582895079900856,0.0091));
#6791=CARTESIAN_POINT('',(-0.0138048159970232,-0.0239106426240565,0.0096));
#6792=CARTESIAN_POINT('',(0.047330793899169,-0.0592073035608735,0.0096));
#6793=CARTESIAN_POINT('',(0.0437608705185599,0.0437608705185591,0.0096));
#6794=CARTESIAN_POINT('',(0.0320104076341529,0.0562184401841529,0.0091));
#6795=CARTESIAN_POINT('',(0.0513307939,-0.05227910035,0.0096));
#6796=CARTESIAN_POINT('',(0.05825899712621,-0.0562791003570416,0.0096));
#6797=CARTESIAN_POINT('',(0.0330710678,0.05727910035,0.0096));
#6798=CARTESIAN_POINT('',(0.0330710678,0.05577910035,0.0091));
#6799=CARTESIAN_POINT('',(0.0680638131134523,-0.0392966609153616,0.0096));
#6800=CARTESIAN_POINT('',(0.0694282032120184,-0.0369334679488481,0.0096));
#6801=CARTESIAN_POINT('',(0.,0.05527910035,0.0096));
#6802=CARTESIAN_POINT('',(0.0625,0.05577910035,0.0091));
#6803=CARTESIAN_POINT('',(0.0625,-0.03293346795,0.0096));
#6804=CARTESIAN_POINT('',(0.0705,-0.03293346795,0.0096));
#6805=CARTESIAN_POINT('',(0.0625,0.04727910035,0.0096));
#6806=CARTESIAN_POINT('',(0.071,0.04727910035,0.0091));
#6807=CARTESIAN_POINT('',(0.0705,0.,0.0096));
#6808=CARTESIAN_POINT('',(0.0525,0.03077910035,-0.003));
#6809=CARTESIAN_POINT('',(0.0615,0.03077910035,-0.003));
#6810=CARTESIAN_POINT('',(0.0615,0.03077910035,0.001));
#6811=CARTESIAN_POINT('',(0.0525,0.03077910035,0.001));
#6812=CARTESIAN_POINT('',(-0.011849432393196,-0.02182089965,0.00516633315332198));
#6813=CARTESIAN_POINT('',(0.000832482795060776,-0.0315297443757406,0.00380731335139116));
#6814=CARTESIAN_POINT('',(0.04935,0.04942910035,-0.005502));
#6815=CARTESIAN_POINT('',(0.06465,-0.00989932677474618,-0.005502));
#6816=CARTESIAN_POINT('',(0.04935,-0.00989932677474619,-0.005502));
#6817=CARTESIAN_POINT('',(0.06565,-0.00407089965,-0.005502));
#6818=CARTESIAN_POINT('',(0.0669833333333333,-0.00556161163499985,-0.005502));
#6819=CARTESIAN_POINT('',(0.06565,0.00787910035000001,-0.005502));
#6820=CARTESIAN_POINT('',(0.0669833333333333,0.00936981233499987,-0.005502));
#6821=CARTESIAN_POINT('',(0.06765,-0.00630696762749978,-0.005502));
#6822=CARTESIAN_POINT('',(0.06765,0.0101151683274998,-0.005502));
#6823=CARTESIAN_POINT('',(0.0289275198190992,0.00753105503749789,-0.002));
#6824=CARTESIAN_POINT('',(0.0289275198190992,0.00753105503749789,0.002));
#6825=CARTESIAN_POINT('',(0.0293874432285302,0.00998838498226667,-0.002));
#6826=CARTESIAN_POINT('',(0.0293874432285302,0.00998838498226667,0.002));
#6827=CARTESIAN_POINT('',(0.0412536412925121,-0.0217361062430683,-0.002));
#6828=CARTESIAN_POINT('',(0.0460524637020234,0.00390357585336707,-0.002));
#6829=CARTESIAN_POINT('',(0.0364704378344296,-0.0472923376686636,0.002));
#6830=CARTESIAN_POINT('',(0.0467394147162404,0.00431159117148087,-0.002));
#6831=CARTESIAN_POINT('',(0.0436,0.00431159117148087,-0.004));
#6832=CARTESIAN_POINT('',(0.04635,0.00431159117148087,-0.004));
#6833=CARTESIAN_POINT('',(0.04335,0.00431159117148087,-0.004));
#6834=CARTESIAN_POINT('',(0.04335,0.00431159117148087,-0.004));
#6835=CARTESIAN_POINT('',(0.04635,0.00431159117148087,-0.002));
#6836=CARTESIAN_POINT('',(0.0411,0.01377910035,-0.002));
#6837=CARTESIAN_POINT('',(0.041225,0.01377910035,-0.001875));
#6838=CARTESIAN_POINT('',(0.04335,0.01377910035,-0.004));
#6839=CARTESIAN_POINT('',(0.0436,0.01377910035,-0.004));
#6840=CARTESIAN_POINT('',(0.04635,0.01377910035,-0.004));
#6841=CARTESIAN_POINT('',(0.04635,0.01377910035,0.002));
#6842=CARTESIAN_POINT('',(0.0349740205262428,0.01377910035,-0.002));
#6843=CARTESIAN_POINT('',(0.0212581506368664,0.0172031018496676,-0.002));
#6844=CARTESIAN_POINT('',(0.0347297368236002,0.0138093965433543,-0.002));
#6845=CARTESIAN_POINT('',(0.00766630127373293,0.0206271033493351,-0.002));
#6846=CARTESIAN_POINT('',(0.00583417350391262,0.0133543247994923,-0.002));
#6847=CARTESIAN_POINT('',(0.00580639767571247,0.00585437623277745,-0.002));
#6848=CARTESIAN_POINT('',(0.00680639081794111,0.00585067278901743,-0.002));
#6849=CARTESIAN_POINT('',(0.00780638396016975,0.0058469693452574,-0.002));
#6850=CARTESIAN_POINT('',(0.0077971253507697,0.0033469864896858,-0.002));
#6851=CARTESIAN_POINT('',(0.0102544552955385,0.00288706308025479,-0.002));
#6852=CARTESIAN_POINT('',(0.00611514461065946,-0.0192289064226643,-0.002));
#6853=CARTESIAN_POINT('',(0.00206781860766664,-0.0408534099366296,-0.002));
#6854=CARTESIAN_POINT('',(0.,6.93889390390723E-18,0.002));
#6855=CARTESIAN_POINT('',(0.,0.,-0.004));
#6856=CARTESIAN_POINT('',(0.04335,0.,-0.004));
#6857=CARTESIAN_POINT('',(0.04635,0.00331159117148087,-0.004));
#6858=CARTESIAN_POINT('',(0.04635,0.01477910035,-0.004));
#6859=CARTESIAN_POINT('',(0.0465439296909771,0.00381159117148087,-0.002));
#6860=CARTESIAN_POINT('',(0.0464636780019066,0.00430510881696208,0.002));
#6861=CARTESIAN_POINT('',(0.0359789718454759,-0.0472003529867774,-0.002));
#6862=CARTESIAN_POINT('',(0.0025592845966204,-0.0409453946185158,0.004));
#6863=CARTESIAN_POINT('',(0.04635,0.01477910035,-0.002));
#6864=CARTESIAN_POINT('',(0.0349740205262428,0.01477910035,-0.002));
#6865=CARTESIAN_POINT('',(0.04635,0.00331159117148087,-0.005502));
#6866=CARTESIAN_POINT('',(0.04335,0.,-0.004));
#6867=MECHANICAL_DESIGN_GEOMETRIC_PRESENTATION_REPRESENTATION('',(#3918),
#6868);
#6868=(
GEOMETRIC_REPRESENTATION_CONTEXT(3)
GLOBAL_UNCERTAINTY_ASSIGNED_CONTEXT((#6869))
GLOBAL_UNIT_ASSIGNED_CONTEXT((#6872,#6871,#6870))
REPRESENTATION_CONTEXT('Case','TOP_LEVEL_ASSEMBLY_PART')
);
#6869=UNCERTAINTY_MEASURE_WITH_UNIT(LENGTH_MEASURE(2.E-5),#6872,
'DISTANCE_ACCURACY_VALUE','Maximum Tolerance applied to model');
#6870=(
NAMED_UNIT(*)
SI_UNIT($,.STERADIAN.)
SOLID_ANGLE_UNIT()
);
#6871=(
NAMED_UNIT(*)
PLANE_ANGLE_UNIT()
SI_UNIT($,.RADIAN.)
);
#6872=(
LENGTH_UNIT()
NAMED_UNIT(*)
SI_UNIT($,.METRE.)
);
#6873=PRODUCT_DEFINITION_SHAPE('','',#6874);
#6874=PRODUCT_DEFINITION('','',#6876,#6875);
#6875=PRODUCT_DEFINITION_CONTEXT('',#6882,'design');
#6876=PRODUCT_DEFINITION_FORMATION_WITH_SPECIFIED_SOURCE('','',#6878,
 .NOT_KNOWN.);
#6877=PRODUCT_RELATED_PRODUCT_CATEGORY('','',(#6878));
#6878=PRODUCT('Case','Case','Case',(#6880));
#6879=PRODUCT_CATEGORY('','');
#6880=PRODUCT_CONTEXT('',#6882,'mechanical');
#6881=APPLICATION_PROTOCOL_DEFINITION('international standard',
'ap242_managed_model_based_3d_engineering',2020,#6882);
#6882=APPLICATION_CONTEXT('managed model based 3d engineering');
ENDSEC;
END-ISO-10303-21;
