ISO-10303-21;
HEADER;
/* Generated by software containing ST-Developer
 * from STEP Tools, Inc. (www.steptools.com) 
 */
/* OPTION: using custom renumber hook */

FILE_DESCRIPTION(
/* description */ ('STEP AP242 Edition 2',
'CAx-IF Rec.Pracs.---Representation and Presentation of Product Manufa
cturing Information (PMI)---4.0---2014-10-13',
'CAx-IF Rec.Pracs.---3D Tessellated Geometry---0.4---2014-09-14','2;1',
'CAx-IF Rec.Pracs.---User Defined Attributes---1.5---2016-08-15'),
/* implementation_level */ '2;1');

FILE_NAME(
/* name */ 'Switch Plate - Plate',
/* time_stamp */ '2026-04-29T19:24:08Z',
/* author */ (''),
/* organization */ (''),
/* preprocessor_version */ 'ST-DEVELOPER v20',
/* originating_system */ 'ONSHAPE BY PTC INC, 1.214',
/* authorisation */ '  ');

FILE_SCHEMA (('AP242_MANAGED_MODEL_BASED_3D_ENGINEERING_MIM_LF { 1 0 10303 442 3 1 4 }'));
ENDSEC;

DATA;
#10=SHAPE_REPRESENTATION_RELATIONSHIP('','',#5340,#11);
#11=ADVANCED_BREP_SHAPE_REPRESENTATION('',(#5338),#8993);
#12=CONICAL_SURFACE('',#5863,0.00145,0.785398163397453);
#13=CONICAL_SURFACE('',#5864,0.00145,0.785398163397453);
#14=CONICAL_SURFACE('',#5865,0.00145,0.785398163397454);
#15=CONICAL_SURFACE('',#5866,0.00145,0.785398163397453);
#16=CONICAL_SURFACE('',#5867,0.00145,0.785398163397453);
#17=PLANE('',#5345);
#18=PLANE('',#5349);
#19=PLANE('',#5353);
#20=PLANE('',#5357);
#21=PLANE('',#5361);
#22=PLANE('',#5365);
#23=PLANE('',#5369);
#24=PLANE('',#5370);
#25=PLANE('',#5371);
#26=PLANE('',#5372);
#27=PLANE('',#5376);
#28=PLANE('',#5380);
#29=PLANE('',#5384);
#30=PLANE('',#5388);
#31=PLANE('',#5392);
#32=PLANE('',#5396);
#33=PLANE('',#5400);
#34=PLANE('',#5407);
#35=PLANE('',#5411);
#36=PLANE('',#5415);
#37=PLANE('',#5422);
#38=PLANE('',#5426);
#39=PLANE('',#5430);
#40=PLANE('',#5437);
#41=PLANE('',#5441);
#42=PLANE('',#5445);
#43=PLANE('',#5452);
#44=PLANE('',#5456);
#45=PLANE('',#5460);
#46=PLANE('',#5467);
#47=PLANE('',#5471);
#48=PLANE('',#5475);
#49=PLANE('',#5482);
#50=PLANE('',#5486);
#51=PLANE('',#5490);
#52=PLANE('',#5497);
#53=PLANE('',#5501);
#54=PLANE('',#5505);
#55=PLANE('',#5512);
#56=PLANE('',#5516);
#57=PLANE('',#5520);
#58=PLANE('',#5527);
#59=PLANE('',#5531);
#60=PLANE('',#5535);
#61=PLANE('',#5542);
#62=PLANE('',#5546);
#63=PLANE('',#5550);
#64=PLANE('',#5557);
#65=PLANE('',#5561);
#66=PLANE('',#5565);
#67=PLANE('',#5572);
#68=PLANE('',#5576);
#69=PLANE('',#5580);
#70=PLANE('',#5587);
#71=PLANE('',#5591);
#72=PLANE('',#5595);
#73=PLANE('',#5602);
#74=PLANE('',#5606);
#75=PLANE('',#5610);
#76=PLANE('',#5617);
#77=PLANE('',#5621);
#78=PLANE('',#5625);
#79=PLANE('',#5632);
#80=PLANE('',#5636);
#81=PLANE('',#5640);
#82=PLANE('',#5647);
#83=PLANE('',#5651);
#84=PLANE('',#5655);
#85=PLANE('',#5662);
#86=PLANE('',#5666);
#87=PLANE('',#5670);
#88=PLANE('',#5677);
#89=PLANE('',#5681);
#90=PLANE('',#5685);
#91=PLANE('',#5692);
#92=PLANE('',#5696);
#93=PLANE('',#5700);
#94=PLANE('',#5707);
#95=PLANE('',#5711);
#96=PLANE('',#5715);
#97=PLANE('',#5722);
#98=PLANE('',#5726);
#99=PLANE('',#5730);
#100=PLANE('',#5737);
#101=PLANE('',#5741);
#102=PLANE('',#5745);
#103=PLANE('',#5752);
#104=PLANE('',#5756);
#105=PLANE('',#5760);
#106=PLANE('',#5767);
#107=PLANE('',#5771);
#108=PLANE('',#5775);
#109=PLANE('',#5782);
#110=PLANE('',#5786);
#111=PLANE('',#5790);
#112=PLANE('',#5797);
#113=PLANE('',#5801);
#114=PLANE('',#5805);
#115=PLANE('',#5809);
#116=PLANE('',#5810);
#117=PLANE('',#5811);
#118=PLANE('',#5812);
#119=PLANE('',#5813);
#120=PLANE('',#5814);
#121=PLANE('',#5815);
#122=PLANE('',#5816);
#123=PLANE('',#5817);
#124=PLANE('',#5818);
#125=PLANE('',#5819);
#126=PLANE('',#5820);
#127=PLANE('',#5821);
#128=PLANE('',#5822);
#129=PLANE('',#5823);
#130=PLANE('',#5824);
#131=PLANE('',#5825);
#132=PLANE('',#5826);
#133=PLANE('',#5827);
#134=PLANE('',#5828);
#135=PLANE('',#5829);
#136=PLANE('',#5830);
#137=PLANE('',#5831);
#138=PLANE('',#5832);
#139=PLANE('',#5833);
#140=PLANE('',#5834);
#141=PLANE('',#5835);
#142=PLANE('',#5836);
#143=PLANE('',#5840);
#144=PLANE('',#5847);
#145=PLANE('',#5868);
#146=CIRCLE('',#5343,0.001);
#147=CIRCLE('',#5344,0.001);
#148=CIRCLE('',#5347,0.005);
#149=CIRCLE('',#5348,0.005);
#150=CIRCLE('',#5351,0.005);
#151=CIRCLE('',#5352,0.005);
#152=CIRCLE('',#5355,0.005);
#153=CIRCLE('',#5356,0.005);
#154=CIRCLE('',#5359,0.00499999999999988);
#155=CIRCLE('',#5360,0.00499999999999988);
#156=CIRCLE('',#5363,0.005);
#157=CIRCLE('',#5364,0.005);
#158=CIRCLE('',#5367,0.00500000000000006);
#159=CIRCLE('',#5368,0.00500000000000006);
#160=CIRCLE('',#5374,0.005);
#161=CIRCLE('',#5375,0.005);
#162=CIRCLE('',#5378,0.005);
#163=CIRCLE('',#5379,0.005);
#164=CIRCLE('',#5382,0.005);
#165=CIRCLE('',#5383,0.005);
#166=CIRCLE('',#5386,0.005);
#167=CIRCLE('',#5387,0.005);
#168=CIRCLE('',#5390,0.000499999999999991);
#169=CIRCLE('',#5391,0.000499999999999991);
#170=CIRCLE('',#5394,0.0005);
#171=CIRCLE('',#5395,0.0005);
#172=CIRCLE('',#5398,0.0005);
#173=CIRCLE('',#5399,0.0005);
#174=CIRCLE('',#5402,0.0005);
#175=CIRCLE('',#5403,0.0005);
#176=CIRCLE('',#5405,0.000499999999999994);
#177=CIRCLE('',#5406,0.000499999999999994);
#178=CIRCLE('',#5409,0.0005);
#179=CIRCLE('',#5410,0.0005);
#180=CIRCLE('',#5413,0.0005);
#181=CIRCLE('',#5414,0.0005);
#182=CIRCLE('',#5417,0.0005);
#183=CIRCLE('',#5418,0.0005);
#184=CIRCLE('',#5420,0.000499999999999994);
#185=CIRCLE('',#5421,0.000499999999999994);
#186=CIRCLE('',#5424,0.000499999999999994);
#187=CIRCLE('',#5425,0.000499999999999994);
#188=CIRCLE('',#5428,0.0005);
#189=CIRCLE('',#5429,0.0005);
#190=CIRCLE('',#5432,0.0005);
#191=CIRCLE('',#5433,0.0005);
#192=CIRCLE('',#5435,0.0005);
#193=CIRCLE('',#5436,0.0005);
#194=CIRCLE('',#5439,0.000499999999999994);
#195=CIRCLE('',#5440,0.000499999999999994);
#196=CIRCLE('',#5443,0.0005);
#197=CIRCLE('',#5444,0.0005);
#198=CIRCLE('',#5447,0.0005);
#199=CIRCLE('',#5448,0.0005);
#200=CIRCLE('',#5450,0.000499999999999994);
#201=CIRCLE('',#5451,0.000499999999999994);
#202=CIRCLE('',#5454,0.000499999999999994);
#203=CIRCLE('',#5455,0.000499999999999994);
#204=CIRCLE('',#5458,0.0005);
#205=CIRCLE('',#5459,0.0005);
#206=CIRCLE('',#5462,0.0005);
#207=CIRCLE('',#5463,0.0005);
#208=CIRCLE('',#5465,0.0005);
#209=CIRCLE('',#5466,0.0005);
#210=CIRCLE('',#5469,0.0005);
#211=CIRCLE('',#5470,0.0005);
#212=CIRCLE('',#5473,0.000500000000000006);
#213=CIRCLE('',#5474,0.000500000000000006);
#214=CIRCLE('',#5477,0.000500000000000007);
#215=CIRCLE('',#5478,0.000500000000000007);
#216=CIRCLE('',#5480,0.0005);
#217=CIRCLE('',#5481,0.0005);
#218=CIRCLE('',#5484,0.0005);
#219=CIRCLE('',#5485,0.0005);
#220=CIRCLE('',#5488,0.000500000000000007);
#221=CIRCLE('',#5489,0.000500000000000007);
#222=CIRCLE('',#5492,0.000500000000000006);
#223=CIRCLE('',#5493,0.000500000000000006);
#224=CIRCLE('',#5495,0.0005);
#225=CIRCLE('',#5496,0.0005);
#226=CIRCLE('',#5499,0.0005);
#227=CIRCLE('',#5500,0.0005);
#228=CIRCLE('',#5503,0.000500000000000007);
#229=CIRCLE('',#5504,0.000500000000000007);
#230=CIRCLE('',#5507,0.000500000000000006);
#231=CIRCLE('',#5508,0.000500000000000006);
#232=CIRCLE('',#5510,0.0005);
#233=CIRCLE('',#5511,0.0005);
#234=CIRCLE('',#5514,0.0005);
#235=CIRCLE('',#5515,0.0005);
#236=CIRCLE('',#5518,0.000500000000000007);
#237=CIRCLE('',#5519,0.000500000000000007);
#238=CIRCLE('',#5522,0.000500000000000007);
#239=CIRCLE('',#5523,0.000500000000000007);
#240=CIRCLE('',#5525,0.0005);
#241=CIRCLE('',#5526,0.0005);
#242=CIRCLE('',#5529,0.0005);
#243=CIRCLE('',#5530,0.0005);
#244=CIRCLE('',#5533,0.0005);
#245=CIRCLE('',#5534,0.0005);
#246=CIRCLE('',#5537,0.0005);
#247=CIRCLE('',#5538,0.0005);
#248=CIRCLE('',#5540,0.0005);
#249=CIRCLE('',#5541,0.0005);
#250=CIRCLE('',#5544,0.0005);
#251=CIRCLE('',#5545,0.0005);
#252=CIRCLE('',#5548,0.0005);
#253=CIRCLE('',#5549,0.0005);
#254=CIRCLE('',#5552,0.0005);
#255=CIRCLE('',#5553,0.0005);
#256=CIRCLE('',#5555,0.0005);
#257=CIRCLE('',#5556,0.0005);
#258=CIRCLE('',#5559,0.0005);
#259=CIRCLE('',#5560,0.0005);
#260=CIRCLE('',#5563,0.0005);
#261=CIRCLE('',#5564,0.0005);
#262=CIRCLE('',#5567,0.0005);
#263=CIRCLE('',#5568,0.0005);
#264=CIRCLE('',#5570,0.0005);
#265=CIRCLE('',#5571,0.0005);
#266=CIRCLE('',#5574,0.0005);
#267=CIRCLE('',#5575,0.0005);
#268=CIRCLE('',#5578,0.0005);
#269=CIRCLE('',#5579,0.0005);
#270=CIRCLE('',#5582,0.0005);
#271=CIRCLE('',#5583,0.0005);
#272=CIRCLE('',#5585,0.0005);
#273=CIRCLE('',#5586,0.0005);
#274=CIRCLE('',#5589,0.0005);
#275=CIRCLE('',#5590,0.0005);
#276=CIRCLE('',#5593,0.0005);
#277=CIRCLE('',#5594,0.0005);
#278=CIRCLE('',#5597,0.0005);
#279=CIRCLE('',#5598,0.0005);
#280=CIRCLE('',#5600,0.0005);
#281=CIRCLE('',#5601,0.0005);
#282=CIRCLE('',#5604,0.0005);
#283=CIRCLE('',#5605,0.0005);
#284=CIRCLE('',#5608,0.0005);
#285=CIRCLE('',#5609,0.0005);
#286=CIRCLE('',#5612,0.0005);
#287=CIRCLE('',#5613,0.0005);
#288=CIRCLE('',#5615,0.0005);
#289=CIRCLE('',#5616,0.0005);
#290=CIRCLE('',#5619,0.0005);
#291=CIRCLE('',#5620,0.0005);
#292=CIRCLE('',#5623,0.0005);
#293=CIRCLE('',#5624,0.0005);
#294=CIRCLE('',#5627,0.0005);
#295=CIRCLE('',#5628,0.0005);
#296=CIRCLE('',#5630,0.0005);
#297=CIRCLE('',#5631,0.0005);
#298=CIRCLE('',#5634,0.0005);
#299=CIRCLE('',#5635,0.0005);
#300=CIRCLE('',#5638,0.0005);
#301=CIRCLE('',#5639,0.0005);
#302=CIRCLE('',#5642,0.0005);
#303=CIRCLE('',#5643,0.0005);
#304=CIRCLE('',#5645,0.0005);
#305=CIRCLE('',#5646,0.0005);
#306=CIRCLE('',#5649,0.0005);
#307=CIRCLE('',#5650,0.0005);
#308=CIRCLE('',#5653,0.0005);
#309=CIRCLE('',#5654,0.0005);
#310=CIRCLE('',#5657,0.0005);
#311=CIRCLE('',#5658,0.0005);
#312=CIRCLE('',#5660,0.0005);
#313=CIRCLE('',#5661,0.0005);
#314=CIRCLE('',#5664,0.0005);
#315=CIRCLE('',#5665,0.0005);
#316=CIRCLE('',#5668,0.0005);
#317=CIRCLE('',#5669,0.0005);
#318=CIRCLE('',#5672,0.0005);
#319=CIRCLE('',#5673,0.0005);
#320=CIRCLE('',#5675,0.0005);
#321=CIRCLE('',#5676,0.0005);
#322=CIRCLE('',#5679,0.0005);
#323=CIRCLE('',#5680,0.0005);
#324=CIRCLE('',#5683,0.0005);
#325=CIRCLE('',#5684,0.0005);
#326=CIRCLE('',#5687,0.0005);
#327=CIRCLE('',#5688,0.0005);
#328=CIRCLE('',#5690,0.0005);
#329=CIRCLE('',#5691,0.0005);
#330=CIRCLE('',#5694,0.0005);
#331=CIRCLE('',#5695,0.0005);
#332=CIRCLE('',#5698,0.0005);
#333=CIRCLE('',#5699,0.0005);
#334=CIRCLE('',#5702,0.0005);
#335=CIRCLE('',#5703,0.0005);
#336=CIRCLE('',#5705,0.000500000000000007);
#337=CIRCLE('',#5706,0.000500000000000007);
#338=CIRCLE('',#5709,0.000500000000000006);
#339=CIRCLE('',#5710,0.000500000000000006);
#340=CIRCLE('',#5713,0.0005);
#341=CIRCLE('',#5714,0.0005);
#342=CIRCLE('',#5717,0.0005);
#343=CIRCLE('',#5718,0.0005);
#344=CIRCLE('',#5720,0.000500000000000007);
#345=CIRCLE('',#5721,0.000500000000000007);
#346=CIRCLE('',#5724,0.000500000000000006);
#347=CIRCLE('',#5725,0.000500000000000006);
#348=CIRCLE('',#5728,0.0005);
#349=CIRCLE('',#5729,0.0005);
#350=CIRCLE('',#5732,0.0005);
#351=CIRCLE('',#5733,0.0005);
#352=CIRCLE('',#5735,0.000500000000000006);
#353=CIRCLE('',#5736,0.000500000000000006);
#354=CIRCLE('',#5739,0.000500000000000006);
#355=CIRCLE('',#5740,0.000500000000000006);
#356=CIRCLE('',#5743,0.0005);
#357=CIRCLE('',#5744,0.0005);
#358=CIRCLE('',#5747,0.0005);
#359=CIRCLE('',#5748,0.0005);
#360=CIRCLE('',#5750,0.000500000000000007);
#361=CIRCLE('',#5751,0.000500000000000007);
#362=CIRCLE('',#5754,0.000500000000000007);
#363=CIRCLE('',#5755,0.000500000000000007);
#364=CIRCLE('',#5758,0.0005);
#365=CIRCLE('',#5759,0.0005);
#366=CIRCLE('',#5762,0.0005);
#367=CIRCLE('',#5763,0.0005);
#368=CIRCLE('',#5765,0.0005);
#369=CIRCLE('',#5766,0.0005);
#370=CIRCLE('',#5769,0.000500000000000006);
#371=CIRCLE('',#5770,0.000500000000000006);
#372=CIRCLE('',#5773,0.000500000000000006);
#373=CIRCLE('',#5774,0.000500000000000006);
#374=CIRCLE('',#5777,0.0005);
#375=CIRCLE('',#5778,0.0005);
#376=CIRCLE('',#5780,0.0005);
#377=CIRCLE('',#5781,0.0005);
#378=CIRCLE('',#5784,0.0005);
#379=CIRCLE('',#5785,0.0005);
#380=CIRCLE('',#5788,0.0005);
#381=CIRCLE('',#5789,0.0005);
#382=CIRCLE('',#5792,0.000499999999999994);
#383=CIRCLE('',#5793,0.000499999999999994);
#384=CIRCLE('',#5795,0.0005);
#385=CIRCLE('',#5796,0.0005);
#386=CIRCLE('',#5799,0.0005);
#387=CIRCLE('',#5800,0.0005);
#388=CIRCLE('',#5803,0.0005);
#389=CIRCLE('',#5804,0.0005);
#390=CIRCLE('',#5807,0.0005);
#391=CIRCLE('',#5808,0.0005);
#392=CIRCLE('',#5838,0.005);
#393=CIRCLE('',#5839,0.005);
#394=CIRCLE('',#5841,0.00494295541668901);
#395=CIRCLE('',#5842,0.00285);
#396=CIRCLE('',#5843,0.00285);
#397=CIRCLE('',#5844,0.00285);
#398=CIRCLE('',#5845,0.00285);
#399=CIRCLE('',#5846,0.00285);
#400=CIRCLE('',#5848,0.00145);
#401=CIRCLE('',#5849,0.00145);
#402=CIRCLE('',#5850,0.00145);
#403=CIRCLE('',#5851,0.00145);
#404=CIRCLE('',#5852,0.00145);
#405=CIRCLE('',#5854,0.00145);
#406=CIRCLE('',#5856,0.00145);
#407=CIRCLE('',#5858,0.00145);
#408=CIRCLE('',#5860,0.00145);
#409=CIRCLE('',#5862,0.00145);
#410=CIRCLE('',#5869,0.00494295541668901);
#411=ORIENTED_EDGE('',*,*,#1953,.F.);
#412=ORIENTED_EDGE('',*,*,#1954,.T.);
#413=ORIENTED_EDGE('',*,*,#1955,.T.);
#414=ORIENTED_EDGE('',*,*,#1956,.F.);
#415=ORIENTED_EDGE('',*,*,#1957,.F.);
#416=ORIENTED_EDGE('',*,*,#1958,.F.);
#417=ORIENTED_EDGE('',*,*,#1959,.T.);
#418=ORIENTED_EDGE('',*,*,#1960,.T.);
#419=ORIENTED_EDGE('',*,*,#1961,.T.);
#420=ORIENTED_EDGE('',*,*,#1962,.F.);
#421=ORIENTED_EDGE('',*,*,#1963,.F.);
#422=ORIENTED_EDGE('',*,*,#1958,.T.);
#423=ORIENTED_EDGE('',*,*,#1964,.F.);
#424=ORIENTED_EDGE('',*,*,#1965,.F.);
#425=ORIENTED_EDGE('',*,*,#1966,.T.);
#426=ORIENTED_EDGE('',*,*,#1962,.T.);
#427=ORIENTED_EDGE('',*,*,#1967,.F.);
#428=ORIENTED_EDGE('',*,*,#1968,.F.);
#429=ORIENTED_EDGE('',*,*,#1969,.T.);
#430=ORIENTED_EDGE('',*,*,#1965,.T.);
#431=ORIENTED_EDGE('',*,*,#1970,.F.);
#432=ORIENTED_EDGE('',*,*,#1971,.F.);
#433=ORIENTED_EDGE('',*,*,#1972,.T.);
#434=ORIENTED_EDGE('',*,*,#1968,.T.);
#435=ORIENTED_EDGE('',*,*,#1973,.T.);
#436=ORIENTED_EDGE('',*,*,#1974,.F.);
#437=ORIENTED_EDGE('',*,*,#1975,.F.);
#438=ORIENTED_EDGE('',*,*,#1971,.T.);
#439=ORIENTED_EDGE('',*,*,#1976,.F.);
#440=ORIENTED_EDGE('',*,*,#1977,.F.);
#441=ORIENTED_EDGE('',*,*,#1978,.T.);
#442=ORIENTED_EDGE('',*,*,#1974,.T.);
#443=ORIENTED_EDGE('',*,*,#1979,.F.);
#444=ORIENTED_EDGE('',*,*,#1980,.F.);
#445=ORIENTED_EDGE('',*,*,#1981,.T.);
#446=ORIENTED_EDGE('',*,*,#1977,.T.);
#447=ORIENTED_EDGE('',*,*,#1982,.F.);
#448=ORIENTED_EDGE('',*,*,#1983,.F.);
#449=ORIENTED_EDGE('',*,*,#1984,.T.);
#450=ORIENTED_EDGE('',*,*,#1980,.T.);
#451=ORIENTED_EDGE('',*,*,#1985,.T.);
#452=ORIENTED_EDGE('',*,*,#1986,.F.);
#453=ORIENTED_EDGE('',*,*,#1987,.F.);
#454=ORIENTED_EDGE('',*,*,#1983,.T.);
#455=ORIENTED_EDGE('',*,*,#1988,.F.);
#456=ORIENTED_EDGE('',*,*,#1989,.F.);
#457=ORIENTED_EDGE('',*,*,#1990,.T.);
#458=ORIENTED_EDGE('',*,*,#1986,.T.);
#459=ORIENTED_EDGE('',*,*,#1991,.T.);
#460=ORIENTED_EDGE('',*,*,#1992,.F.);
#461=ORIENTED_EDGE('',*,*,#1993,.F.);
#462=ORIENTED_EDGE('',*,*,#1989,.T.);
#463=ORIENTED_EDGE('',*,*,#1994,.F.);
#464=ORIENTED_EDGE('',*,*,#1995,.F.);
#465=ORIENTED_EDGE('',*,*,#1996,.T.);
#466=ORIENTED_EDGE('',*,*,#1997,.T.);
#467=ORIENTED_EDGE('',*,*,#1998,.T.);
#468=ORIENTED_EDGE('',*,*,#1992,.T.);
#469=ORIENTED_EDGE('',*,*,#1955,.F.);
#470=ORIENTED_EDGE('',*,*,#1999,.T.);
#471=ORIENTED_EDGE('',*,*,#1995,.T.);
#472=ORIENTED_EDGE('',*,*,#2000,.T.);
#473=ORIENTED_EDGE('',*,*,#2001,.F.);
#474=ORIENTED_EDGE('',*,*,#2002,.T.);
#475=ORIENTED_EDGE('',*,*,#1953,.T.);
#476=ORIENTED_EDGE('',*,*,#2003,.T.);
#477=ORIENTED_EDGE('',*,*,#2004,.F.);
#478=ORIENTED_EDGE('',*,*,#2005,.F.);
#479=ORIENTED_EDGE('',*,*,#2006,.T.);
#480=ORIENTED_EDGE('',*,*,#2007,.F.);
#481=ORIENTED_EDGE('',*,*,#2008,.F.);
#482=ORIENTED_EDGE('',*,*,#2001,.T.);
#483=ORIENTED_EDGE('',*,*,#2009,.F.);
#484=ORIENTED_EDGE('',*,*,#2010,.F.);
#485=ORIENTED_EDGE('',*,*,#2011,.T.);
#486=ORIENTED_EDGE('',*,*,#2005,.T.);
#487=ORIENTED_EDGE('',*,*,#2012,.F.);
#488=ORIENTED_EDGE('',*,*,#2013,.F.);
#489=ORIENTED_EDGE('',*,*,#2014,.T.);
#490=ORIENTED_EDGE('',*,*,#2010,.T.);
#491=ORIENTED_EDGE('',*,*,#2015,.T.);
#492=ORIENTED_EDGE('',*,*,#2016,.F.);
#493=ORIENTED_EDGE('',*,*,#2017,.F.);
#494=ORIENTED_EDGE('',*,*,#2013,.T.);
#495=ORIENTED_EDGE('',*,*,#2018,.F.);
#496=ORIENTED_EDGE('',*,*,#2019,.F.);
#497=ORIENTED_EDGE('',*,*,#2020,.T.);
#498=ORIENTED_EDGE('',*,*,#2016,.T.);
#499=ORIENTED_EDGE('',*,*,#2021,.T.);
#500=ORIENTED_EDGE('',*,*,#2022,.F.);
#501=ORIENTED_EDGE('',*,*,#2023,.F.);
#502=ORIENTED_EDGE('',*,*,#2019,.T.);
#503=ORIENTED_EDGE('',*,*,#2024,.F.);
#504=ORIENTED_EDGE('',*,*,#2025,.F.);
#505=ORIENTED_EDGE('',*,*,#2026,.T.);
#506=ORIENTED_EDGE('',*,*,#2022,.T.);
#507=ORIENTED_EDGE('',*,*,#2027,.F.);
#508=ORIENTED_EDGE('',*,*,#2028,.F.);
#509=ORIENTED_EDGE('',*,*,#2029,.T.);
#510=ORIENTED_EDGE('',*,*,#2025,.T.);
#511=ORIENTED_EDGE('',*,*,#2030,.F.);
#512=ORIENTED_EDGE('',*,*,#2031,.F.);
#513=ORIENTED_EDGE('',*,*,#2032,.T.);
#514=ORIENTED_EDGE('',*,*,#2028,.T.);
#515=ORIENTED_EDGE('',*,*,#2033,.F.);
#516=ORIENTED_EDGE('',*,*,#2034,.F.);
#517=ORIENTED_EDGE('',*,*,#2035,.T.);
#518=ORIENTED_EDGE('',*,*,#2036,.T.);
#519=ORIENTED_EDGE('',*,*,#2037,.F.);
#520=ORIENTED_EDGE('',*,*,#2038,.F.);
#521=ORIENTED_EDGE('',*,*,#2039,.T.);
#522=ORIENTED_EDGE('',*,*,#2034,.T.);
#523=ORIENTED_EDGE('',*,*,#2040,.F.);
#524=ORIENTED_EDGE('',*,*,#2041,.F.);
#525=ORIENTED_EDGE('',*,*,#2042,.T.);
#526=ORIENTED_EDGE('',*,*,#2038,.T.);
#527=ORIENTED_EDGE('',*,*,#2043,.F.);
#528=ORIENTED_EDGE('',*,*,#2044,.F.);
#529=ORIENTED_EDGE('',*,*,#2045,.T.);
#530=ORIENTED_EDGE('',*,*,#2041,.T.);
#531=ORIENTED_EDGE('',*,*,#2046,.F.);
#532=ORIENTED_EDGE('',*,*,#2047,.F.);
#533=ORIENTED_EDGE('',*,*,#2048,.T.);
#534=ORIENTED_EDGE('',*,*,#2044,.T.);
#535=ORIENTED_EDGE('',*,*,#2049,.F.);
#536=ORIENTED_EDGE('',*,*,#2050,.F.);
#537=ORIENTED_EDGE('',*,*,#2051,.T.);
#538=ORIENTED_EDGE('',*,*,#2047,.T.);
#539=ORIENTED_EDGE('',*,*,#2052,.F.);
#540=ORIENTED_EDGE('',*,*,#2053,.F.);
#541=ORIENTED_EDGE('',*,*,#2054,.T.);
#542=ORIENTED_EDGE('',*,*,#2050,.T.);
#543=ORIENTED_EDGE('',*,*,#2055,.F.);
#544=ORIENTED_EDGE('',*,*,#2056,.F.);
#545=ORIENTED_EDGE('',*,*,#2057,.T.);
#546=ORIENTED_EDGE('',*,*,#2058,.T.);
#547=ORIENTED_EDGE('',*,*,#2059,.F.);
#548=ORIENTED_EDGE('',*,*,#2060,.F.);
#549=ORIENTED_EDGE('',*,*,#2061,.T.);
#550=ORIENTED_EDGE('',*,*,#2056,.T.);
#551=ORIENTED_EDGE('',*,*,#2062,.F.);
#552=ORIENTED_EDGE('',*,*,#2063,.F.);
#553=ORIENTED_EDGE('',*,*,#2064,.T.);
#554=ORIENTED_EDGE('',*,*,#2060,.T.);
#555=ORIENTED_EDGE('',*,*,#2065,.F.);
#556=ORIENTED_EDGE('',*,*,#2066,.F.);
#557=ORIENTED_EDGE('',*,*,#2067,.T.);
#558=ORIENTED_EDGE('',*,*,#2063,.T.);
#559=ORIENTED_EDGE('',*,*,#2068,.F.);
#560=ORIENTED_EDGE('',*,*,#2069,.F.);
#561=ORIENTED_EDGE('',*,*,#2070,.T.);
#562=ORIENTED_EDGE('',*,*,#2066,.T.);
#563=ORIENTED_EDGE('',*,*,#2071,.F.);
#564=ORIENTED_EDGE('',*,*,#2072,.F.);
#565=ORIENTED_EDGE('',*,*,#2073,.T.);
#566=ORIENTED_EDGE('',*,*,#2069,.T.);
#567=ORIENTED_EDGE('',*,*,#2074,.F.);
#568=ORIENTED_EDGE('',*,*,#2075,.F.);
#569=ORIENTED_EDGE('',*,*,#2076,.T.);
#570=ORIENTED_EDGE('',*,*,#2072,.T.);
#571=ORIENTED_EDGE('',*,*,#2077,.F.);
#572=ORIENTED_EDGE('',*,*,#2078,.F.);
#573=ORIENTED_EDGE('',*,*,#2079,.T.);
#574=ORIENTED_EDGE('',*,*,#2080,.T.);
#575=ORIENTED_EDGE('',*,*,#2081,.F.);
#576=ORIENTED_EDGE('',*,*,#2082,.F.);
#577=ORIENTED_EDGE('',*,*,#2083,.T.);
#578=ORIENTED_EDGE('',*,*,#2078,.T.);
#579=ORIENTED_EDGE('',*,*,#2084,.F.);
#580=ORIENTED_EDGE('',*,*,#2085,.F.);
#581=ORIENTED_EDGE('',*,*,#2086,.T.);
#582=ORIENTED_EDGE('',*,*,#2082,.T.);
#583=ORIENTED_EDGE('',*,*,#2087,.F.);
#584=ORIENTED_EDGE('',*,*,#2088,.F.);
#585=ORIENTED_EDGE('',*,*,#2089,.T.);
#586=ORIENTED_EDGE('',*,*,#2085,.T.);
#587=ORIENTED_EDGE('',*,*,#2090,.F.);
#588=ORIENTED_EDGE('',*,*,#2091,.F.);
#589=ORIENTED_EDGE('',*,*,#2092,.T.);
#590=ORIENTED_EDGE('',*,*,#2088,.T.);
#591=ORIENTED_EDGE('',*,*,#2093,.F.);
#592=ORIENTED_EDGE('',*,*,#2094,.F.);
#593=ORIENTED_EDGE('',*,*,#2095,.T.);
#594=ORIENTED_EDGE('',*,*,#2091,.T.);
#595=ORIENTED_EDGE('',*,*,#2096,.F.);
#596=ORIENTED_EDGE('',*,*,#2097,.F.);
#597=ORIENTED_EDGE('',*,*,#2098,.T.);
#598=ORIENTED_EDGE('',*,*,#2094,.T.);
#599=ORIENTED_EDGE('',*,*,#2099,.F.);
#600=ORIENTED_EDGE('',*,*,#2100,.F.);
#601=ORIENTED_EDGE('',*,*,#2101,.T.);
#602=ORIENTED_EDGE('',*,*,#2102,.T.);
#603=ORIENTED_EDGE('',*,*,#2103,.F.);
#604=ORIENTED_EDGE('',*,*,#2104,.F.);
#605=ORIENTED_EDGE('',*,*,#2105,.T.);
#606=ORIENTED_EDGE('',*,*,#2100,.T.);
#607=ORIENTED_EDGE('',*,*,#2106,.F.);
#608=ORIENTED_EDGE('',*,*,#2107,.F.);
#609=ORIENTED_EDGE('',*,*,#2108,.T.);
#610=ORIENTED_EDGE('',*,*,#2104,.T.);
#611=ORIENTED_EDGE('',*,*,#2109,.F.);
#612=ORIENTED_EDGE('',*,*,#2110,.F.);
#613=ORIENTED_EDGE('',*,*,#2111,.T.);
#614=ORIENTED_EDGE('',*,*,#2107,.T.);
#615=ORIENTED_EDGE('',*,*,#2112,.F.);
#616=ORIENTED_EDGE('',*,*,#2113,.F.);
#617=ORIENTED_EDGE('',*,*,#2114,.T.);
#618=ORIENTED_EDGE('',*,*,#2110,.T.);
#619=ORIENTED_EDGE('',*,*,#2115,.F.);
#620=ORIENTED_EDGE('',*,*,#2116,.F.);
#621=ORIENTED_EDGE('',*,*,#2117,.T.);
#622=ORIENTED_EDGE('',*,*,#2113,.T.);
#623=ORIENTED_EDGE('',*,*,#2118,.F.);
#624=ORIENTED_EDGE('',*,*,#2119,.F.);
#625=ORIENTED_EDGE('',*,*,#2120,.T.);
#626=ORIENTED_EDGE('',*,*,#2116,.T.);
#627=ORIENTED_EDGE('',*,*,#2121,.F.);
#628=ORIENTED_EDGE('',*,*,#2122,.F.);
#629=ORIENTED_EDGE('',*,*,#2123,.T.);
#630=ORIENTED_EDGE('',*,*,#2124,.T.);
#631=ORIENTED_EDGE('',*,*,#2125,.F.);
#632=ORIENTED_EDGE('',*,*,#2126,.F.);
#633=ORIENTED_EDGE('',*,*,#2127,.T.);
#634=ORIENTED_EDGE('',*,*,#2122,.T.);
#635=ORIENTED_EDGE('',*,*,#2128,.F.);
#636=ORIENTED_EDGE('',*,*,#2129,.F.);
#637=ORIENTED_EDGE('',*,*,#2130,.T.);
#638=ORIENTED_EDGE('',*,*,#2126,.T.);
#639=ORIENTED_EDGE('',*,*,#2131,.F.);
#640=ORIENTED_EDGE('',*,*,#2132,.F.);
#641=ORIENTED_EDGE('',*,*,#2133,.T.);
#642=ORIENTED_EDGE('',*,*,#2129,.T.);
#643=ORIENTED_EDGE('',*,*,#2134,.F.);
#644=ORIENTED_EDGE('',*,*,#2135,.F.);
#645=ORIENTED_EDGE('',*,*,#2136,.T.);
#646=ORIENTED_EDGE('',*,*,#2132,.T.);
#647=ORIENTED_EDGE('',*,*,#2137,.F.);
#648=ORIENTED_EDGE('',*,*,#2138,.F.);
#649=ORIENTED_EDGE('',*,*,#2139,.T.);
#650=ORIENTED_EDGE('',*,*,#2135,.T.);
#651=ORIENTED_EDGE('',*,*,#2140,.F.);
#652=ORIENTED_EDGE('',*,*,#2141,.F.);
#653=ORIENTED_EDGE('',*,*,#2142,.T.);
#654=ORIENTED_EDGE('',*,*,#2138,.T.);
#655=ORIENTED_EDGE('',*,*,#2143,.F.);
#656=ORIENTED_EDGE('',*,*,#2144,.F.);
#657=ORIENTED_EDGE('',*,*,#2145,.T.);
#658=ORIENTED_EDGE('',*,*,#2146,.T.);
#659=ORIENTED_EDGE('',*,*,#2147,.F.);
#660=ORIENTED_EDGE('',*,*,#2148,.F.);
#661=ORIENTED_EDGE('',*,*,#2149,.T.);
#662=ORIENTED_EDGE('',*,*,#2144,.T.);
#663=ORIENTED_EDGE('',*,*,#2150,.F.);
#664=ORIENTED_EDGE('',*,*,#2151,.F.);
#665=ORIENTED_EDGE('',*,*,#2152,.T.);
#666=ORIENTED_EDGE('',*,*,#2148,.T.);
#667=ORIENTED_EDGE('',*,*,#2153,.F.);
#668=ORIENTED_EDGE('',*,*,#2154,.F.);
#669=ORIENTED_EDGE('',*,*,#2155,.T.);
#670=ORIENTED_EDGE('',*,*,#2151,.T.);
#671=ORIENTED_EDGE('',*,*,#2156,.F.);
#672=ORIENTED_EDGE('',*,*,#2157,.F.);
#673=ORIENTED_EDGE('',*,*,#2158,.T.);
#674=ORIENTED_EDGE('',*,*,#2154,.T.);
#675=ORIENTED_EDGE('',*,*,#2159,.F.);
#676=ORIENTED_EDGE('',*,*,#2160,.F.);
#677=ORIENTED_EDGE('',*,*,#2161,.T.);
#678=ORIENTED_EDGE('',*,*,#2157,.T.);
#679=ORIENTED_EDGE('',*,*,#2162,.F.);
#680=ORIENTED_EDGE('',*,*,#2163,.F.);
#681=ORIENTED_EDGE('',*,*,#2164,.T.);
#682=ORIENTED_EDGE('',*,*,#2160,.T.);
#683=ORIENTED_EDGE('',*,*,#2165,.F.);
#684=ORIENTED_EDGE('',*,*,#2166,.F.);
#685=ORIENTED_EDGE('',*,*,#2167,.T.);
#686=ORIENTED_EDGE('',*,*,#2168,.T.);
#687=ORIENTED_EDGE('',*,*,#2169,.F.);
#688=ORIENTED_EDGE('',*,*,#2170,.F.);
#689=ORIENTED_EDGE('',*,*,#2171,.T.);
#690=ORIENTED_EDGE('',*,*,#2166,.T.);
#691=ORIENTED_EDGE('',*,*,#2172,.F.);
#692=ORIENTED_EDGE('',*,*,#2173,.F.);
#693=ORIENTED_EDGE('',*,*,#2174,.T.);
#694=ORIENTED_EDGE('',*,*,#2170,.T.);
#695=ORIENTED_EDGE('',*,*,#2175,.F.);
#696=ORIENTED_EDGE('',*,*,#2176,.F.);
#697=ORIENTED_EDGE('',*,*,#2177,.T.);
#698=ORIENTED_EDGE('',*,*,#2173,.T.);
#699=ORIENTED_EDGE('',*,*,#2178,.F.);
#700=ORIENTED_EDGE('',*,*,#2179,.F.);
#701=ORIENTED_EDGE('',*,*,#2180,.T.);
#702=ORIENTED_EDGE('',*,*,#2176,.T.);
#703=ORIENTED_EDGE('',*,*,#2181,.F.);
#704=ORIENTED_EDGE('',*,*,#2182,.F.);
#705=ORIENTED_EDGE('',*,*,#2183,.T.);
#706=ORIENTED_EDGE('',*,*,#2179,.T.);
#707=ORIENTED_EDGE('',*,*,#2184,.F.);
#708=ORIENTED_EDGE('',*,*,#2185,.F.);
#709=ORIENTED_EDGE('',*,*,#2186,.T.);
#710=ORIENTED_EDGE('',*,*,#2182,.T.);
#711=ORIENTED_EDGE('',*,*,#2187,.F.);
#712=ORIENTED_EDGE('',*,*,#2188,.F.);
#713=ORIENTED_EDGE('',*,*,#2189,.T.);
#714=ORIENTED_EDGE('',*,*,#2190,.T.);
#715=ORIENTED_EDGE('',*,*,#2191,.F.);
#716=ORIENTED_EDGE('',*,*,#2192,.F.);
#717=ORIENTED_EDGE('',*,*,#2193,.T.);
#718=ORIENTED_EDGE('',*,*,#2188,.T.);
#719=ORIENTED_EDGE('',*,*,#2194,.F.);
#720=ORIENTED_EDGE('',*,*,#2195,.F.);
#721=ORIENTED_EDGE('',*,*,#2196,.T.);
#722=ORIENTED_EDGE('',*,*,#2192,.T.);
#723=ORIENTED_EDGE('',*,*,#2197,.F.);
#724=ORIENTED_EDGE('',*,*,#2198,.F.);
#725=ORIENTED_EDGE('',*,*,#2199,.T.);
#726=ORIENTED_EDGE('',*,*,#2195,.T.);
#727=ORIENTED_EDGE('',*,*,#2200,.F.);
#728=ORIENTED_EDGE('',*,*,#2201,.F.);
#729=ORIENTED_EDGE('',*,*,#2202,.T.);
#730=ORIENTED_EDGE('',*,*,#2198,.T.);
#731=ORIENTED_EDGE('',*,*,#2203,.F.);
#732=ORIENTED_EDGE('',*,*,#2204,.F.);
#733=ORIENTED_EDGE('',*,*,#2205,.T.);
#734=ORIENTED_EDGE('',*,*,#2201,.T.);
#735=ORIENTED_EDGE('',*,*,#2206,.F.);
#736=ORIENTED_EDGE('',*,*,#2207,.F.);
#737=ORIENTED_EDGE('',*,*,#2208,.T.);
#738=ORIENTED_EDGE('',*,*,#2204,.T.);
#739=ORIENTED_EDGE('',*,*,#2209,.F.);
#740=ORIENTED_EDGE('',*,*,#2210,.F.);
#741=ORIENTED_EDGE('',*,*,#2211,.T.);
#742=ORIENTED_EDGE('',*,*,#2212,.T.);
#743=ORIENTED_EDGE('',*,*,#2213,.F.);
#744=ORIENTED_EDGE('',*,*,#2214,.F.);
#745=ORIENTED_EDGE('',*,*,#2215,.T.);
#746=ORIENTED_EDGE('',*,*,#2210,.T.);
#747=ORIENTED_EDGE('',*,*,#2216,.F.);
#748=ORIENTED_EDGE('',*,*,#2217,.F.);
#749=ORIENTED_EDGE('',*,*,#2218,.T.);
#750=ORIENTED_EDGE('',*,*,#2214,.T.);
#751=ORIENTED_EDGE('',*,*,#2219,.F.);
#752=ORIENTED_EDGE('',*,*,#2220,.F.);
#753=ORIENTED_EDGE('',*,*,#2221,.T.);
#754=ORIENTED_EDGE('',*,*,#2217,.T.);
#755=ORIENTED_EDGE('',*,*,#2222,.F.);
#756=ORIENTED_EDGE('',*,*,#2223,.F.);
#757=ORIENTED_EDGE('',*,*,#2224,.T.);
#758=ORIENTED_EDGE('',*,*,#2220,.T.);
#759=ORIENTED_EDGE('',*,*,#2225,.F.);
#760=ORIENTED_EDGE('',*,*,#2226,.F.);
#761=ORIENTED_EDGE('',*,*,#2227,.T.);
#762=ORIENTED_EDGE('',*,*,#2223,.T.);
#763=ORIENTED_EDGE('',*,*,#2228,.F.);
#764=ORIENTED_EDGE('',*,*,#2229,.F.);
#765=ORIENTED_EDGE('',*,*,#2230,.T.);
#766=ORIENTED_EDGE('',*,*,#2226,.T.);
#767=ORIENTED_EDGE('',*,*,#2231,.F.);
#768=ORIENTED_EDGE('',*,*,#2232,.F.);
#769=ORIENTED_EDGE('',*,*,#2233,.T.);
#770=ORIENTED_EDGE('',*,*,#2234,.T.);
#771=ORIENTED_EDGE('',*,*,#2235,.F.);
#772=ORIENTED_EDGE('',*,*,#2236,.F.);
#773=ORIENTED_EDGE('',*,*,#2237,.T.);
#774=ORIENTED_EDGE('',*,*,#2232,.T.);
#775=ORIENTED_EDGE('',*,*,#2238,.F.);
#776=ORIENTED_EDGE('',*,*,#2239,.F.);
#777=ORIENTED_EDGE('',*,*,#2240,.T.);
#778=ORIENTED_EDGE('',*,*,#2236,.T.);
#779=ORIENTED_EDGE('',*,*,#2241,.F.);
#780=ORIENTED_EDGE('',*,*,#2242,.F.);
#781=ORIENTED_EDGE('',*,*,#2243,.T.);
#782=ORIENTED_EDGE('',*,*,#2239,.T.);
#783=ORIENTED_EDGE('',*,*,#2244,.F.);
#784=ORIENTED_EDGE('',*,*,#2245,.F.);
#785=ORIENTED_EDGE('',*,*,#2246,.T.);
#786=ORIENTED_EDGE('',*,*,#2242,.T.);
#787=ORIENTED_EDGE('',*,*,#2247,.F.);
#788=ORIENTED_EDGE('',*,*,#2248,.F.);
#789=ORIENTED_EDGE('',*,*,#2249,.T.);
#790=ORIENTED_EDGE('',*,*,#2245,.T.);
#791=ORIENTED_EDGE('',*,*,#2250,.F.);
#792=ORIENTED_EDGE('',*,*,#2251,.F.);
#793=ORIENTED_EDGE('',*,*,#2252,.T.);
#794=ORIENTED_EDGE('',*,*,#2248,.T.);
#795=ORIENTED_EDGE('',*,*,#2253,.F.);
#796=ORIENTED_EDGE('',*,*,#2254,.F.);
#797=ORIENTED_EDGE('',*,*,#2255,.T.);
#798=ORIENTED_EDGE('',*,*,#2256,.T.);
#799=ORIENTED_EDGE('',*,*,#2257,.F.);
#800=ORIENTED_EDGE('',*,*,#2258,.F.);
#801=ORIENTED_EDGE('',*,*,#2259,.T.);
#802=ORIENTED_EDGE('',*,*,#2254,.T.);
#803=ORIENTED_EDGE('',*,*,#2260,.F.);
#804=ORIENTED_EDGE('',*,*,#2261,.F.);
#805=ORIENTED_EDGE('',*,*,#2262,.T.);
#806=ORIENTED_EDGE('',*,*,#2258,.T.);
#807=ORIENTED_EDGE('',*,*,#2263,.F.);
#808=ORIENTED_EDGE('',*,*,#2264,.F.);
#809=ORIENTED_EDGE('',*,*,#2265,.T.);
#810=ORIENTED_EDGE('',*,*,#2261,.T.);
#811=ORIENTED_EDGE('',*,*,#2266,.F.);
#812=ORIENTED_EDGE('',*,*,#2267,.F.);
#813=ORIENTED_EDGE('',*,*,#2268,.T.);
#814=ORIENTED_EDGE('',*,*,#2264,.T.);
#815=ORIENTED_EDGE('',*,*,#2269,.F.);
#816=ORIENTED_EDGE('',*,*,#2270,.F.);
#817=ORIENTED_EDGE('',*,*,#2271,.T.);
#818=ORIENTED_EDGE('',*,*,#2267,.T.);
#819=ORIENTED_EDGE('',*,*,#2272,.F.);
#820=ORIENTED_EDGE('',*,*,#2273,.F.);
#821=ORIENTED_EDGE('',*,*,#2274,.T.);
#822=ORIENTED_EDGE('',*,*,#2270,.T.);
#823=ORIENTED_EDGE('',*,*,#2275,.F.);
#824=ORIENTED_EDGE('',*,*,#2276,.F.);
#825=ORIENTED_EDGE('',*,*,#2277,.T.);
#826=ORIENTED_EDGE('',*,*,#2278,.T.);
#827=ORIENTED_EDGE('',*,*,#2279,.F.);
#828=ORIENTED_EDGE('',*,*,#2280,.F.);
#829=ORIENTED_EDGE('',*,*,#2281,.T.);
#830=ORIENTED_EDGE('',*,*,#2276,.T.);
#831=ORIENTED_EDGE('',*,*,#2282,.F.);
#832=ORIENTED_EDGE('',*,*,#2283,.F.);
#833=ORIENTED_EDGE('',*,*,#2284,.T.);
#834=ORIENTED_EDGE('',*,*,#2280,.T.);
#835=ORIENTED_EDGE('',*,*,#2285,.F.);
#836=ORIENTED_EDGE('',*,*,#2286,.F.);
#837=ORIENTED_EDGE('',*,*,#2287,.T.);
#838=ORIENTED_EDGE('',*,*,#2283,.T.);
#839=ORIENTED_EDGE('',*,*,#2288,.F.);
#840=ORIENTED_EDGE('',*,*,#2289,.F.);
#841=ORIENTED_EDGE('',*,*,#2290,.T.);
#842=ORIENTED_EDGE('',*,*,#2286,.T.);
#843=ORIENTED_EDGE('',*,*,#2291,.F.);
#844=ORIENTED_EDGE('',*,*,#2292,.F.);
#845=ORIENTED_EDGE('',*,*,#2293,.T.);
#846=ORIENTED_EDGE('',*,*,#2289,.T.);
#847=ORIENTED_EDGE('',*,*,#2294,.F.);
#848=ORIENTED_EDGE('',*,*,#2295,.F.);
#849=ORIENTED_EDGE('',*,*,#2296,.T.);
#850=ORIENTED_EDGE('',*,*,#2292,.T.);
#851=ORIENTED_EDGE('',*,*,#2297,.F.);
#852=ORIENTED_EDGE('',*,*,#2298,.F.);
#853=ORIENTED_EDGE('',*,*,#2299,.T.);
#854=ORIENTED_EDGE('',*,*,#2300,.T.);
#855=ORIENTED_EDGE('',*,*,#2301,.F.);
#856=ORIENTED_EDGE('',*,*,#2302,.F.);
#857=ORIENTED_EDGE('',*,*,#2303,.T.);
#858=ORIENTED_EDGE('',*,*,#2298,.T.);
#859=ORIENTED_EDGE('',*,*,#2304,.F.);
#860=ORIENTED_EDGE('',*,*,#2305,.F.);
#861=ORIENTED_EDGE('',*,*,#2306,.T.);
#862=ORIENTED_EDGE('',*,*,#2302,.T.);
#863=ORIENTED_EDGE('',*,*,#2307,.F.);
#864=ORIENTED_EDGE('',*,*,#2308,.F.);
#865=ORIENTED_EDGE('',*,*,#2309,.T.);
#866=ORIENTED_EDGE('',*,*,#2305,.T.);
#867=ORIENTED_EDGE('',*,*,#2310,.F.);
#868=ORIENTED_EDGE('',*,*,#2311,.F.);
#869=ORIENTED_EDGE('',*,*,#2312,.T.);
#870=ORIENTED_EDGE('',*,*,#2308,.T.);
#871=ORIENTED_EDGE('',*,*,#2313,.F.);
#872=ORIENTED_EDGE('',*,*,#2314,.F.);
#873=ORIENTED_EDGE('',*,*,#2315,.T.);
#874=ORIENTED_EDGE('',*,*,#2311,.T.);
#875=ORIENTED_EDGE('',*,*,#2316,.F.);
#876=ORIENTED_EDGE('',*,*,#2317,.F.);
#877=ORIENTED_EDGE('',*,*,#2318,.T.);
#878=ORIENTED_EDGE('',*,*,#2314,.T.);
#879=ORIENTED_EDGE('',*,*,#2319,.F.);
#880=ORIENTED_EDGE('',*,*,#2320,.F.);
#881=ORIENTED_EDGE('',*,*,#2321,.T.);
#882=ORIENTED_EDGE('',*,*,#2322,.T.);
#883=ORIENTED_EDGE('',*,*,#2323,.F.);
#884=ORIENTED_EDGE('',*,*,#2324,.F.);
#885=ORIENTED_EDGE('',*,*,#2325,.T.);
#886=ORIENTED_EDGE('',*,*,#2320,.T.);
#887=ORIENTED_EDGE('',*,*,#2326,.F.);
#888=ORIENTED_EDGE('',*,*,#2327,.F.);
#889=ORIENTED_EDGE('',*,*,#2328,.T.);
#890=ORIENTED_EDGE('',*,*,#2324,.T.);
#891=ORIENTED_EDGE('',*,*,#2329,.F.);
#892=ORIENTED_EDGE('',*,*,#2330,.F.);
#893=ORIENTED_EDGE('',*,*,#2331,.T.);
#894=ORIENTED_EDGE('',*,*,#2327,.T.);
#895=ORIENTED_EDGE('',*,*,#2332,.F.);
#896=ORIENTED_EDGE('',*,*,#2333,.F.);
#897=ORIENTED_EDGE('',*,*,#2334,.T.);
#898=ORIENTED_EDGE('',*,*,#2330,.T.);
#899=ORIENTED_EDGE('',*,*,#2335,.F.);
#900=ORIENTED_EDGE('',*,*,#2336,.F.);
#901=ORIENTED_EDGE('',*,*,#2337,.T.);
#902=ORIENTED_EDGE('',*,*,#2333,.T.);
#903=ORIENTED_EDGE('',*,*,#2338,.F.);
#904=ORIENTED_EDGE('',*,*,#2339,.F.);
#905=ORIENTED_EDGE('',*,*,#2340,.T.);
#906=ORIENTED_EDGE('',*,*,#2336,.T.);
#907=ORIENTED_EDGE('',*,*,#2341,.F.);
#908=ORIENTED_EDGE('',*,*,#2342,.F.);
#909=ORIENTED_EDGE('',*,*,#2343,.T.);
#910=ORIENTED_EDGE('',*,*,#2344,.T.);
#911=ORIENTED_EDGE('',*,*,#2345,.F.);
#912=ORIENTED_EDGE('',*,*,#2346,.F.);
#913=ORIENTED_EDGE('',*,*,#2347,.T.);
#914=ORIENTED_EDGE('',*,*,#2342,.T.);
#915=ORIENTED_EDGE('',*,*,#2348,.F.);
#916=ORIENTED_EDGE('',*,*,#2349,.F.);
#917=ORIENTED_EDGE('',*,*,#2350,.T.);
#918=ORIENTED_EDGE('',*,*,#2346,.T.);
#919=ORIENTED_EDGE('',*,*,#2351,.F.);
#920=ORIENTED_EDGE('',*,*,#2352,.F.);
#921=ORIENTED_EDGE('',*,*,#2353,.T.);
#922=ORIENTED_EDGE('',*,*,#2349,.T.);
#923=ORIENTED_EDGE('',*,*,#2354,.F.);
#924=ORIENTED_EDGE('',*,*,#2355,.F.);
#925=ORIENTED_EDGE('',*,*,#2356,.T.);
#926=ORIENTED_EDGE('',*,*,#2352,.T.);
#927=ORIENTED_EDGE('',*,*,#2357,.F.);
#928=ORIENTED_EDGE('',*,*,#2358,.F.);
#929=ORIENTED_EDGE('',*,*,#2359,.T.);
#930=ORIENTED_EDGE('',*,*,#2355,.T.);
#931=ORIENTED_EDGE('',*,*,#2360,.F.);
#932=ORIENTED_EDGE('',*,*,#2361,.F.);
#933=ORIENTED_EDGE('',*,*,#2362,.T.);
#934=ORIENTED_EDGE('',*,*,#2358,.T.);
#935=ORIENTED_EDGE('',*,*,#2363,.F.);
#936=ORIENTED_EDGE('',*,*,#2364,.F.);
#937=ORIENTED_EDGE('',*,*,#2365,.T.);
#938=ORIENTED_EDGE('',*,*,#2366,.T.);
#939=ORIENTED_EDGE('',*,*,#2367,.F.);
#940=ORIENTED_EDGE('',*,*,#2368,.F.);
#941=ORIENTED_EDGE('',*,*,#2369,.T.);
#942=ORIENTED_EDGE('',*,*,#2364,.T.);
#943=ORIENTED_EDGE('',*,*,#2370,.F.);
#944=ORIENTED_EDGE('',*,*,#2371,.F.);
#945=ORIENTED_EDGE('',*,*,#2372,.T.);
#946=ORIENTED_EDGE('',*,*,#2368,.T.);
#947=ORIENTED_EDGE('',*,*,#2373,.F.);
#948=ORIENTED_EDGE('',*,*,#2374,.F.);
#949=ORIENTED_EDGE('',*,*,#2375,.T.);
#950=ORIENTED_EDGE('',*,*,#2371,.T.);
#951=ORIENTED_EDGE('',*,*,#2376,.F.);
#952=ORIENTED_EDGE('',*,*,#2377,.F.);
#953=ORIENTED_EDGE('',*,*,#2378,.T.);
#954=ORIENTED_EDGE('',*,*,#2374,.T.);
#955=ORIENTED_EDGE('',*,*,#2379,.F.);
#956=ORIENTED_EDGE('',*,*,#2380,.F.);
#957=ORIENTED_EDGE('',*,*,#2381,.T.);
#958=ORIENTED_EDGE('',*,*,#2377,.T.);
#959=ORIENTED_EDGE('',*,*,#2382,.F.);
#960=ORIENTED_EDGE('',*,*,#2383,.F.);
#961=ORIENTED_EDGE('',*,*,#2384,.T.);
#962=ORIENTED_EDGE('',*,*,#2380,.T.);
#963=ORIENTED_EDGE('',*,*,#2385,.F.);
#964=ORIENTED_EDGE('',*,*,#2386,.F.);
#965=ORIENTED_EDGE('',*,*,#2387,.T.);
#966=ORIENTED_EDGE('',*,*,#2388,.T.);
#967=ORIENTED_EDGE('',*,*,#2389,.F.);
#968=ORIENTED_EDGE('',*,*,#2390,.F.);
#969=ORIENTED_EDGE('',*,*,#2391,.T.);
#970=ORIENTED_EDGE('',*,*,#2386,.T.);
#971=ORIENTED_EDGE('',*,*,#2392,.F.);
#972=ORIENTED_EDGE('',*,*,#2393,.F.);
#973=ORIENTED_EDGE('',*,*,#2394,.T.);
#974=ORIENTED_EDGE('',*,*,#2390,.T.);
#975=ORIENTED_EDGE('',*,*,#2395,.F.);
#976=ORIENTED_EDGE('',*,*,#2396,.F.);
#977=ORIENTED_EDGE('',*,*,#2397,.T.);
#978=ORIENTED_EDGE('',*,*,#2393,.T.);
#979=ORIENTED_EDGE('',*,*,#2398,.F.);
#980=ORIENTED_EDGE('',*,*,#2399,.F.);
#981=ORIENTED_EDGE('',*,*,#2400,.T.);
#982=ORIENTED_EDGE('',*,*,#2396,.T.);
#983=ORIENTED_EDGE('',*,*,#2401,.F.);
#984=ORIENTED_EDGE('',*,*,#2402,.F.);
#985=ORIENTED_EDGE('',*,*,#2403,.T.);
#986=ORIENTED_EDGE('',*,*,#2399,.T.);
#987=ORIENTED_EDGE('',*,*,#2404,.F.);
#988=ORIENTED_EDGE('',*,*,#2405,.F.);
#989=ORIENTED_EDGE('',*,*,#2406,.T.);
#990=ORIENTED_EDGE('',*,*,#2402,.T.);
#991=ORIENTED_EDGE('',*,*,#2407,.F.);
#992=ORIENTED_EDGE('',*,*,#2408,.F.);
#993=ORIENTED_EDGE('',*,*,#2409,.T.);
#994=ORIENTED_EDGE('',*,*,#2410,.T.);
#995=ORIENTED_EDGE('',*,*,#2411,.F.);
#996=ORIENTED_EDGE('',*,*,#2412,.F.);
#997=ORIENTED_EDGE('',*,*,#2413,.T.);
#998=ORIENTED_EDGE('',*,*,#2408,.T.);
#999=ORIENTED_EDGE('',*,*,#2414,.F.);
#1000=ORIENTED_EDGE('',*,*,#2415,.F.);
#1001=ORIENTED_EDGE('',*,*,#2416,.T.);
#1002=ORIENTED_EDGE('',*,*,#2412,.T.);
#1003=ORIENTED_EDGE('',*,*,#2417,.F.);
#1004=ORIENTED_EDGE('',*,*,#2418,.F.);
#1005=ORIENTED_EDGE('',*,*,#2419,.T.);
#1006=ORIENTED_EDGE('',*,*,#2415,.T.);
#1007=ORIENTED_EDGE('',*,*,#2420,.F.);
#1008=ORIENTED_EDGE('',*,*,#2421,.F.);
#1009=ORIENTED_EDGE('',*,*,#2422,.T.);
#1010=ORIENTED_EDGE('',*,*,#2418,.T.);
#1011=ORIENTED_EDGE('',*,*,#2423,.F.);
#1012=ORIENTED_EDGE('',*,*,#2424,.F.);
#1013=ORIENTED_EDGE('',*,*,#2425,.T.);
#1014=ORIENTED_EDGE('',*,*,#2421,.T.);
#1015=ORIENTED_EDGE('',*,*,#2426,.F.);
#1016=ORIENTED_EDGE('',*,*,#2427,.F.);
#1017=ORIENTED_EDGE('',*,*,#2428,.T.);
#1018=ORIENTED_EDGE('',*,*,#2424,.T.);
#1019=ORIENTED_EDGE('',*,*,#2429,.F.);
#1020=ORIENTED_EDGE('',*,*,#2430,.F.);
#1021=ORIENTED_EDGE('',*,*,#2431,.T.);
#1022=ORIENTED_EDGE('',*,*,#2432,.T.);
#1023=ORIENTED_EDGE('',*,*,#2433,.F.);
#1024=ORIENTED_EDGE('',*,*,#2434,.F.);
#1025=ORIENTED_EDGE('',*,*,#2435,.T.);
#1026=ORIENTED_EDGE('',*,*,#2430,.T.);
#1027=ORIENTED_EDGE('',*,*,#2436,.F.);
#1028=ORIENTED_EDGE('',*,*,#2437,.F.);
#1029=ORIENTED_EDGE('',*,*,#2438,.T.);
#1030=ORIENTED_EDGE('',*,*,#2434,.T.);
#1031=ORIENTED_EDGE('',*,*,#2439,.F.);
#1032=ORIENTED_EDGE('',*,*,#2440,.F.);
#1033=ORIENTED_EDGE('',*,*,#2441,.T.);
#1034=ORIENTED_EDGE('',*,*,#2437,.T.);
#1035=ORIENTED_EDGE('',*,*,#2442,.F.);
#1036=ORIENTED_EDGE('',*,*,#2443,.F.);
#1037=ORIENTED_EDGE('',*,*,#2444,.T.);
#1038=ORIENTED_EDGE('',*,*,#2440,.T.);
#1039=ORIENTED_EDGE('',*,*,#2445,.F.);
#1040=ORIENTED_EDGE('',*,*,#2446,.F.);
#1041=ORIENTED_EDGE('',*,*,#2447,.T.);
#1042=ORIENTED_EDGE('',*,*,#2443,.T.);
#1043=ORIENTED_EDGE('',*,*,#2448,.F.);
#1044=ORIENTED_EDGE('',*,*,#2449,.F.);
#1045=ORIENTED_EDGE('',*,*,#2450,.T.);
#1046=ORIENTED_EDGE('',*,*,#2446,.T.);
#1047=ORIENTED_EDGE('',*,*,#2451,.F.);
#1048=ORIENTED_EDGE('',*,*,#2452,.F.);
#1049=ORIENTED_EDGE('',*,*,#2453,.T.);
#1050=ORIENTED_EDGE('',*,*,#2454,.T.);
#1051=ORIENTED_EDGE('',*,*,#2455,.F.);
#1052=ORIENTED_EDGE('',*,*,#2456,.F.);
#1053=ORIENTED_EDGE('',*,*,#2457,.T.);
#1054=ORIENTED_EDGE('',*,*,#2452,.T.);
#1055=ORIENTED_EDGE('',*,*,#2458,.F.);
#1056=ORIENTED_EDGE('',*,*,#2459,.F.);
#1057=ORIENTED_EDGE('',*,*,#2460,.T.);
#1058=ORIENTED_EDGE('',*,*,#2456,.T.);
#1059=ORIENTED_EDGE('',*,*,#2461,.F.);
#1060=ORIENTED_EDGE('',*,*,#2462,.F.);
#1061=ORIENTED_EDGE('',*,*,#2463,.T.);
#1062=ORIENTED_EDGE('',*,*,#2459,.T.);
#1063=ORIENTED_EDGE('',*,*,#2464,.F.);
#1064=ORIENTED_EDGE('',*,*,#2465,.F.);
#1065=ORIENTED_EDGE('',*,*,#2466,.T.);
#1066=ORIENTED_EDGE('',*,*,#2462,.T.);
#1067=ORIENTED_EDGE('',*,*,#2467,.F.);
#1068=ORIENTED_EDGE('',*,*,#2468,.F.);
#1069=ORIENTED_EDGE('',*,*,#2469,.T.);
#1070=ORIENTED_EDGE('',*,*,#2465,.T.);
#1071=ORIENTED_EDGE('',*,*,#2470,.F.);
#1072=ORIENTED_EDGE('',*,*,#2471,.F.);
#1073=ORIENTED_EDGE('',*,*,#2472,.T.);
#1074=ORIENTED_EDGE('',*,*,#2468,.T.);
#1075=ORIENTED_EDGE('',*,*,#2473,.F.);
#1076=ORIENTED_EDGE('',*,*,#2474,.F.);
#1077=ORIENTED_EDGE('',*,*,#2475,.T.);
#1078=ORIENTED_EDGE('',*,*,#2476,.T.);
#1079=ORIENTED_EDGE('',*,*,#2477,.F.);
#1080=ORIENTED_EDGE('',*,*,#2478,.F.);
#1081=ORIENTED_EDGE('',*,*,#2479,.T.);
#1082=ORIENTED_EDGE('',*,*,#2474,.T.);
#1083=ORIENTED_EDGE('',*,*,#2480,.F.);
#1084=ORIENTED_EDGE('',*,*,#2481,.F.);
#1085=ORIENTED_EDGE('',*,*,#2482,.T.);
#1086=ORIENTED_EDGE('',*,*,#2478,.T.);
#1087=ORIENTED_EDGE('',*,*,#2483,.F.);
#1088=ORIENTED_EDGE('',*,*,#2484,.F.);
#1089=ORIENTED_EDGE('',*,*,#2485,.T.);
#1090=ORIENTED_EDGE('',*,*,#2481,.T.);
#1091=ORIENTED_EDGE('',*,*,#2486,.F.);
#1092=ORIENTED_EDGE('',*,*,#2487,.F.);
#1093=ORIENTED_EDGE('',*,*,#2488,.T.);
#1094=ORIENTED_EDGE('',*,*,#2484,.T.);
#1095=ORIENTED_EDGE('',*,*,#2489,.F.);
#1096=ORIENTED_EDGE('',*,*,#2490,.F.);
#1097=ORIENTED_EDGE('',*,*,#2491,.T.);
#1098=ORIENTED_EDGE('',*,*,#2487,.T.);
#1099=ORIENTED_EDGE('',*,*,#2492,.F.);
#1100=ORIENTED_EDGE('',*,*,#2493,.F.);
#1101=ORIENTED_EDGE('',*,*,#2494,.T.);
#1102=ORIENTED_EDGE('',*,*,#2490,.T.);
#1103=ORIENTED_EDGE('',*,*,#2495,.F.);
#1104=ORIENTED_EDGE('',*,*,#2496,.F.);
#1105=ORIENTED_EDGE('',*,*,#2497,.T.);
#1106=ORIENTED_EDGE('',*,*,#2498,.T.);
#1107=ORIENTED_EDGE('',*,*,#2499,.F.);
#1108=ORIENTED_EDGE('',*,*,#2500,.F.);
#1109=ORIENTED_EDGE('',*,*,#2501,.T.);
#1110=ORIENTED_EDGE('',*,*,#2496,.T.);
#1111=ORIENTED_EDGE('',*,*,#2502,.F.);
#1112=ORIENTED_EDGE('',*,*,#2503,.F.);
#1113=ORIENTED_EDGE('',*,*,#2504,.T.);
#1114=ORIENTED_EDGE('',*,*,#2500,.T.);
#1115=ORIENTED_EDGE('',*,*,#2505,.F.);
#1116=ORIENTED_EDGE('',*,*,#2506,.F.);
#1117=ORIENTED_EDGE('',*,*,#2507,.T.);
#1118=ORIENTED_EDGE('',*,*,#2503,.T.);
#1119=ORIENTED_EDGE('',*,*,#2508,.F.);
#1120=ORIENTED_EDGE('',*,*,#2509,.F.);
#1121=ORIENTED_EDGE('',*,*,#2510,.T.);
#1122=ORIENTED_EDGE('',*,*,#2506,.T.);
#1123=ORIENTED_EDGE('',*,*,#2511,.F.);
#1124=ORIENTED_EDGE('',*,*,#2512,.F.);
#1125=ORIENTED_EDGE('',*,*,#2513,.T.);
#1126=ORIENTED_EDGE('',*,*,#2509,.T.);
#1127=ORIENTED_EDGE('',*,*,#2514,.F.);
#1128=ORIENTED_EDGE('',*,*,#2515,.F.);
#1129=ORIENTED_EDGE('',*,*,#2516,.T.);
#1130=ORIENTED_EDGE('',*,*,#2512,.T.);
#1131=ORIENTED_EDGE('',*,*,#2517,.F.);
#1132=ORIENTED_EDGE('',*,*,#2518,.F.);
#1133=ORIENTED_EDGE('',*,*,#2519,.T.);
#1134=ORIENTED_EDGE('',*,*,#2520,.T.);
#1135=ORIENTED_EDGE('',*,*,#2521,.F.);
#1136=ORIENTED_EDGE('',*,*,#2522,.F.);
#1137=ORIENTED_EDGE('',*,*,#2523,.T.);
#1138=ORIENTED_EDGE('',*,*,#2518,.T.);
#1139=ORIENTED_EDGE('',*,*,#2524,.F.);
#1140=ORIENTED_EDGE('',*,*,#2525,.F.);
#1141=ORIENTED_EDGE('',*,*,#2526,.T.);
#1142=ORIENTED_EDGE('',*,*,#2522,.T.);
#1143=ORIENTED_EDGE('',*,*,#2527,.F.);
#1144=ORIENTED_EDGE('',*,*,#2528,.F.);
#1145=ORIENTED_EDGE('',*,*,#2529,.T.);
#1146=ORIENTED_EDGE('',*,*,#2525,.T.);
#1147=ORIENTED_EDGE('',*,*,#2530,.F.);
#1148=ORIENTED_EDGE('',*,*,#2531,.F.);
#1149=ORIENTED_EDGE('',*,*,#2532,.T.);
#1150=ORIENTED_EDGE('',*,*,#2528,.T.);
#1151=ORIENTED_EDGE('',*,*,#2533,.F.);
#1152=ORIENTED_EDGE('',*,*,#2534,.F.);
#1153=ORIENTED_EDGE('',*,*,#2535,.T.);
#1154=ORIENTED_EDGE('',*,*,#2531,.T.);
#1155=ORIENTED_EDGE('',*,*,#2536,.F.);
#1156=ORIENTED_EDGE('',*,*,#2537,.F.);
#1157=ORIENTED_EDGE('',*,*,#2538,.T.);
#1158=ORIENTED_EDGE('',*,*,#2534,.T.);
#1159=ORIENTED_EDGE('',*,*,#2539,.F.);
#1160=ORIENTED_EDGE('',*,*,#2540,.F.);
#1161=ORIENTED_EDGE('',*,*,#2541,.T.);
#1162=ORIENTED_EDGE('',*,*,#2542,.T.);
#1163=ORIENTED_EDGE('',*,*,#2543,.F.);
#1164=ORIENTED_EDGE('',*,*,#2544,.F.);
#1165=ORIENTED_EDGE('',*,*,#2545,.T.);
#1166=ORIENTED_EDGE('',*,*,#2540,.T.);
#1167=ORIENTED_EDGE('',*,*,#2546,.F.);
#1168=ORIENTED_EDGE('',*,*,#2547,.F.);
#1169=ORIENTED_EDGE('',*,*,#2548,.T.);
#1170=ORIENTED_EDGE('',*,*,#2544,.T.);
#1171=ORIENTED_EDGE('',*,*,#2549,.F.);
#1172=ORIENTED_EDGE('',*,*,#2550,.F.);
#1173=ORIENTED_EDGE('',*,*,#2551,.T.);
#1174=ORIENTED_EDGE('',*,*,#2547,.T.);
#1175=ORIENTED_EDGE('',*,*,#2552,.F.);
#1176=ORIENTED_EDGE('',*,*,#2553,.F.);
#1177=ORIENTED_EDGE('',*,*,#2554,.T.);
#1178=ORIENTED_EDGE('',*,*,#2550,.T.);
#1179=ORIENTED_EDGE('',*,*,#2555,.F.);
#1180=ORIENTED_EDGE('',*,*,#2556,.F.);
#1181=ORIENTED_EDGE('',*,*,#2557,.T.);
#1182=ORIENTED_EDGE('',*,*,#2553,.T.);
#1183=ORIENTED_EDGE('',*,*,#2558,.F.);
#1184=ORIENTED_EDGE('',*,*,#2559,.F.);
#1185=ORIENTED_EDGE('',*,*,#2560,.T.);
#1186=ORIENTED_EDGE('',*,*,#2556,.T.);
#1187=ORIENTED_EDGE('',*,*,#2561,.F.);
#1188=ORIENTED_EDGE('',*,*,#2562,.F.);
#1189=ORIENTED_EDGE('',*,*,#2563,.T.);
#1190=ORIENTED_EDGE('',*,*,#2564,.T.);
#1191=ORIENTED_EDGE('',*,*,#2565,.F.);
#1192=ORIENTED_EDGE('',*,*,#2566,.F.);
#1193=ORIENTED_EDGE('',*,*,#2567,.T.);
#1194=ORIENTED_EDGE('',*,*,#2562,.T.);
#1195=ORIENTED_EDGE('',*,*,#2568,.F.);
#1196=ORIENTED_EDGE('',*,*,#2569,.F.);
#1197=ORIENTED_EDGE('',*,*,#2570,.T.);
#1198=ORIENTED_EDGE('',*,*,#2566,.T.);
#1199=ORIENTED_EDGE('',*,*,#2571,.F.);
#1200=ORIENTED_EDGE('',*,*,#2572,.F.);
#1201=ORIENTED_EDGE('',*,*,#2573,.T.);
#1202=ORIENTED_EDGE('',*,*,#2569,.T.);
#1203=ORIENTED_EDGE('',*,*,#2574,.F.);
#1204=ORIENTED_EDGE('',*,*,#2575,.F.);
#1205=ORIENTED_EDGE('',*,*,#2576,.T.);
#1206=ORIENTED_EDGE('',*,*,#2572,.T.);
#1207=ORIENTED_EDGE('',*,*,#2577,.F.);
#1208=ORIENTED_EDGE('',*,*,#2578,.F.);
#1209=ORIENTED_EDGE('',*,*,#2579,.T.);
#1210=ORIENTED_EDGE('',*,*,#2575,.T.);
#1211=ORIENTED_EDGE('',*,*,#2580,.F.);
#1212=ORIENTED_EDGE('',*,*,#2581,.F.);
#1213=ORIENTED_EDGE('',*,*,#2582,.T.);
#1214=ORIENTED_EDGE('',*,*,#2578,.T.);
#1215=ORIENTED_EDGE('',*,*,#2583,.F.);
#1216=ORIENTED_EDGE('',*,*,#2584,.F.);
#1217=ORIENTED_EDGE('',*,*,#2585,.T.);
#1218=ORIENTED_EDGE('',*,*,#2586,.T.);
#1219=ORIENTED_EDGE('',*,*,#2587,.F.);
#1220=ORIENTED_EDGE('',*,*,#2588,.F.);
#1221=ORIENTED_EDGE('',*,*,#2589,.T.);
#1222=ORIENTED_EDGE('',*,*,#2584,.T.);
#1223=ORIENTED_EDGE('',*,*,#2590,.F.);
#1224=ORIENTED_EDGE('',*,*,#2591,.F.);
#1225=ORIENTED_EDGE('',*,*,#2592,.T.);
#1226=ORIENTED_EDGE('',*,*,#2588,.T.);
#1227=ORIENTED_EDGE('',*,*,#2593,.F.);
#1228=ORIENTED_EDGE('',*,*,#2594,.F.);
#1229=ORIENTED_EDGE('',*,*,#2595,.T.);
#1230=ORIENTED_EDGE('',*,*,#2591,.T.);
#1231=ORIENTED_EDGE('',*,*,#2596,.F.);
#1232=ORIENTED_EDGE('',*,*,#2597,.F.);
#1233=ORIENTED_EDGE('',*,*,#2598,.T.);
#1234=ORIENTED_EDGE('',*,*,#2594,.T.);
#1235=ORIENTED_EDGE('',*,*,#2599,.F.);
#1236=ORIENTED_EDGE('',*,*,#2600,.F.);
#1237=ORIENTED_EDGE('',*,*,#2601,.T.);
#1238=ORIENTED_EDGE('',*,*,#2597,.T.);
#1239=ORIENTED_EDGE('',*,*,#2602,.F.);
#1240=ORIENTED_EDGE('',*,*,#2603,.F.);
#1241=ORIENTED_EDGE('',*,*,#2604,.T.);
#1242=ORIENTED_EDGE('',*,*,#2600,.T.);
#1243=ORIENTED_EDGE('',*,*,#2605,.F.);
#1244=ORIENTED_EDGE('',*,*,#2606,.F.);
#1245=ORIENTED_EDGE('',*,*,#2607,.T.);
#1246=ORIENTED_EDGE('',*,*,#2608,.T.);
#1247=ORIENTED_EDGE('',*,*,#2609,.F.);
#1248=ORIENTED_EDGE('',*,*,#2610,.F.);
#1249=ORIENTED_EDGE('',*,*,#2611,.T.);
#1250=ORIENTED_EDGE('',*,*,#2606,.T.);
#1251=ORIENTED_EDGE('',*,*,#2612,.F.);
#1252=ORIENTED_EDGE('',*,*,#2613,.F.);
#1253=ORIENTED_EDGE('',*,*,#2614,.T.);
#1254=ORIENTED_EDGE('',*,*,#2610,.T.);
#1255=ORIENTED_EDGE('',*,*,#2615,.F.);
#1256=ORIENTED_EDGE('',*,*,#2616,.F.);
#1257=ORIENTED_EDGE('',*,*,#2617,.T.);
#1258=ORIENTED_EDGE('',*,*,#2613,.T.);
#1259=ORIENTED_EDGE('',*,*,#2618,.F.);
#1260=ORIENTED_EDGE('',*,*,#2619,.F.);
#1261=ORIENTED_EDGE('',*,*,#2620,.T.);
#1262=ORIENTED_EDGE('',*,*,#2616,.T.);
#1263=ORIENTED_EDGE('',*,*,#2621,.F.);
#1264=ORIENTED_EDGE('',*,*,#2622,.F.);
#1265=ORIENTED_EDGE('',*,*,#2623,.T.);
#1266=ORIENTED_EDGE('',*,*,#2619,.T.);
#1267=ORIENTED_EDGE('',*,*,#2624,.F.);
#1268=ORIENTED_EDGE('',*,*,#2625,.F.);
#1269=ORIENTED_EDGE('',*,*,#2626,.T.);
#1270=ORIENTED_EDGE('',*,*,#2622,.T.);
#1271=ORIENTED_EDGE('',*,*,#2627,.F.);
#1272=ORIENTED_EDGE('',*,*,#2628,.F.);
#1273=ORIENTED_EDGE('',*,*,#2629,.T.);
#1274=ORIENTED_EDGE('',*,*,#2630,.T.);
#1275=ORIENTED_EDGE('',*,*,#2631,.F.);
#1276=ORIENTED_EDGE('',*,*,#2632,.F.);
#1277=ORIENTED_EDGE('',*,*,#2633,.T.);
#1278=ORIENTED_EDGE('',*,*,#2628,.T.);
#1279=ORIENTED_EDGE('',*,*,#2634,.F.);
#1280=ORIENTED_EDGE('',*,*,#2635,.F.);
#1281=ORIENTED_EDGE('',*,*,#2636,.T.);
#1282=ORIENTED_EDGE('',*,*,#2632,.T.);
#1283=ORIENTED_EDGE('',*,*,#2637,.F.);
#1284=ORIENTED_EDGE('',*,*,#2638,.F.);
#1285=ORIENTED_EDGE('',*,*,#2639,.T.);
#1286=ORIENTED_EDGE('',*,*,#2635,.T.);
#1287=ORIENTED_EDGE('',*,*,#2640,.F.);
#1288=ORIENTED_EDGE('',*,*,#2641,.F.);
#1289=ORIENTED_EDGE('',*,*,#2642,.T.);
#1290=ORIENTED_EDGE('',*,*,#2638,.T.);
#1291=ORIENTED_EDGE('',*,*,#2643,.F.);
#1292=ORIENTED_EDGE('',*,*,#2644,.F.);
#1293=ORIENTED_EDGE('',*,*,#2645,.T.);
#1294=ORIENTED_EDGE('',*,*,#2641,.T.);
#1295=ORIENTED_EDGE('',*,*,#2646,.F.);
#1296=ORIENTED_EDGE('',*,*,#2647,.F.);
#1297=ORIENTED_EDGE('',*,*,#2648,.T.);
#1298=ORIENTED_EDGE('',*,*,#2644,.T.);
#1299=ORIENTED_EDGE('',*,*,#2649,.F.);
#1300=ORIENTED_EDGE('',*,*,#2036,.F.);
#1301=ORIENTED_EDGE('',*,*,#2650,.T.);
#1302=ORIENTED_EDGE('',*,*,#2053,.T.);
#1303=ORIENTED_EDGE('',*,*,#2651,.F.);
#1304=ORIENTED_EDGE('',*,*,#2058,.F.);
#1305=ORIENTED_EDGE('',*,*,#2652,.T.);
#1306=ORIENTED_EDGE('',*,*,#2075,.T.);
#1307=ORIENTED_EDGE('',*,*,#2653,.F.);
#1308=ORIENTED_EDGE('',*,*,#2080,.F.);
#1309=ORIENTED_EDGE('',*,*,#2654,.T.);
#1310=ORIENTED_EDGE('',*,*,#2097,.T.);
#1311=ORIENTED_EDGE('',*,*,#2655,.F.);
#1312=ORIENTED_EDGE('',*,*,#2102,.F.);
#1313=ORIENTED_EDGE('',*,*,#2656,.T.);
#1314=ORIENTED_EDGE('',*,*,#2119,.T.);
#1315=ORIENTED_EDGE('',*,*,#2657,.F.);
#1316=ORIENTED_EDGE('',*,*,#2124,.F.);
#1317=ORIENTED_EDGE('',*,*,#2658,.T.);
#1318=ORIENTED_EDGE('',*,*,#2141,.T.);
#1319=ORIENTED_EDGE('',*,*,#2659,.F.);
#1320=ORIENTED_EDGE('',*,*,#2146,.F.);
#1321=ORIENTED_EDGE('',*,*,#2660,.T.);
#1322=ORIENTED_EDGE('',*,*,#2163,.T.);
#1323=ORIENTED_EDGE('',*,*,#2661,.F.);
#1324=ORIENTED_EDGE('',*,*,#2168,.F.);
#1325=ORIENTED_EDGE('',*,*,#2662,.T.);
#1326=ORIENTED_EDGE('',*,*,#2185,.T.);
#1327=ORIENTED_EDGE('',*,*,#2663,.F.);
#1328=ORIENTED_EDGE('',*,*,#2190,.F.);
#1329=ORIENTED_EDGE('',*,*,#2664,.T.);
#1330=ORIENTED_EDGE('',*,*,#2207,.T.);
#1331=ORIENTED_EDGE('',*,*,#2665,.F.);
#1332=ORIENTED_EDGE('',*,*,#2212,.F.);
#1333=ORIENTED_EDGE('',*,*,#2666,.T.);
#1334=ORIENTED_EDGE('',*,*,#2229,.T.);
#1335=ORIENTED_EDGE('',*,*,#2667,.F.);
#1336=ORIENTED_EDGE('',*,*,#2234,.F.);
#1337=ORIENTED_EDGE('',*,*,#2668,.T.);
#1338=ORIENTED_EDGE('',*,*,#2251,.T.);
#1339=ORIENTED_EDGE('',*,*,#2669,.F.);
#1340=ORIENTED_EDGE('',*,*,#2256,.F.);
#1341=ORIENTED_EDGE('',*,*,#2670,.T.);
#1342=ORIENTED_EDGE('',*,*,#2273,.T.);
#1343=ORIENTED_EDGE('',*,*,#2671,.F.);
#1344=ORIENTED_EDGE('',*,*,#2278,.F.);
#1345=ORIENTED_EDGE('',*,*,#2672,.T.);
#1346=ORIENTED_EDGE('',*,*,#2295,.T.);
#1347=ORIENTED_EDGE('',*,*,#2673,.F.);
#1348=ORIENTED_EDGE('',*,*,#2300,.F.);
#1349=ORIENTED_EDGE('',*,*,#2674,.T.);
#1350=ORIENTED_EDGE('',*,*,#2317,.T.);
#1351=ORIENTED_EDGE('',*,*,#2675,.F.);
#1352=ORIENTED_EDGE('',*,*,#2322,.F.);
#1353=ORIENTED_EDGE('',*,*,#2676,.T.);
#1354=ORIENTED_EDGE('',*,*,#2339,.T.);
#1355=ORIENTED_EDGE('',*,*,#2677,.F.);
#1356=ORIENTED_EDGE('',*,*,#2344,.F.);
#1357=ORIENTED_EDGE('',*,*,#2678,.T.);
#1358=ORIENTED_EDGE('',*,*,#2361,.T.);
#1359=ORIENTED_EDGE('',*,*,#2679,.F.);
#1360=ORIENTED_EDGE('',*,*,#2366,.F.);
#1361=ORIENTED_EDGE('',*,*,#2680,.T.);
#1362=ORIENTED_EDGE('',*,*,#2383,.T.);
#1363=ORIENTED_EDGE('',*,*,#2681,.F.);
#1364=ORIENTED_EDGE('',*,*,#2388,.F.);
#1365=ORIENTED_EDGE('',*,*,#2682,.T.);
#1366=ORIENTED_EDGE('',*,*,#2405,.T.);
#1367=ORIENTED_EDGE('',*,*,#2683,.F.);
#1368=ORIENTED_EDGE('',*,*,#2410,.F.);
#1369=ORIENTED_EDGE('',*,*,#2684,.T.);
#1370=ORIENTED_EDGE('',*,*,#2427,.T.);
#1371=ORIENTED_EDGE('',*,*,#2685,.F.);
#1372=ORIENTED_EDGE('',*,*,#2432,.F.);
#1373=ORIENTED_EDGE('',*,*,#2686,.T.);
#1374=ORIENTED_EDGE('',*,*,#2449,.T.);
#1375=ORIENTED_EDGE('',*,*,#2687,.F.);
#1376=ORIENTED_EDGE('',*,*,#2454,.F.);
#1377=ORIENTED_EDGE('',*,*,#2688,.T.);
#1378=ORIENTED_EDGE('',*,*,#2471,.T.);
#1379=ORIENTED_EDGE('',*,*,#2689,.F.);
#1380=ORIENTED_EDGE('',*,*,#2476,.F.);
#1381=ORIENTED_EDGE('',*,*,#2690,.T.);
#1382=ORIENTED_EDGE('',*,*,#2493,.T.);
#1383=ORIENTED_EDGE('',*,*,#2691,.F.);
#1384=ORIENTED_EDGE('',*,*,#2498,.F.);
#1385=ORIENTED_EDGE('',*,*,#2692,.T.);
#1386=ORIENTED_EDGE('',*,*,#2515,.T.);
#1387=ORIENTED_EDGE('',*,*,#2693,.F.);
#1388=ORIENTED_EDGE('',*,*,#2520,.F.);
#1389=ORIENTED_EDGE('',*,*,#2694,.T.);
#1390=ORIENTED_EDGE('',*,*,#2537,.T.);
#1391=ORIENTED_EDGE('',*,*,#2695,.F.);
#1392=ORIENTED_EDGE('',*,*,#2542,.F.);
#1393=ORIENTED_EDGE('',*,*,#2696,.T.);
#1394=ORIENTED_EDGE('',*,*,#2559,.T.);
#1395=ORIENTED_EDGE('',*,*,#2697,.F.);
#1396=ORIENTED_EDGE('',*,*,#2564,.F.);
#1397=ORIENTED_EDGE('',*,*,#2698,.T.);
#1398=ORIENTED_EDGE('',*,*,#2581,.T.);
#1399=ORIENTED_EDGE('',*,*,#2699,.F.);
#1400=ORIENTED_EDGE('',*,*,#2586,.F.);
#1401=ORIENTED_EDGE('',*,*,#2700,.T.);
#1402=ORIENTED_EDGE('',*,*,#2603,.T.);
#1403=ORIENTED_EDGE('',*,*,#2701,.F.);
#1404=ORIENTED_EDGE('',*,*,#2608,.F.);
#1405=ORIENTED_EDGE('',*,*,#2702,.T.);
#1406=ORIENTED_EDGE('',*,*,#2625,.T.);
#1407=ORIENTED_EDGE('',*,*,#2703,.F.);
#1408=ORIENTED_EDGE('',*,*,#2630,.F.);
#1409=ORIENTED_EDGE('',*,*,#2704,.T.);
#1410=ORIENTED_EDGE('',*,*,#2647,.T.);
#1411=ORIENTED_EDGE('',*,*,#2705,.T.);
#1412=ORIENTED_EDGE('',*,*,#1960,.F.);
#1413=ORIENTED_EDGE('',*,*,#2706,.F.);
#1414=ORIENTED_EDGE('',*,*,#2031,.T.);
#1415=ORIENTED_EDGE('',*,*,#2707,.T.);
#1416=ORIENTED_EDGE('',*,*,#2006,.F.);
#1417=ORIENTED_EDGE('',*,*,#2011,.F.);
#1418=ORIENTED_EDGE('',*,*,#2014,.F.);
#1419=ORIENTED_EDGE('',*,*,#2017,.T.);
#1420=ORIENTED_EDGE('',*,*,#2020,.F.);
#1421=ORIENTED_EDGE('',*,*,#2023,.T.);
#1422=ORIENTED_EDGE('',*,*,#2026,.F.);
#1423=ORIENTED_EDGE('',*,*,#2029,.F.);
#1424=ORIENTED_EDGE('',*,*,#2032,.F.);
#1425=ORIENTED_EDGE('',*,*,#2706,.T.);
#1426=ORIENTED_EDGE('',*,*,#1959,.F.);
#1427=ORIENTED_EDGE('',*,*,#1963,.T.);
#1428=ORIENTED_EDGE('',*,*,#1966,.F.);
#1429=ORIENTED_EDGE('',*,*,#1969,.F.);
#1430=ORIENTED_EDGE('',*,*,#1972,.F.);
#1431=ORIENTED_EDGE('',*,*,#1975,.T.);
#1432=ORIENTED_EDGE('',*,*,#1978,.F.);
#1433=ORIENTED_EDGE('',*,*,#1981,.F.);
#1434=ORIENTED_EDGE('',*,*,#1984,.F.);
#1435=ORIENTED_EDGE('',*,*,#1987,.T.);
#1436=ORIENTED_EDGE('',*,*,#1990,.F.);
#1437=ORIENTED_EDGE('',*,*,#1993,.T.);
#1438=ORIENTED_EDGE('',*,*,#1998,.F.);
#1439=ORIENTED_EDGE('',*,*,#2708,.T.);
#1440=ORIENTED_EDGE('',*,*,#2709,.T.);
#1441=ORIENTED_EDGE('',*,*,#2710,.T.);
#1442=ORIENTED_EDGE('',*,*,#2711,.T.);
#1443=ORIENTED_EDGE('',*,*,#2712,.T.);
#1444=ORIENTED_EDGE('',*,*,#2629,.F.);
#1445=ORIENTED_EDGE('',*,*,#2633,.F.);
#1446=ORIENTED_EDGE('',*,*,#2636,.F.);
#1447=ORIENTED_EDGE('',*,*,#2639,.F.);
#1448=ORIENTED_EDGE('',*,*,#2642,.F.);
#1449=ORIENTED_EDGE('',*,*,#2645,.F.);
#1450=ORIENTED_EDGE('',*,*,#2648,.F.);
#1451=ORIENTED_EDGE('',*,*,#2704,.F.);
#1452=ORIENTED_EDGE('',*,*,#2607,.F.);
#1453=ORIENTED_EDGE('',*,*,#2611,.F.);
#1454=ORIENTED_EDGE('',*,*,#2614,.F.);
#1455=ORIENTED_EDGE('',*,*,#2617,.F.);
#1456=ORIENTED_EDGE('',*,*,#2620,.F.);
#1457=ORIENTED_EDGE('',*,*,#2623,.F.);
#1458=ORIENTED_EDGE('',*,*,#2626,.F.);
#1459=ORIENTED_EDGE('',*,*,#2702,.F.);
#1460=ORIENTED_EDGE('',*,*,#2585,.F.);
#1461=ORIENTED_EDGE('',*,*,#2589,.F.);
#1462=ORIENTED_EDGE('',*,*,#2592,.F.);
#1463=ORIENTED_EDGE('',*,*,#2595,.F.);
#1464=ORIENTED_EDGE('',*,*,#2598,.F.);
#1465=ORIENTED_EDGE('',*,*,#2601,.F.);
#1466=ORIENTED_EDGE('',*,*,#2604,.F.);
#1467=ORIENTED_EDGE('',*,*,#2700,.F.);
#1468=ORIENTED_EDGE('',*,*,#2563,.F.);
#1469=ORIENTED_EDGE('',*,*,#2567,.F.);
#1470=ORIENTED_EDGE('',*,*,#2570,.F.);
#1471=ORIENTED_EDGE('',*,*,#2573,.F.);
#1472=ORIENTED_EDGE('',*,*,#2576,.F.);
#1473=ORIENTED_EDGE('',*,*,#2579,.F.);
#1474=ORIENTED_EDGE('',*,*,#2582,.F.);
#1475=ORIENTED_EDGE('',*,*,#2698,.F.);
#1476=ORIENTED_EDGE('',*,*,#2541,.F.);
#1477=ORIENTED_EDGE('',*,*,#2545,.F.);
#1478=ORIENTED_EDGE('',*,*,#2548,.F.);
#1479=ORIENTED_EDGE('',*,*,#2551,.F.);
#1480=ORIENTED_EDGE('',*,*,#2554,.F.);
#1481=ORIENTED_EDGE('',*,*,#2557,.F.);
#1482=ORIENTED_EDGE('',*,*,#2560,.F.);
#1483=ORIENTED_EDGE('',*,*,#2696,.F.);
#1484=ORIENTED_EDGE('',*,*,#2519,.F.);
#1485=ORIENTED_EDGE('',*,*,#2523,.F.);
#1486=ORIENTED_EDGE('',*,*,#2526,.F.);
#1487=ORIENTED_EDGE('',*,*,#2529,.F.);
#1488=ORIENTED_EDGE('',*,*,#2532,.F.);
#1489=ORIENTED_EDGE('',*,*,#2535,.F.);
#1490=ORIENTED_EDGE('',*,*,#2538,.F.);
#1491=ORIENTED_EDGE('',*,*,#2694,.F.);
#1492=ORIENTED_EDGE('',*,*,#2497,.F.);
#1493=ORIENTED_EDGE('',*,*,#2501,.F.);
#1494=ORIENTED_EDGE('',*,*,#2504,.F.);
#1495=ORIENTED_EDGE('',*,*,#2507,.F.);
#1496=ORIENTED_EDGE('',*,*,#2510,.F.);
#1497=ORIENTED_EDGE('',*,*,#2513,.F.);
#1498=ORIENTED_EDGE('',*,*,#2516,.F.);
#1499=ORIENTED_EDGE('',*,*,#2692,.F.);
#1500=ORIENTED_EDGE('',*,*,#2475,.F.);
#1501=ORIENTED_EDGE('',*,*,#2479,.F.);
#1502=ORIENTED_EDGE('',*,*,#2482,.F.);
#1503=ORIENTED_EDGE('',*,*,#2485,.F.);
#1504=ORIENTED_EDGE('',*,*,#2488,.F.);
#1505=ORIENTED_EDGE('',*,*,#2491,.F.);
#1506=ORIENTED_EDGE('',*,*,#2494,.F.);
#1507=ORIENTED_EDGE('',*,*,#2690,.F.);
#1508=ORIENTED_EDGE('',*,*,#2453,.F.);
#1509=ORIENTED_EDGE('',*,*,#2457,.F.);
#1510=ORIENTED_EDGE('',*,*,#2460,.F.);
#1511=ORIENTED_EDGE('',*,*,#2463,.F.);
#1512=ORIENTED_EDGE('',*,*,#2466,.F.);
#1513=ORIENTED_EDGE('',*,*,#2469,.F.);
#1514=ORIENTED_EDGE('',*,*,#2472,.F.);
#1515=ORIENTED_EDGE('',*,*,#2688,.F.);
#1516=ORIENTED_EDGE('',*,*,#2431,.F.);
#1517=ORIENTED_EDGE('',*,*,#2435,.F.);
#1518=ORIENTED_EDGE('',*,*,#2438,.F.);
#1519=ORIENTED_EDGE('',*,*,#2441,.F.);
#1520=ORIENTED_EDGE('',*,*,#2444,.F.);
#1521=ORIENTED_EDGE('',*,*,#2447,.F.);
#1522=ORIENTED_EDGE('',*,*,#2450,.F.);
#1523=ORIENTED_EDGE('',*,*,#2686,.F.);
#1524=ORIENTED_EDGE('',*,*,#2409,.F.);
#1525=ORIENTED_EDGE('',*,*,#2413,.F.);
#1526=ORIENTED_EDGE('',*,*,#2416,.F.);
#1527=ORIENTED_EDGE('',*,*,#2419,.F.);
#1528=ORIENTED_EDGE('',*,*,#2422,.F.);
#1529=ORIENTED_EDGE('',*,*,#2425,.F.);
#1530=ORIENTED_EDGE('',*,*,#2428,.F.);
#1531=ORIENTED_EDGE('',*,*,#2684,.F.);
#1532=ORIENTED_EDGE('',*,*,#2387,.F.);
#1533=ORIENTED_EDGE('',*,*,#2391,.F.);
#1534=ORIENTED_EDGE('',*,*,#2394,.F.);
#1535=ORIENTED_EDGE('',*,*,#2397,.F.);
#1536=ORIENTED_EDGE('',*,*,#2400,.F.);
#1537=ORIENTED_EDGE('',*,*,#2403,.F.);
#1538=ORIENTED_EDGE('',*,*,#2406,.F.);
#1539=ORIENTED_EDGE('',*,*,#2682,.F.);
#1540=ORIENTED_EDGE('',*,*,#2365,.F.);
#1541=ORIENTED_EDGE('',*,*,#2369,.F.);
#1542=ORIENTED_EDGE('',*,*,#2372,.F.);
#1543=ORIENTED_EDGE('',*,*,#2375,.F.);
#1544=ORIENTED_EDGE('',*,*,#2378,.F.);
#1545=ORIENTED_EDGE('',*,*,#2381,.F.);
#1546=ORIENTED_EDGE('',*,*,#2384,.F.);
#1547=ORIENTED_EDGE('',*,*,#2680,.F.);
#1548=ORIENTED_EDGE('',*,*,#2343,.F.);
#1549=ORIENTED_EDGE('',*,*,#2347,.F.);
#1550=ORIENTED_EDGE('',*,*,#2350,.F.);
#1551=ORIENTED_EDGE('',*,*,#2353,.F.);
#1552=ORIENTED_EDGE('',*,*,#2356,.F.);
#1553=ORIENTED_EDGE('',*,*,#2359,.F.);
#1554=ORIENTED_EDGE('',*,*,#2362,.F.);
#1555=ORIENTED_EDGE('',*,*,#2678,.F.);
#1556=ORIENTED_EDGE('',*,*,#2321,.F.);
#1557=ORIENTED_EDGE('',*,*,#2325,.F.);
#1558=ORIENTED_EDGE('',*,*,#2328,.F.);
#1559=ORIENTED_EDGE('',*,*,#2331,.F.);
#1560=ORIENTED_EDGE('',*,*,#2334,.F.);
#1561=ORIENTED_EDGE('',*,*,#2337,.F.);
#1562=ORIENTED_EDGE('',*,*,#2340,.F.);
#1563=ORIENTED_EDGE('',*,*,#2676,.F.);
#1564=ORIENTED_EDGE('',*,*,#2299,.F.);
#1565=ORIENTED_EDGE('',*,*,#2303,.F.);
#1566=ORIENTED_EDGE('',*,*,#2306,.F.);
#1567=ORIENTED_EDGE('',*,*,#2309,.F.);
#1568=ORIENTED_EDGE('',*,*,#2312,.F.);
#1569=ORIENTED_EDGE('',*,*,#2315,.F.);
#1570=ORIENTED_EDGE('',*,*,#2318,.F.);
#1571=ORIENTED_EDGE('',*,*,#2674,.F.);
#1572=ORIENTED_EDGE('',*,*,#2277,.F.);
#1573=ORIENTED_EDGE('',*,*,#2281,.F.);
#1574=ORIENTED_EDGE('',*,*,#2284,.F.);
#1575=ORIENTED_EDGE('',*,*,#2287,.F.);
#1576=ORIENTED_EDGE('',*,*,#2290,.F.);
#1577=ORIENTED_EDGE('',*,*,#2293,.F.);
#1578=ORIENTED_EDGE('',*,*,#2296,.F.);
#1579=ORIENTED_EDGE('',*,*,#2672,.F.);
#1580=ORIENTED_EDGE('',*,*,#2255,.F.);
#1581=ORIENTED_EDGE('',*,*,#2259,.F.);
#1582=ORIENTED_EDGE('',*,*,#2262,.F.);
#1583=ORIENTED_EDGE('',*,*,#2265,.F.);
#1584=ORIENTED_EDGE('',*,*,#2268,.F.);
#1585=ORIENTED_EDGE('',*,*,#2271,.F.);
#1586=ORIENTED_EDGE('',*,*,#2274,.F.);
#1587=ORIENTED_EDGE('',*,*,#2670,.F.);
#1588=ORIENTED_EDGE('',*,*,#2233,.F.);
#1589=ORIENTED_EDGE('',*,*,#2237,.F.);
#1590=ORIENTED_EDGE('',*,*,#2240,.F.);
#1591=ORIENTED_EDGE('',*,*,#2243,.F.);
#1592=ORIENTED_EDGE('',*,*,#2246,.F.);
#1593=ORIENTED_EDGE('',*,*,#2249,.F.);
#1594=ORIENTED_EDGE('',*,*,#2252,.F.);
#1595=ORIENTED_EDGE('',*,*,#2668,.F.);
#1596=ORIENTED_EDGE('',*,*,#2211,.F.);
#1597=ORIENTED_EDGE('',*,*,#2215,.F.);
#1598=ORIENTED_EDGE('',*,*,#2218,.F.);
#1599=ORIENTED_EDGE('',*,*,#2221,.F.);
#1600=ORIENTED_EDGE('',*,*,#2224,.F.);
#1601=ORIENTED_EDGE('',*,*,#2227,.F.);
#1602=ORIENTED_EDGE('',*,*,#2230,.F.);
#1603=ORIENTED_EDGE('',*,*,#2666,.F.);
#1604=ORIENTED_EDGE('',*,*,#2189,.F.);
#1605=ORIENTED_EDGE('',*,*,#2193,.F.);
#1606=ORIENTED_EDGE('',*,*,#2196,.F.);
#1607=ORIENTED_EDGE('',*,*,#2199,.F.);
#1608=ORIENTED_EDGE('',*,*,#2202,.F.);
#1609=ORIENTED_EDGE('',*,*,#2205,.F.);
#1610=ORIENTED_EDGE('',*,*,#2208,.F.);
#1611=ORIENTED_EDGE('',*,*,#2664,.F.);
#1612=ORIENTED_EDGE('',*,*,#2167,.F.);
#1613=ORIENTED_EDGE('',*,*,#2171,.F.);
#1614=ORIENTED_EDGE('',*,*,#2174,.F.);
#1615=ORIENTED_EDGE('',*,*,#2177,.F.);
#1616=ORIENTED_EDGE('',*,*,#2180,.F.);
#1617=ORIENTED_EDGE('',*,*,#2183,.F.);
#1618=ORIENTED_EDGE('',*,*,#2186,.F.);
#1619=ORIENTED_EDGE('',*,*,#2662,.F.);
#1620=ORIENTED_EDGE('',*,*,#2145,.F.);
#1621=ORIENTED_EDGE('',*,*,#2149,.F.);
#1622=ORIENTED_EDGE('',*,*,#2152,.F.);
#1623=ORIENTED_EDGE('',*,*,#2155,.F.);
#1624=ORIENTED_EDGE('',*,*,#2158,.F.);
#1625=ORIENTED_EDGE('',*,*,#2161,.F.);
#1626=ORIENTED_EDGE('',*,*,#2164,.F.);
#1627=ORIENTED_EDGE('',*,*,#2660,.F.);
#1628=ORIENTED_EDGE('',*,*,#2123,.F.);
#1629=ORIENTED_EDGE('',*,*,#2127,.F.);
#1630=ORIENTED_EDGE('',*,*,#2130,.F.);
#1631=ORIENTED_EDGE('',*,*,#2133,.F.);
#1632=ORIENTED_EDGE('',*,*,#2136,.F.);
#1633=ORIENTED_EDGE('',*,*,#2139,.F.);
#1634=ORIENTED_EDGE('',*,*,#2142,.F.);
#1635=ORIENTED_EDGE('',*,*,#2658,.F.);
#1636=ORIENTED_EDGE('',*,*,#2101,.F.);
#1637=ORIENTED_EDGE('',*,*,#2105,.F.);
#1638=ORIENTED_EDGE('',*,*,#2108,.F.);
#1639=ORIENTED_EDGE('',*,*,#2111,.F.);
#1640=ORIENTED_EDGE('',*,*,#2114,.F.);
#1641=ORIENTED_EDGE('',*,*,#2117,.F.);
#1642=ORIENTED_EDGE('',*,*,#2120,.F.);
#1643=ORIENTED_EDGE('',*,*,#2656,.F.);
#1644=ORIENTED_EDGE('',*,*,#2079,.F.);
#1645=ORIENTED_EDGE('',*,*,#2083,.F.);
#1646=ORIENTED_EDGE('',*,*,#2086,.F.);
#1647=ORIENTED_EDGE('',*,*,#2089,.F.);
#1648=ORIENTED_EDGE('',*,*,#2092,.F.);
#1649=ORIENTED_EDGE('',*,*,#2095,.F.);
#1650=ORIENTED_EDGE('',*,*,#2098,.F.);
#1651=ORIENTED_EDGE('',*,*,#2654,.F.);
#1652=ORIENTED_EDGE('',*,*,#2057,.F.);
#1653=ORIENTED_EDGE('',*,*,#2061,.F.);
#1654=ORIENTED_EDGE('',*,*,#2064,.F.);
#1655=ORIENTED_EDGE('',*,*,#2067,.F.);
#1656=ORIENTED_EDGE('',*,*,#2070,.F.);
#1657=ORIENTED_EDGE('',*,*,#2073,.F.);
#1658=ORIENTED_EDGE('',*,*,#2076,.F.);
#1659=ORIENTED_EDGE('',*,*,#2652,.F.);
#1660=ORIENTED_EDGE('',*,*,#2035,.F.);
#1661=ORIENTED_EDGE('',*,*,#2039,.F.);
#1662=ORIENTED_EDGE('',*,*,#2042,.F.);
#1663=ORIENTED_EDGE('',*,*,#2045,.F.);
#1664=ORIENTED_EDGE('',*,*,#2048,.F.);
#1665=ORIENTED_EDGE('',*,*,#2051,.F.);
#1666=ORIENTED_EDGE('',*,*,#2054,.F.);
#1667=ORIENTED_EDGE('',*,*,#2650,.F.);
#1668=ORIENTED_EDGE('',*,*,#2713,.T.);
#1669=ORIENTED_EDGE('',*,*,#2714,.T.);
#1670=ORIENTED_EDGE('',*,*,#2715,.T.);
#1671=ORIENTED_EDGE('',*,*,#2716,.T.);
#1672=ORIENTED_EDGE('',*,*,#2717,.T.);
#1673=ORIENTED_EDGE('',*,*,#2627,.T.);
#1674=ORIENTED_EDGE('',*,*,#2703,.T.);
#1675=ORIENTED_EDGE('',*,*,#2646,.T.);
#1676=ORIENTED_EDGE('',*,*,#2643,.T.);
#1677=ORIENTED_EDGE('',*,*,#2640,.T.);
#1678=ORIENTED_EDGE('',*,*,#2637,.T.);
#1679=ORIENTED_EDGE('',*,*,#2634,.T.);
#1680=ORIENTED_EDGE('',*,*,#2631,.T.);
#1681=ORIENTED_EDGE('',*,*,#2605,.T.);
#1682=ORIENTED_EDGE('',*,*,#2701,.T.);
#1683=ORIENTED_EDGE('',*,*,#2624,.T.);
#1684=ORIENTED_EDGE('',*,*,#2621,.T.);
#1685=ORIENTED_EDGE('',*,*,#2618,.T.);
#1686=ORIENTED_EDGE('',*,*,#2615,.T.);
#1687=ORIENTED_EDGE('',*,*,#2612,.T.);
#1688=ORIENTED_EDGE('',*,*,#2609,.T.);
#1689=ORIENTED_EDGE('',*,*,#2583,.T.);
#1690=ORIENTED_EDGE('',*,*,#2699,.T.);
#1691=ORIENTED_EDGE('',*,*,#2602,.T.);
#1692=ORIENTED_EDGE('',*,*,#2599,.T.);
#1693=ORIENTED_EDGE('',*,*,#2596,.T.);
#1694=ORIENTED_EDGE('',*,*,#2593,.T.);
#1695=ORIENTED_EDGE('',*,*,#2590,.T.);
#1696=ORIENTED_EDGE('',*,*,#2587,.T.);
#1697=ORIENTED_EDGE('',*,*,#2561,.T.);
#1698=ORIENTED_EDGE('',*,*,#2697,.T.);
#1699=ORIENTED_EDGE('',*,*,#2580,.T.);
#1700=ORIENTED_EDGE('',*,*,#2577,.T.);
#1701=ORIENTED_EDGE('',*,*,#2574,.T.);
#1702=ORIENTED_EDGE('',*,*,#2571,.T.);
#1703=ORIENTED_EDGE('',*,*,#2568,.T.);
#1704=ORIENTED_EDGE('',*,*,#2565,.T.);
#1705=ORIENTED_EDGE('',*,*,#2539,.T.);
#1706=ORIENTED_EDGE('',*,*,#2695,.T.);
#1707=ORIENTED_EDGE('',*,*,#2558,.T.);
#1708=ORIENTED_EDGE('',*,*,#2555,.T.);
#1709=ORIENTED_EDGE('',*,*,#2552,.T.);
#1710=ORIENTED_EDGE('',*,*,#2549,.T.);
#1711=ORIENTED_EDGE('',*,*,#2546,.T.);
#1712=ORIENTED_EDGE('',*,*,#2543,.T.);
#1713=ORIENTED_EDGE('',*,*,#2517,.T.);
#1714=ORIENTED_EDGE('',*,*,#2693,.T.);
#1715=ORIENTED_EDGE('',*,*,#2536,.T.);
#1716=ORIENTED_EDGE('',*,*,#2533,.T.);
#1717=ORIENTED_EDGE('',*,*,#2530,.T.);
#1718=ORIENTED_EDGE('',*,*,#2527,.T.);
#1719=ORIENTED_EDGE('',*,*,#2524,.T.);
#1720=ORIENTED_EDGE('',*,*,#2521,.T.);
#1721=ORIENTED_EDGE('',*,*,#2495,.T.);
#1722=ORIENTED_EDGE('',*,*,#2691,.T.);
#1723=ORIENTED_EDGE('',*,*,#2514,.T.);
#1724=ORIENTED_EDGE('',*,*,#2511,.T.);
#1725=ORIENTED_EDGE('',*,*,#2508,.T.);
#1726=ORIENTED_EDGE('',*,*,#2505,.T.);
#1727=ORIENTED_EDGE('',*,*,#2502,.T.);
#1728=ORIENTED_EDGE('',*,*,#2499,.T.);
#1729=ORIENTED_EDGE('',*,*,#2473,.T.);
#1730=ORIENTED_EDGE('',*,*,#2689,.T.);
#1731=ORIENTED_EDGE('',*,*,#2492,.T.);
#1732=ORIENTED_EDGE('',*,*,#2489,.T.);
#1733=ORIENTED_EDGE('',*,*,#2486,.T.);
#1734=ORIENTED_EDGE('',*,*,#2483,.T.);
#1735=ORIENTED_EDGE('',*,*,#2480,.T.);
#1736=ORIENTED_EDGE('',*,*,#2477,.T.);
#1737=ORIENTED_EDGE('',*,*,#2451,.T.);
#1738=ORIENTED_EDGE('',*,*,#2687,.T.);
#1739=ORIENTED_EDGE('',*,*,#2470,.T.);
#1740=ORIENTED_EDGE('',*,*,#2467,.T.);
#1741=ORIENTED_EDGE('',*,*,#2464,.T.);
#1742=ORIENTED_EDGE('',*,*,#2461,.T.);
#1743=ORIENTED_EDGE('',*,*,#2458,.T.);
#1744=ORIENTED_EDGE('',*,*,#2455,.T.);
#1745=ORIENTED_EDGE('',*,*,#2429,.T.);
#1746=ORIENTED_EDGE('',*,*,#2685,.T.);
#1747=ORIENTED_EDGE('',*,*,#2448,.T.);
#1748=ORIENTED_EDGE('',*,*,#2445,.T.);
#1749=ORIENTED_EDGE('',*,*,#2442,.T.);
#1750=ORIENTED_EDGE('',*,*,#2439,.T.);
#1751=ORIENTED_EDGE('',*,*,#2436,.T.);
#1752=ORIENTED_EDGE('',*,*,#2433,.T.);
#1753=ORIENTED_EDGE('',*,*,#2407,.T.);
#1754=ORIENTED_EDGE('',*,*,#2683,.T.);
#1755=ORIENTED_EDGE('',*,*,#2426,.T.);
#1756=ORIENTED_EDGE('',*,*,#2423,.T.);
#1757=ORIENTED_EDGE('',*,*,#2420,.T.);
#1758=ORIENTED_EDGE('',*,*,#2417,.T.);
#1759=ORIENTED_EDGE('',*,*,#2414,.T.);
#1760=ORIENTED_EDGE('',*,*,#2411,.T.);
#1761=ORIENTED_EDGE('',*,*,#2385,.T.);
#1762=ORIENTED_EDGE('',*,*,#2681,.T.);
#1763=ORIENTED_EDGE('',*,*,#2404,.T.);
#1764=ORIENTED_EDGE('',*,*,#2401,.T.);
#1765=ORIENTED_EDGE('',*,*,#2398,.T.);
#1766=ORIENTED_EDGE('',*,*,#2395,.T.);
#1767=ORIENTED_EDGE('',*,*,#2392,.T.);
#1768=ORIENTED_EDGE('',*,*,#2389,.T.);
#1769=ORIENTED_EDGE('',*,*,#2363,.T.);
#1770=ORIENTED_EDGE('',*,*,#2679,.T.);
#1771=ORIENTED_EDGE('',*,*,#2382,.T.);
#1772=ORIENTED_EDGE('',*,*,#2379,.T.);
#1773=ORIENTED_EDGE('',*,*,#2376,.T.);
#1774=ORIENTED_EDGE('',*,*,#2373,.T.);
#1775=ORIENTED_EDGE('',*,*,#2370,.T.);
#1776=ORIENTED_EDGE('',*,*,#2367,.T.);
#1777=ORIENTED_EDGE('',*,*,#2341,.T.);
#1778=ORIENTED_EDGE('',*,*,#2677,.T.);
#1779=ORIENTED_EDGE('',*,*,#2360,.T.);
#1780=ORIENTED_EDGE('',*,*,#2357,.T.);
#1781=ORIENTED_EDGE('',*,*,#2354,.T.);
#1782=ORIENTED_EDGE('',*,*,#2351,.T.);
#1783=ORIENTED_EDGE('',*,*,#2348,.T.);
#1784=ORIENTED_EDGE('',*,*,#2345,.T.);
#1785=ORIENTED_EDGE('',*,*,#2319,.T.);
#1786=ORIENTED_EDGE('',*,*,#2675,.T.);
#1787=ORIENTED_EDGE('',*,*,#2338,.T.);
#1788=ORIENTED_EDGE('',*,*,#2335,.T.);
#1789=ORIENTED_EDGE('',*,*,#2332,.T.);
#1790=ORIENTED_EDGE('',*,*,#2329,.T.);
#1791=ORIENTED_EDGE('',*,*,#2326,.T.);
#1792=ORIENTED_EDGE('',*,*,#2323,.T.);
#1793=ORIENTED_EDGE('',*,*,#2297,.T.);
#1794=ORIENTED_EDGE('',*,*,#2673,.T.);
#1795=ORIENTED_EDGE('',*,*,#2316,.T.);
#1796=ORIENTED_EDGE('',*,*,#2313,.T.);
#1797=ORIENTED_EDGE('',*,*,#2310,.T.);
#1798=ORIENTED_EDGE('',*,*,#2307,.T.);
#1799=ORIENTED_EDGE('',*,*,#2304,.T.);
#1800=ORIENTED_EDGE('',*,*,#2301,.T.);
#1801=ORIENTED_EDGE('',*,*,#2275,.T.);
#1802=ORIENTED_EDGE('',*,*,#2671,.T.);
#1803=ORIENTED_EDGE('',*,*,#2294,.T.);
#1804=ORIENTED_EDGE('',*,*,#2291,.T.);
#1805=ORIENTED_EDGE('',*,*,#2288,.T.);
#1806=ORIENTED_EDGE('',*,*,#2285,.T.);
#1807=ORIENTED_EDGE('',*,*,#2282,.T.);
#1808=ORIENTED_EDGE('',*,*,#2279,.T.);
#1809=ORIENTED_EDGE('',*,*,#2253,.T.);
#1810=ORIENTED_EDGE('',*,*,#2669,.T.);
#1811=ORIENTED_EDGE('',*,*,#2272,.T.);
#1812=ORIENTED_EDGE('',*,*,#2269,.T.);
#1813=ORIENTED_EDGE('',*,*,#2266,.T.);
#1814=ORIENTED_EDGE('',*,*,#2263,.T.);
#1815=ORIENTED_EDGE('',*,*,#2260,.T.);
#1816=ORIENTED_EDGE('',*,*,#2257,.T.);
#1817=ORIENTED_EDGE('',*,*,#2231,.T.);
#1818=ORIENTED_EDGE('',*,*,#2667,.T.);
#1819=ORIENTED_EDGE('',*,*,#2250,.T.);
#1820=ORIENTED_EDGE('',*,*,#2247,.T.);
#1821=ORIENTED_EDGE('',*,*,#2244,.T.);
#1822=ORIENTED_EDGE('',*,*,#2241,.T.);
#1823=ORIENTED_EDGE('',*,*,#2238,.T.);
#1824=ORIENTED_EDGE('',*,*,#2235,.T.);
#1825=ORIENTED_EDGE('',*,*,#2209,.T.);
#1826=ORIENTED_EDGE('',*,*,#2665,.T.);
#1827=ORIENTED_EDGE('',*,*,#2228,.T.);
#1828=ORIENTED_EDGE('',*,*,#2225,.T.);
#1829=ORIENTED_EDGE('',*,*,#2222,.T.);
#1830=ORIENTED_EDGE('',*,*,#2219,.T.);
#1831=ORIENTED_EDGE('',*,*,#2216,.T.);
#1832=ORIENTED_EDGE('',*,*,#2213,.T.);
#1833=ORIENTED_EDGE('',*,*,#2187,.T.);
#1834=ORIENTED_EDGE('',*,*,#2663,.T.);
#1835=ORIENTED_EDGE('',*,*,#2206,.T.);
#1836=ORIENTED_EDGE('',*,*,#2203,.T.);
#1837=ORIENTED_EDGE('',*,*,#2200,.T.);
#1838=ORIENTED_EDGE('',*,*,#2197,.T.);
#1839=ORIENTED_EDGE('',*,*,#2194,.T.);
#1840=ORIENTED_EDGE('',*,*,#2191,.T.);
#1841=ORIENTED_EDGE('',*,*,#2165,.T.);
#1842=ORIENTED_EDGE('',*,*,#2661,.T.);
#1843=ORIENTED_EDGE('',*,*,#2184,.T.);
#1844=ORIENTED_EDGE('',*,*,#2181,.T.);
#1845=ORIENTED_EDGE('',*,*,#2178,.T.);
#1846=ORIENTED_EDGE('',*,*,#2175,.T.);
#1847=ORIENTED_EDGE('',*,*,#2172,.T.);
#1848=ORIENTED_EDGE('',*,*,#2169,.T.);
#1849=ORIENTED_EDGE('',*,*,#2143,.T.);
#1850=ORIENTED_EDGE('',*,*,#2659,.T.);
#1851=ORIENTED_EDGE('',*,*,#2162,.T.);
#1852=ORIENTED_EDGE('',*,*,#2159,.T.);
#1853=ORIENTED_EDGE('',*,*,#2156,.T.);
#1854=ORIENTED_EDGE('',*,*,#2153,.T.);
#1855=ORIENTED_EDGE('',*,*,#2150,.T.);
#1856=ORIENTED_EDGE('',*,*,#2147,.T.);
#1857=ORIENTED_EDGE('',*,*,#2121,.T.);
#1858=ORIENTED_EDGE('',*,*,#2657,.T.);
#1859=ORIENTED_EDGE('',*,*,#2140,.T.);
#1860=ORIENTED_EDGE('',*,*,#2137,.T.);
#1861=ORIENTED_EDGE('',*,*,#2134,.T.);
#1862=ORIENTED_EDGE('',*,*,#2131,.T.);
#1863=ORIENTED_EDGE('',*,*,#2128,.T.);
#1864=ORIENTED_EDGE('',*,*,#2125,.T.);
#1865=ORIENTED_EDGE('',*,*,#2099,.T.);
#1866=ORIENTED_EDGE('',*,*,#2655,.T.);
#1867=ORIENTED_EDGE('',*,*,#2118,.T.);
#1868=ORIENTED_EDGE('',*,*,#2115,.T.);
#1869=ORIENTED_EDGE('',*,*,#2112,.T.);
#1870=ORIENTED_EDGE('',*,*,#2109,.T.);
#1871=ORIENTED_EDGE('',*,*,#2106,.T.);
#1872=ORIENTED_EDGE('',*,*,#2103,.T.);
#1873=ORIENTED_EDGE('',*,*,#2077,.T.);
#1874=ORIENTED_EDGE('',*,*,#2653,.T.);
#1875=ORIENTED_EDGE('',*,*,#2096,.T.);
#1876=ORIENTED_EDGE('',*,*,#2093,.T.);
#1877=ORIENTED_EDGE('',*,*,#2090,.T.);
#1878=ORIENTED_EDGE('',*,*,#2087,.T.);
#1879=ORIENTED_EDGE('',*,*,#2084,.T.);
#1880=ORIENTED_EDGE('',*,*,#2081,.T.);
#1881=ORIENTED_EDGE('',*,*,#2055,.T.);
#1882=ORIENTED_EDGE('',*,*,#2651,.T.);
#1883=ORIENTED_EDGE('',*,*,#2074,.T.);
#1884=ORIENTED_EDGE('',*,*,#2071,.T.);
#1885=ORIENTED_EDGE('',*,*,#2068,.T.);
#1886=ORIENTED_EDGE('',*,*,#2065,.T.);
#1887=ORIENTED_EDGE('',*,*,#2062,.T.);
#1888=ORIENTED_EDGE('',*,*,#2059,.T.);
#1889=ORIENTED_EDGE('',*,*,#2033,.T.);
#1890=ORIENTED_EDGE('',*,*,#2649,.T.);
#1891=ORIENTED_EDGE('',*,*,#2052,.T.);
#1892=ORIENTED_EDGE('',*,*,#2049,.T.);
#1893=ORIENTED_EDGE('',*,*,#2046,.T.);
#1894=ORIENTED_EDGE('',*,*,#2043,.T.);
#1895=ORIENTED_EDGE('',*,*,#2040,.T.);
#1896=ORIENTED_EDGE('',*,*,#2037,.T.);
#1897=ORIENTED_EDGE('',*,*,#1957,.T.);
#1898=ORIENTED_EDGE('',*,*,#2705,.F.);
#1899=ORIENTED_EDGE('',*,*,#2030,.T.);
#1900=ORIENTED_EDGE('',*,*,#2027,.T.);
#1901=ORIENTED_EDGE('',*,*,#2024,.T.);
#1902=ORIENTED_EDGE('',*,*,#2021,.F.);
#1903=ORIENTED_EDGE('',*,*,#2018,.T.);
#1904=ORIENTED_EDGE('',*,*,#2015,.F.);
#1905=ORIENTED_EDGE('',*,*,#2012,.T.);
#1906=ORIENTED_EDGE('',*,*,#2009,.T.);
#1907=ORIENTED_EDGE('',*,*,#2004,.T.);
#1908=ORIENTED_EDGE('',*,*,#2003,.F.);
#1909=ORIENTED_EDGE('',*,*,#1956,.T.);
#1910=ORIENTED_EDGE('',*,*,#2000,.F.);
#1911=ORIENTED_EDGE('',*,*,#1994,.T.);
#1912=ORIENTED_EDGE('',*,*,#1991,.F.);
#1913=ORIENTED_EDGE('',*,*,#1988,.T.);
#1914=ORIENTED_EDGE('',*,*,#1985,.F.);
#1915=ORIENTED_EDGE('',*,*,#1982,.T.);
#1916=ORIENTED_EDGE('',*,*,#1979,.T.);
#1917=ORIENTED_EDGE('',*,*,#1976,.T.);
#1918=ORIENTED_EDGE('',*,*,#1973,.F.);
#1919=ORIENTED_EDGE('',*,*,#1970,.T.);
#1920=ORIENTED_EDGE('',*,*,#1967,.T.);
#1921=ORIENTED_EDGE('',*,*,#1964,.T.);
#1922=ORIENTED_EDGE('',*,*,#1961,.F.);
#1923=ORIENTED_EDGE('',*,*,#2718,.T.);
#1924=ORIENTED_EDGE('',*,*,#2717,.F.);
#1925=ORIENTED_EDGE('',*,*,#2719,.T.);
#1926=ORIENTED_EDGE('',*,*,#2716,.F.);
#1927=ORIENTED_EDGE('',*,*,#2720,.T.);
#1928=ORIENTED_EDGE('',*,*,#2715,.F.);
#1929=ORIENTED_EDGE('',*,*,#2721,.T.);
#1930=ORIENTED_EDGE('',*,*,#2714,.F.);
#1931=ORIENTED_EDGE('',*,*,#2722,.T.);
#1932=ORIENTED_EDGE('',*,*,#2713,.F.);
#1933=ORIENTED_EDGE('',*,*,#2708,.F.);
#1934=ORIENTED_EDGE('',*,*,#2722,.F.);
#1935=ORIENTED_EDGE('',*,*,#2709,.F.);
#1936=ORIENTED_EDGE('',*,*,#2721,.F.);
#1937=ORIENTED_EDGE('',*,*,#2710,.F.);
#1938=ORIENTED_EDGE('',*,*,#2720,.F.);
#1939=ORIENTED_EDGE('',*,*,#2711,.F.);
#1940=ORIENTED_EDGE('',*,*,#2719,.F.);
#1941=ORIENTED_EDGE('',*,*,#2712,.F.);
#1942=ORIENTED_EDGE('',*,*,#2718,.F.);
#1943=ORIENTED_EDGE('',*,*,#1954,.F.);
#1944=ORIENTED_EDGE('',*,*,#2002,.F.);
#1945=ORIENTED_EDGE('',*,*,#2008,.T.);
#1946=ORIENTED_EDGE('',*,*,#2723,.F.);
#1947=ORIENTED_EDGE('',*,*,#1996,.F.);
#1948=ORIENTED_EDGE('',*,*,#1999,.F.);
#1949=ORIENTED_EDGE('',*,*,#2707,.F.);
#1950=ORIENTED_EDGE('',*,*,#1997,.F.);
#1951=ORIENTED_EDGE('',*,*,#2723,.T.);
#1952=ORIENTED_EDGE('',*,*,#2007,.T.);
#1953=EDGE_CURVE('',#2724,#2725,#3243,.T.);
#1954=EDGE_CURVE('',#2724,#2726,#146,.T.);
#1955=EDGE_CURVE('',#2726,#2727,#3244,.T.);
#1956=EDGE_CURVE('',#2725,#2727,#147,.T.);
#1957=EDGE_CURVE('',#2728,#2729,#3245,.T.);
#1958=EDGE_CURVE('',#2730,#2728,#3246,.T.);
#1959=EDGE_CURVE('',#2730,#2731,#3247,.T.);
#1960=EDGE_CURVE('',#2731,#2729,#3248,.T.);
#1961=EDGE_CURVE('',#2728,#2732,#148,.T.);
#1962=EDGE_CURVE('',#2733,#2732,#3249,.T.);
#1963=EDGE_CURVE('',#2730,#2733,#149,.T.);
#1964=EDGE_CURVE('',#2734,#2732,#3250,.T.);
#1965=EDGE_CURVE('',#2735,#2734,#3251,.T.);
#1966=EDGE_CURVE('',#2735,#2733,#3252,.T.);
#1967=EDGE_CURVE('',#2736,#2734,#150,.T.);
#1968=EDGE_CURVE('',#2737,#2736,#3253,.T.);
#1969=EDGE_CURVE('',#2737,#2735,#151,.T.);
#1970=EDGE_CURVE('',#2738,#2736,#3254,.T.);
#1971=EDGE_CURVE('',#2739,#2738,#3255,.T.);
#1972=EDGE_CURVE('',#2739,#2737,#3256,.T.);
#1973=EDGE_CURVE('',#2738,#2740,#152,.T.);
#1974=EDGE_CURVE('',#2741,#2740,#3257,.T.);
#1975=EDGE_CURVE('',#2739,#2741,#153,.T.);
#1976=EDGE_CURVE('',#2742,#2740,#3258,.T.);
#1977=EDGE_CURVE('',#2743,#2742,#3259,.T.);
#1978=EDGE_CURVE('',#2743,#2741,#3260,.T.);
#1979=EDGE_CURVE('',#2744,#2742,#154,.T.);
#1980=EDGE_CURVE('',#2745,#2744,#3261,.T.);
#1981=EDGE_CURVE('',#2745,#2743,#155,.T.);
#1982=EDGE_CURVE('',#2746,#2744,#3262,.T.);
#1983=EDGE_CURVE('',#2747,#2746,#3263,.T.);
#1984=EDGE_CURVE('',#2747,#2745,#3264,.T.);
#1985=EDGE_CURVE('',#2746,#2748,#156,.T.);
#1986=EDGE_CURVE('',#2749,#2748,#3265,.T.);
#1987=EDGE_CURVE('',#2747,#2749,#157,.T.);
#1988=EDGE_CURVE('',#2750,#2748,#3266,.T.);
#1989=EDGE_CURVE('',#2751,#2750,#3267,.T.);
#1990=EDGE_CURVE('',#2751,#2749,#3268,.T.);
#1991=EDGE_CURVE('',#2750,#2752,#158,.T.);
#1992=EDGE_CURVE('',#2753,#2752,#3269,.T.);
#1993=EDGE_CURVE('',#2751,#2753,#159,.T.);
#1994=EDGE_CURVE('',#2754,#2752,#3270,.T.);
#1995=EDGE_CURVE('',#2755,#2754,#3271,.T.);
#1996=EDGE_CURVE('',#2755,#2756,#3272,.T.);
#1997=EDGE_CURVE('',#2756,#2757,#3273,.T.);
#1998=EDGE_CURVE('',#2757,#2753,#3274,.T.);
#1999=EDGE_CURVE('',#2726,#2755,#3275,.T.);
#2000=EDGE_CURVE('',#2754,#2727,#3276,.T.);
#2001=EDGE_CURVE('',#2758,#2759,#3277,.T.);
#2002=EDGE_CURVE('',#2758,#2724,#3278,.T.);
#2003=EDGE_CURVE('',#2725,#2759,#3279,.T.);
#2004=EDGE_CURVE('',#2760,#2759,#3280,.T.);
#2005=EDGE_CURVE('',#2761,#2760,#3281,.T.);
#2006=EDGE_CURVE('',#2761,#2762,#3282,.T.);
#2007=EDGE_CURVE('',#2763,#2762,#3283,.T.);
#2008=EDGE_CURVE('',#2758,#2763,#3284,.T.);
#2009=EDGE_CURVE('',#2764,#2760,#160,.T.);
#2010=EDGE_CURVE('',#2765,#2764,#3285,.T.);
#2011=EDGE_CURVE('',#2765,#2761,#161,.T.);
#2012=EDGE_CURVE('',#2766,#2764,#3286,.T.);
#2013=EDGE_CURVE('',#2767,#2766,#3287,.T.);
#2014=EDGE_CURVE('',#2767,#2765,#3288,.T.);
#2015=EDGE_CURVE('',#2766,#2768,#162,.T.);
#2016=EDGE_CURVE('',#2769,#2768,#3289,.T.);
#2017=EDGE_CURVE('',#2767,#2769,#163,.T.);
#2018=EDGE_CURVE('',#2770,#2768,#3290,.T.);
#2019=EDGE_CURVE('',#2771,#2770,#3291,.T.);
#2020=EDGE_CURVE('',#2771,#2769,#3292,.T.);
#2021=EDGE_CURVE('',#2770,#2772,#164,.T.);
#2022=EDGE_CURVE('',#2773,#2772,#3293,.T.);
#2023=EDGE_CURVE('',#2771,#2773,#165,.T.);
#2024=EDGE_CURVE('',#2774,#2772,#3294,.T.);
#2025=EDGE_CURVE('',#2775,#2774,#3295,.T.);
#2026=EDGE_CURVE('',#2775,#2773,#3296,.T.);
#2027=EDGE_CURVE('',#2776,#2774,#166,.T.);
#2028=EDGE_CURVE('',#2777,#2776,#3297,.T.);
#2029=EDGE_CURVE('',#2777,#2775,#167,.T.);
#2030=EDGE_CURVE('',#2778,#2776,#3298,.T.);
#2031=EDGE_CURVE('',#2779,#2778,#3299,.T.);
#2032=EDGE_CURVE('',#2779,#2777,#3300,.T.);
#2033=EDGE_CURVE('',#2780,#2781,#168,.T.);
#2034=EDGE_CURVE('',#2782,#2780,#3301,.T.);
#2035=EDGE_CURVE('',#2782,#2783,#169,.T.);
#2036=EDGE_CURVE('',#2783,#2781,#3302,.T.);
#2037=EDGE_CURVE('',#2784,#2780,#3303,.T.);
#2038=EDGE_CURVE('',#2785,#2784,#3304,.T.);
#2039=EDGE_CURVE('',#2785,#2782,#3305,.T.);
#2040=EDGE_CURVE('',#2786,#2784,#170,.T.);
#2041=EDGE_CURVE('',#2787,#2786,#3306,.T.);
#2042=EDGE_CURVE('',#2787,#2785,#171,.T.);
#2043=EDGE_CURVE('',#2788,#2786,#3307,.T.);
#2044=EDGE_CURVE('',#2789,#2788,#3308,.T.);
#2045=EDGE_CURVE('',#2789,#2787,#3309,.T.);
#2046=EDGE_CURVE('',#2790,#2788,#172,.T.);
#2047=EDGE_CURVE('',#2791,#2790,#3310,.T.);
#2048=EDGE_CURVE('',#2791,#2789,#173,.T.);
#2049=EDGE_CURVE('',#2792,#2790,#3311,.T.);
#2050=EDGE_CURVE('',#2793,#2792,#3312,.T.);
#2051=EDGE_CURVE('',#2793,#2791,#3313,.T.);
#2052=EDGE_CURVE('',#2794,#2792,#174,.T.);
#2053=EDGE_CURVE('',#2795,#2794,#3314,.T.);
#2054=EDGE_CURVE('',#2795,#2793,#175,.T.);
#2055=EDGE_CURVE('',#2796,#2797,#176,.T.);
#2056=EDGE_CURVE('',#2798,#2796,#3315,.T.);
#2057=EDGE_CURVE('',#2798,#2799,#177,.T.);
#2058=EDGE_CURVE('',#2799,#2797,#3316,.T.);
#2059=EDGE_CURVE('',#2800,#2796,#3317,.T.);
#2060=EDGE_CURVE('',#2801,#2800,#3318,.T.);
#2061=EDGE_CURVE('',#2801,#2798,#3319,.T.);
#2062=EDGE_CURVE('',#2802,#2800,#178,.T.);
#2063=EDGE_CURVE('',#2803,#2802,#3320,.T.);
#2064=EDGE_CURVE('',#2803,#2801,#179,.T.);
#2065=EDGE_CURVE('',#2804,#2802,#3321,.T.);
#2066=EDGE_CURVE('',#2805,#2804,#3322,.T.);
#2067=EDGE_CURVE('',#2805,#2803,#3323,.T.);
#2068=EDGE_CURVE('',#2806,#2804,#180,.T.);
#2069=EDGE_CURVE('',#2807,#2806,#3324,.T.);
#2070=EDGE_CURVE('',#2807,#2805,#181,.T.);
#2071=EDGE_CURVE('',#2808,#2806,#3325,.T.);
#2072=EDGE_CURVE('',#2809,#2808,#3326,.T.);
#2073=EDGE_CURVE('',#2809,#2807,#3327,.T.);
#2074=EDGE_CURVE('',#2810,#2808,#182,.T.);
#2075=EDGE_CURVE('',#2811,#2810,#3328,.T.);
#2076=EDGE_CURVE('',#2811,#2809,#183,.T.);
#2077=EDGE_CURVE('',#2812,#2813,#184,.T.);
#2078=EDGE_CURVE('',#2814,#2812,#3329,.T.);
#2079=EDGE_CURVE('',#2814,#2815,#185,.T.);
#2080=EDGE_CURVE('',#2815,#2813,#3330,.T.);
#2081=EDGE_CURVE('',#2816,#2812,#3331,.T.);
#2082=EDGE_CURVE('',#2817,#2816,#3332,.T.);
#2083=EDGE_CURVE('',#2817,#2814,#3333,.T.);
#2084=EDGE_CURVE('',#2818,#2816,#186,.T.);
#2085=EDGE_CURVE('',#2819,#2818,#3334,.T.);
#2086=EDGE_CURVE('',#2819,#2817,#187,.T.);
#2087=EDGE_CURVE('',#2820,#2818,#3335,.T.);
#2088=EDGE_CURVE('',#2821,#2820,#3336,.T.);
#2089=EDGE_CURVE('',#2821,#2819,#3337,.T.);
#2090=EDGE_CURVE('',#2822,#2820,#188,.T.);
#2091=EDGE_CURVE('',#2823,#2822,#3338,.T.);
#2092=EDGE_CURVE('',#2823,#2821,#189,.T.);
#2093=EDGE_CURVE('',#2824,#2822,#3339,.T.);
#2094=EDGE_CURVE('',#2825,#2824,#3340,.T.);
#2095=EDGE_CURVE('',#2825,#2823,#3341,.T.);
#2096=EDGE_CURVE('',#2826,#2824,#190,.T.);
#2097=EDGE_CURVE('',#2827,#2826,#3342,.T.);
#2098=EDGE_CURVE('',#2827,#2825,#191,.T.);
#2099=EDGE_CURVE('',#2828,#2829,#192,.T.);
#2100=EDGE_CURVE('',#2830,#2828,#3343,.T.);
#2101=EDGE_CURVE('',#2830,#2831,#193,.T.);
#2102=EDGE_CURVE('',#2831,#2829,#3344,.T.);
#2103=EDGE_CURVE('',#2832,#2828,#3345,.T.);
#2104=EDGE_CURVE('',#2833,#2832,#3346,.T.);
#2105=EDGE_CURVE('',#2833,#2830,#3347,.T.);
#2106=EDGE_CURVE('',#2834,#2832,#194,.T.);
#2107=EDGE_CURVE('',#2835,#2834,#3348,.T.);
#2108=EDGE_CURVE('',#2835,#2833,#195,.T.);
#2109=EDGE_CURVE('',#2836,#2834,#3349,.T.);
#2110=EDGE_CURVE('',#2837,#2836,#3350,.T.);
#2111=EDGE_CURVE('',#2837,#2835,#3351,.T.);
#2112=EDGE_CURVE('',#2838,#2836,#196,.T.);
#2113=EDGE_CURVE('',#2839,#2838,#3352,.T.);
#2114=EDGE_CURVE('',#2839,#2837,#197,.T.);
#2115=EDGE_CURVE('',#2840,#2838,#3353,.T.);
#2116=EDGE_CURVE('',#2841,#2840,#3354,.T.);
#2117=EDGE_CURVE('',#2841,#2839,#3355,.T.);
#2118=EDGE_CURVE('',#2842,#2840,#198,.T.);
#2119=EDGE_CURVE('',#2843,#2842,#3356,.T.);
#2120=EDGE_CURVE('',#2843,#2841,#199,.T.);
#2121=EDGE_CURVE('',#2844,#2845,#200,.T.);
#2122=EDGE_CURVE('',#2846,#2844,#3357,.T.);
#2123=EDGE_CURVE('',#2846,#2847,#201,.T.);
#2124=EDGE_CURVE('',#2847,#2845,#3358,.T.);
#2125=EDGE_CURVE('',#2848,#2844,#3359,.T.);
#2126=EDGE_CURVE('',#2849,#2848,#3360,.T.);
#2127=EDGE_CURVE('',#2849,#2846,#3361,.T.);
#2128=EDGE_CURVE('',#2850,#2848,#202,.T.);
#2129=EDGE_CURVE('',#2851,#2850,#3362,.T.);
#2130=EDGE_CURVE('',#2851,#2849,#203,.T.);
#2131=EDGE_CURVE('',#2852,#2850,#3363,.T.);
#2132=EDGE_CURVE('',#2853,#2852,#3364,.T.);
#2133=EDGE_CURVE('',#2853,#2851,#3365,.T.);
#2134=EDGE_CURVE('',#2854,#2852,#204,.T.);
#2135=EDGE_CURVE('',#2855,#2854,#3366,.T.);
#2136=EDGE_CURVE('',#2855,#2853,#205,.T.);
#2137=EDGE_CURVE('',#2856,#2854,#3367,.T.);
#2138=EDGE_CURVE('',#2857,#2856,#3368,.T.);
#2139=EDGE_CURVE('',#2857,#2855,#3369,.T.);
#2140=EDGE_CURVE('',#2858,#2856,#206,.T.);
#2141=EDGE_CURVE('',#2859,#2858,#3370,.T.);
#2142=EDGE_CURVE('',#2859,#2857,#207,.T.);
#2143=EDGE_CURVE('',#2860,#2861,#208,.T.);
#2144=EDGE_CURVE('',#2862,#2860,#3371,.T.);
#2145=EDGE_CURVE('',#2862,#2863,#209,.T.);
#2146=EDGE_CURVE('',#2863,#2861,#3372,.T.);
#2147=EDGE_CURVE('',#2864,#2860,#3373,.T.);
#2148=EDGE_CURVE('',#2865,#2864,#3374,.T.);
#2149=EDGE_CURVE('',#2865,#2862,#3375,.T.);
#2150=EDGE_CURVE('',#2866,#2864,#210,.T.);
#2151=EDGE_CURVE('',#2867,#2866,#3376,.T.);
#2152=EDGE_CURVE('',#2867,#2865,#211,.T.);
#2153=EDGE_CURVE('',#2868,#2866,#3377,.T.);
#2154=EDGE_CURVE('',#2869,#2868,#3378,.T.);
#2155=EDGE_CURVE('',#2869,#2867,#3379,.T.);
#2156=EDGE_CURVE('',#2870,#2868,#212,.T.);
#2157=EDGE_CURVE('',#2871,#2870,#3380,.T.);
#2158=EDGE_CURVE('',#2871,#2869,#213,.T.);
#2159=EDGE_CURVE('',#2872,#2870,#3381,.T.);
#2160=EDGE_CURVE('',#2873,#2872,#3382,.T.);
#2161=EDGE_CURVE('',#2873,#2871,#3383,.T.);
#2162=EDGE_CURVE('',#2874,#2872,#214,.T.);
#2163=EDGE_CURVE('',#2875,#2874,#3384,.T.);
#2164=EDGE_CURVE('',#2875,#2873,#215,.T.);
#2165=EDGE_CURVE('',#2876,#2877,#216,.T.);
#2166=EDGE_CURVE('',#2878,#2876,#3385,.T.);
#2167=EDGE_CURVE('',#2878,#2879,#217,.T.);
#2168=EDGE_CURVE('',#2879,#2877,#3386,.T.);
#2169=EDGE_CURVE('',#2880,#2876,#3387,.T.);
#2170=EDGE_CURVE('',#2881,#2880,#3388,.T.);
#2171=EDGE_CURVE('',#2881,#2878,#3389,.T.);
#2172=EDGE_CURVE('',#2882,#2880,#218,.T.);
#2173=EDGE_CURVE('',#2883,#2882,#3390,.T.);
#2174=EDGE_CURVE('',#2883,#2881,#219,.T.);
#2175=EDGE_CURVE('',#2884,#2882,#3391,.T.);
#2176=EDGE_CURVE('',#2885,#2884,#3392,.T.);
#2177=EDGE_CURVE('',#2885,#2883,#3393,.T.);
#2178=EDGE_CURVE('',#2886,#2884,#220,.T.);
#2179=EDGE_CURVE('',#2887,#2886,#3394,.T.);
#2180=EDGE_CURVE('',#2887,#2885,#221,.T.);
#2181=EDGE_CURVE('',#2888,#2886,#3395,.T.);
#2182=EDGE_CURVE('',#2889,#2888,#3396,.T.);
#2183=EDGE_CURVE('',#2889,#2887,#3397,.T.);
#2184=EDGE_CURVE('',#2890,#2888,#222,.T.);
#2185=EDGE_CURVE('',#2891,#2890,#3398,.T.);
#2186=EDGE_CURVE('',#2891,#2889,#223,.T.);
#2187=EDGE_CURVE('',#2892,#2893,#224,.T.);
#2188=EDGE_CURVE('',#2894,#2892,#3399,.T.);
#2189=EDGE_CURVE('',#2894,#2895,#225,.T.);
#2190=EDGE_CURVE('',#2895,#2893,#3400,.T.);
#2191=EDGE_CURVE('',#2896,#2892,#3401,.T.);
#2192=EDGE_CURVE('',#2897,#2896,#3402,.T.);
#2193=EDGE_CURVE('',#2897,#2894,#3403,.T.);
#2194=EDGE_CURVE('',#2898,#2896,#226,.T.);
#2195=EDGE_CURVE('',#2899,#2898,#3404,.T.);
#2196=EDGE_CURVE('',#2899,#2897,#227,.T.);
#2197=EDGE_CURVE('',#2900,#2898,#3405,.T.);
#2198=EDGE_CURVE('',#2901,#2900,#3406,.T.);
#2199=EDGE_CURVE('',#2901,#2899,#3407,.T.);
#2200=EDGE_CURVE('',#2902,#2900,#228,.T.);
#2201=EDGE_CURVE('',#2903,#2902,#3408,.T.);
#2202=EDGE_CURVE('',#2903,#2901,#229,.T.);
#2203=EDGE_CURVE('',#2904,#2902,#3409,.T.);
#2204=EDGE_CURVE('',#2905,#2904,#3410,.T.);
#2205=EDGE_CURVE('',#2905,#2903,#3411,.T.);
#2206=EDGE_CURVE('',#2906,#2904,#230,.T.);
#2207=EDGE_CURVE('',#2907,#2906,#3412,.T.);
#2208=EDGE_CURVE('',#2907,#2905,#231,.T.);
#2209=EDGE_CURVE('',#2908,#2909,#232,.T.);
#2210=EDGE_CURVE('',#2910,#2908,#3413,.T.);
#2211=EDGE_CURVE('',#2910,#2911,#233,.T.);
#2212=EDGE_CURVE('',#2911,#2909,#3414,.T.);
#2213=EDGE_CURVE('',#2912,#2908,#3415,.T.);
#2214=EDGE_CURVE('',#2913,#2912,#3416,.T.);
#2215=EDGE_CURVE('',#2913,#2910,#3417,.T.);
#2216=EDGE_CURVE('',#2914,#2912,#234,.T.);
#2217=EDGE_CURVE('',#2915,#2914,#3418,.T.);
#2218=EDGE_CURVE('',#2915,#2913,#235,.T.);
#2219=EDGE_CURVE('',#2916,#2914,#3419,.T.);
#2220=EDGE_CURVE('',#2917,#2916,#3420,.T.);
#2221=EDGE_CURVE('',#2917,#2915,#3421,.T.);
#2222=EDGE_CURVE('',#2918,#2916,#236,.T.);
#2223=EDGE_CURVE('',#2919,#2918,#3422,.T.);
#2224=EDGE_CURVE('',#2919,#2917,#237,.T.);
#2225=EDGE_CURVE('',#2920,#2918,#3423,.T.);
#2226=EDGE_CURVE('',#2921,#2920,#3424,.T.);
#2227=EDGE_CURVE('',#2921,#2919,#3425,.T.);
#2228=EDGE_CURVE('',#2922,#2920,#238,.T.);
#2229=EDGE_CURVE('',#2923,#2922,#3426,.T.);
#2230=EDGE_CURVE('',#2923,#2921,#239,.T.);
#2231=EDGE_CURVE('',#2924,#2925,#240,.T.);
#2232=EDGE_CURVE('',#2926,#2924,#3427,.T.);
#2233=EDGE_CURVE('',#2926,#2927,#241,.T.);
#2234=EDGE_CURVE('',#2927,#2925,#3428,.T.);
#2235=EDGE_CURVE('',#2928,#2924,#3429,.T.);
#2236=EDGE_CURVE('',#2929,#2928,#3430,.T.);
#2237=EDGE_CURVE('',#2929,#2926,#3431,.T.);
#2238=EDGE_CURVE('',#2930,#2928,#242,.T.);
#2239=EDGE_CURVE('',#2931,#2930,#3432,.T.);
#2240=EDGE_CURVE('',#2931,#2929,#243,.T.);
#2241=EDGE_CURVE('',#2932,#2930,#3433,.T.);
#2242=EDGE_CURVE('',#2933,#2932,#3434,.T.);
#2243=EDGE_CURVE('',#2933,#2931,#3435,.T.);
#2244=EDGE_CURVE('',#2934,#2932,#244,.T.);
#2245=EDGE_CURVE('',#2935,#2934,#3436,.T.);
#2246=EDGE_CURVE('',#2935,#2933,#245,.T.);
#2247=EDGE_CURVE('',#2936,#2934,#3437,.T.);
#2248=EDGE_CURVE('',#2937,#2936,#3438,.T.);
#2249=EDGE_CURVE('',#2937,#2935,#3439,.T.);
#2250=EDGE_CURVE('',#2938,#2936,#246,.T.);
#2251=EDGE_CURVE('',#2939,#2938,#3440,.T.);
#2252=EDGE_CURVE('',#2939,#2937,#247,.T.);
#2253=EDGE_CURVE('',#2940,#2941,#248,.T.);
#2254=EDGE_CURVE('',#2942,#2940,#3441,.T.);
#2255=EDGE_CURVE('',#2942,#2943,#249,.T.);
#2256=EDGE_CURVE('',#2943,#2941,#3442,.T.);
#2257=EDGE_CURVE('',#2944,#2940,#3443,.T.);
#2258=EDGE_CURVE('',#2945,#2944,#3444,.T.);
#2259=EDGE_CURVE('',#2945,#2942,#3445,.T.);
#2260=EDGE_CURVE('',#2946,#2944,#250,.T.);
#2261=EDGE_CURVE('',#2947,#2946,#3446,.T.);
#2262=EDGE_CURVE('',#2947,#2945,#251,.T.);
#2263=EDGE_CURVE('',#2948,#2946,#3447,.T.);
#2264=EDGE_CURVE('',#2949,#2948,#3448,.T.);
#2265=EDGE_CURVE('',#2949,#2947,#3449,.T.);
#2266=EDGE_CURVE('',#2950,#2948,#252,.T.);
#2267=EDGE_CURVE('',#2951,#2950,#3450,.T.);
#2268=EDGE_CURVE('',#2951,#2949,#253,.T.);
#2269=EDGE_CURVE('',#2952,#2950,#3451,.T.);
#2270=EDGE_CURVE('',#2953,#2952,#3452,.T.);
#2271=EDGE_CURVE('',#2953,#2951,#3453,.T.);
#2272=EDGE_CURVE('',#2954,#2952,#254,.T.);
#2273=EDGE_CURVE('',#2955,#2954,#3454,.T.);
#2274=EDGE_CURVE('',#2955,#2953,#255,.T.);
#2275=EDGE_CURVE('',#2956,#2957,#256,.T.);
#2276=EDGE_CURVE('',#2958,#2956,#3455,.T.);
#2277=EDGE_CURVE('',#2958,#2959,#257,.T.);
#2278=EDGE_CURVE('',#2959,#2957,#3456,.T.);
#2279=EDGE_CURVE('',#2960,#2956,#3457,.T.);
#2280=EDGE_CURVE('',#2961,#2960,#3458,.T.);
#2281=EDGE_CURVE('',#2961,#2958,#3459,.T.);
#2282=EDGE_CURVE('',#2962,#2960,#258,.T.);
#2283=EDGE_CURVE('',#2963,#2962,#3460,.T.);
#2284=EDGE_CURVE('',#2963,#2961,#259,.T.);
#2285=EDGE_CURVE('',#2964,#2962,#3461,.T.);
#2286=EDGE_CURVE('',#2965,#2964,#3462,.T.);
#2287=EDGE_CURVE('',#2965,#2963,#3463,.T.);
#2288=EDGE_CURVE('',#2966,#2964,#260,.T.);
#2289=EDGE_CURVE('',#2967,#2966,#3464,.T.);
#2290=EDGE_CURVE('',#2967,#2965,#261,.T.);
#2291=EDGE_CURVE('',#2968,#2966,#3465,.T.);
#2292=EDGE_CURVE('',#2969,#2968,#3466,.T.);
#2293=EDGE_CURVE('',#2969,#2967,#3467,.T.);
#2294=EDGE_CURVE('',#2970,#2968,#262,.T.);
#2295=EDGE_CURVE('',#2971,#2970,#3468,.T.);
#2296=EDGE_CURVE('',#2971,#2969,#263,.T.);
#2297=EDGE_CURVE('',#2972,#2973,#264,.T.);
#2298=EDGE_CURVE('',#2974,#2972,#3469,.T.);
#2299=EDGE_CURVE('',#2974,#2975,#265,.T.);
#2300=EDGE_CURVE('',#2975,#2973,#3470,.T.);
#2301=EDGE_CURVE('',#2976,#2972,#3471,.T.);
#2302=EDGE_CURVE('',#2977,#2976,#3472,.T.);
#2303=EDGE_CURVE('',#2977,#2974,#3473,.T.);
#2304=EDGE_CURVE('',#2978,#2976,#266,.T.);
#2305=EDGE_CURVE('',#2979,#2978,#3474,.T.);
#2306=EDGE_CURVE('',#2979,#2977,#267,.T.);
#2307=EDGE_CURVE('',#2980,#2978,#3475,.T.);
#2308=EDGE_CURVE('',#2981,#2980,#3476,.T.);
#2309=EDGE_CURVE('',#2981,#2979,#3477,.T.);
#2310=EDGE_CURVE('',#2982,#2980,#268,.T.);
#2311=EDGE_CURVE('',#2983,#2982,#3478,.T.);
#2312=EDGE_CURVE('',#2983,#2981,#269,.T.);
#2313=EDGE_CURVE('',#2984,#2982,#3479,.T.);
#2314=EDGE_CURVE('',#2985,#2984,#3480,.T.);
#2315=EDGE_CURVE('',#2985,#2983,#3481,.T.);
#2316=EDGE_CURVE('',#2986,#2984,#270,.T.);
#2317=EDGE_CURVE('',#2987,#2986,#3482,.T.);
#2318=EDGE_CURVE('',#2987,#2985,#271,.T.);
#2319=EDGE_CURVE('',#2988,#2989,#272,.T.);
#2320=EDGE_CURVE('',#2990,#2988,#3483,.T.);
#2321=EDGE_CURVE('',#2990,#2991,#273,.T.);
#2322=EDGE_CURVE('',#2991,#2989,#3484,.T.);
#2323=EDGE_CURVE('',#2992,#2988,#3485,.T.);
#2324=EDGE_CURVE('',#2993,#2992,#3486,.T.);
#2325=EDGE_CURVE('',#2993,#2990,#3487,.T.);
#2326=EDGE_CURVE('',#2994,#2992,#274,.T.);
#2327=EDGE_CURVE('',#2995,#2994,#3488,.T.);
#2328=EDGE_CURVE('',#2995,#2993,#275,.T.);
#2329=EDGE_CURVE('',#2996,#2994,#3489,.T.);
#2330=EDGE_CURVE('',#2997,#2996,#3490,.T.);
#2331=EDGE_CURVE('',#2997,#2995,#3491,.T.);
#2332=EDGE_CURVE('',#2998,#2996,#276,.T.);
#2333=EDGE_CURVE('',#2999,#2998,#3492,.T.);
#2334=EDGE_CURVE('',#2999,#2997,#277,.T.);
#2335=EDGE_CURVE('',#3000,#2998,#3493,.T.);
#2336=EDGE_CURVE('',#3001,#3000,#3494,.T.);
#2337=EDGE_CURVE('',#3001,#2999,#3495,.T.);
#2338=EDGE_CURVE('',#3002,#3000,#278,.T.);
#2339=EDGE_CURVE('',#3003,#3002,#3496,.T.);
#2340=EDGE_CURVE('',#3003,#3001,#279,.T.);
#2341=EDGE_CURVE('',#3004,#3005,#280,.T.);
#2342=EDGE_CURVE('',#3006,#3004,#3497,.T.);
#2343=EDGE_CURVE('',#3006,#3007,#281,.T.);
#2344=EDGE_CURVE('',#3007,#3005,#3498,.T.);
#2345=EDGE_CURVE('',#3008,#3004,#3499,.T.);
#2346=EDGE_CURVE('',#3009,#3008,#3500,.T.);
#2347=EDGE_CURVE('',#3009,#3006,#3501,.T.);
#2348=EDGE_CURVE('',#3010,#3008,#282,.T.);
#2349=EDGE_CURVE('',#3011,#3010,#3502,.T.);
#2350=EDGE_CURVE('',#3011,#3009,#283,.T.);
#2351=EDGE_CURVE('',#3012,#3010,#3503,.T.);
#2352=EDGE_CURVE('',#3013,#3012,#3504,.T.);
#2353=EDGE_CURVE('',#3013,#3011,#3505,.T.);
#2354=EDGE_CURVE('',#3014,#3012,#284,.T.);
#2355=EDGE_CURVE('',#3015,#3014,#3506,.T.);
#2356=EDGE_CURVE('',#3015,#3013,#285,.T.);
#2357=EDGE_CURVE('',#3016,#3014,#3507,.T.);
#2358=EDGE_CURVE('',#3017,#3016,#3508,.T.);
#2359=EDGE_CURVE('',#3017,#3015,#3509,.T.);
#2360=EDGE_CURVE('',#3018,#3016,#286,.T.);
#2361=EDGE_CURVE('',#3019,#3018,#3510,.T.);
#2362=EDGE_CURVE('',#3019,#3017,#287,.T.);
#2363=EDGE_CURVE('',#3020,#3021,#288,.T.);
#2364=EDGE_CURVE('',#3022,#3020,#3511,.T.);
#2365=EDGE_CURVE('',#3022,#3023,#289,.T.);
#2366=EDGE_CURVE('',#3023,#3021,#3512,.T.);
#2367=EDGE_CURVE('',#3024,#3020,#3513,.T.);
#2368=EDGE_CURVE('',#3025,#3024,#3514,.T.);
#2369=EDGE_CURVE('',#3025,#3022,#3515,.T.);
#2370=EDGE_CURVE('',#3026,#3024,#290,.T.);
#2371=EDGE_CURVE('',#3027,#3026,#3516,.T.);
#2372=EDGE_CURVE('',#3027,#3025,#291,.T.);
#2373=EDGE_CURVE('',#3028,#3026,#3517,.T.);
#2374=EDGE_CURVE('',#3029,#3028,#3518,.T.);
#2375=EDGE_CURVE('',#3029,#3027,#3519,.T.);
#2376=EDGE_CURVE('',#3030,#3028,#292,.T.);
#2377=EDGE_CURVE('',#3031,#3030,#3520,.T.);
#2378=EDGE_CURVE('',#3031,#3029,#293,.T.);
#2379=EDGE_CURVE('',#3032,#3030,#3521,.T.);
#2380=EDGE_CURVE('',#3033,#3032,#3522,.T.);
#2381=EDGE_CURVE('',#3033,#3031,#3523,.T.);
#2382=EDGE_CURVE('',#3034,#3032,#294,.T.);
#2383=EDGE_CURVE('',#3035,#3034,#3524,.T.);
#2384=EDGE_CURVE('',#3035,#3033,#295,.T.);
#2385=EDGE_CURVE('',#3036,#3037,#296,.T.);
#2386=EDGE_CURVE('',#3038,#3036,#3525,.T.);
#2387=EDGE_CURVE('',#3038,#3039,#297,.T.);
#2388=EDGE_CURVE('',#3039,#3037,#3526,.T.);
#2389=EDGE_CURVE('',#3040,#3036,#3527,.T.);
#2390=EDGE_CURVE('',#3041,#3040,#3528,.T.);
#2391=EDGE_CURVE('',#3041,#3038,#3529,.T.);
#2392=EDGE_CURVE('',#3042,#3040,#298,.T.);
#2393=EDGE_CURVE('',#3043,#3042,#3530,.T.);
#2394=EDGE_CURVE('',#3043,#3041,#299,.T.);
#2395=EDGE_CURVE('',#3044,#3042,#3531,.T.);
#2396=EDGE_CURVE('',#3045,#3044,#3532,.T.);
#2397=EDGE_CURVE('',#3045,#3043,#3533,.T.);
#2398=EDGE_CURVE('',#3046,#3044,#300,.T.);
#2399=EDGE_CURVE('',#3047,#3046,#3534,.T.);
#2400=EDGE_CURVE('',#3047,#3045,#301,.T.);
#2401=EDGE_CURVE('',#3048,#3046,#3535,.T.);
#2402=EDGE_CURVE('',#3049,#3048,#3536,.T.);
#2403=EDGE_CURVE('',#3049,#3047,#3537,.T.);
#2404=EDGE_CURVE('',#3050,#3048,#302,.T.);
#2405=EDGE_CURVE('',#3051,#3050,#3538,.T.);
#2406=EDGE_CURVE('',#3051,#3049,#303,.T.);
#2407=EDGE_CURVE('',#3052,#3053,#304,.T.);
#2408=EDGE_CURVE('',#3054,#3052,#3539,.T.);
#2409=EDGE_CURVE('',#3054,#3055,#305,.T.);
#2410=EDGE_CURVE('',#3055,#3053,#3540,.T.);
#2411=EDGE_CURVE('',#3056,#3052,#3541,.T.);
#2412=EDGE_CURVE('',#3057,#3056,#3542,.T.);
#2413=EDGE_CURVE('',#3057,#3054,#3543,.T.);
#2414=EDGE_CURVE('',#3058,#3056,#306,.T.);
#2415=EDGE_CURVE('',#3059,#3058,#3544,.T.);
#2416=EDGE_CURVE('',#3059,#3057,#307,.T.);
#2417=EDGE_CURVE('',#3060,#3058,#3545,.T.);
#2418=EDGE_CURVE('',#3061,#3060,#3546,.T.);
#2419=EDGE_CURVE('',#3061,#3059,#3547,.T.);
#2420=EDGE_CURVE('',#3062,#3060,#308,.T.);
#2421=EDGE_CURVE('',#3063,#3062,#3548,.T.);
#2422=EDGE_CURVE('',#3063,#3061,#309,.T.);
#2423=EDGE_CURVE('',#3064,#3062,#3549,.T.);
#2424=EDGE_CURVE('',#3065,#3064,#3550,.T.);
#2425=EDGE_CURVE('',#3065,#3063,#3551,.T.);
#2426=EDGE_CURVE('',#3066,#3064,#310,.T.);
#2427=EDGE_CURVE('',#3067,#3066,#3552,.T.);
#2428=EDGE_CURVE('',#3067,#3065,#311,.T.);
#2429=EDGE_CURVE('',#3068,#3069,#312,.T.);
#2430=EDGE_CURVE('',#3070,#3068,#3553,.T.);
#2431=EDGE_CURVE('',#3070,#3071,#313,.T.);
#2432=EDGE_CURVE('',#3071,#3069,#3554,.T.);
#2433=EDGE_CURVE('',#3072,#3068,#3555,.T.);
#2434=EDGE_CURVE('',#3073,#3072,#3556,.T.);
#2435=EDGE_CURVE('',#3073,#3070,#3557,.T.);
#2436=EDGE_CURVE('',#3074,#3072,#314,.T.);
#2437=EDGE_CURVE('',#3075,#3074,#3558,.T.);
#2438=EDGE_CURVE('',#3075,#3073,#315,.T.);
#2439=EDGE_CURVE('',#3076,#3074,#3559,.T.);
#2440=EDGE_CURVE('',#3077,#3076,#3560,.T.);
#2441=EDGE_CURVE('',#3077,#3075,#3561,.T.);
#2442=EDGE_CURVE('',#3078,#3076,#316,.T.);
#2443=EDGE_CURVE('',#3079,#3078,#3562,.T.);
#2444=EDGE_CURVE('',#3079,#3077,#317,.T.);
#2445=EDGE_CURVE('',#3080,#3078,#3563,.T.);
#2446=EDGE_CURVE('',#3081,#3080,#3564,.T.);
#2447=EDGE_CURVE('',#3081,#3079,#3565,.T.);
#2448=EDGE_CURVE('',#3082,#3080,#318,.T.);
#2449=EDGE_CURVE('',#3083,#3082,#3566,.T.);
#2450=EDGE_CURVE('',#3083,#3081,#319,.T.);
#2451=EDGE_CURVE('',#3084,#3085,#320,.T.);
#2452=EDGE_CURVE('',#3086,#3084,#3567,.T.);
#2453=EDGE_CURVE('',#3086,#3087,#321,.T.);
#2454=EDGE_CURVE('',#3087,#3085,#3568,.T.);
#2455=EDGE_CURVE('',#3088,#3084,#3569,.T.);
#2456=EDGE_CURVE('',#3089,#3088,#3570,.T.);
#2457=EDGE_CURVE('',#3089,#3086,#3571,.T.);
#2458=EDGE_CURVE('',#3090,#3088,#322,.T.);
#2459=EDGE_CURVE('',#3091,#3090,#3572,.T.);
#2460=EDGE_CURVE('',#3091,#3089,#323,.T.);
#2461=EDGE_CURVE('',#3092,#3090,#3573,.T.);
#2462=EDGE_CURVE('',#3093,#3092,#3574,.T.);
#2463=EDGE_CURVE('',#3093,#3091,#3575,.T.);
#2464=EDGE_CURVE('',#3094,#3092,#324,.T.);
#2465=EDGE_CURVE('',#3095,#3094,#3576,.T.);
#2466=EDGE_CURVE('',#3095,#3093,#325,.T.);
#2467=EDGE_CURVE('',#3096,#3094,#3577,.T.);
#2468=EDGE_CURVE('',#3097,#3096,#3578,.T.);
#2469=EDGE_CURVE('',#3097,#3095,#3579,.T.);
#2470=EDGE_CURVE('',#3098,#3096,#326,.T.);
#2471=EDGE_CURVE('',#3099,#3098,#3580,.T.);
#2472=EDGE_CURVE('',#3099,#3097,#327,.T.);
#2473=EDGE_CURVE('',#3100,#3101,#328,.T.);
#2474=EDGE_CURVE('',#3102,#3100,#3581,.T.);
#2475=EDGE_CURVE('',#3102,#3103,#329,.T.);
#2476=EDGE_CURVE('',#3103,#3101,#3582,.T.);
#2477=EDGE_CURVE('',#3104,#3100,#3583,.T.);
#2478=EDGE_CURVE('',#3105,#3104,#3584,.T.);
#2479=EDGE_CURVE('',#3105,#3102,#3585,.T.);
#2480=EDGE_CURVE('',#3106,#3104,#330,.T.);
#2481=EDGE_CURVE('',#3107,#3106,#3586,.T.);
#2482=EDGE_CURVE('',#3107,#3105,#331,.T.);
#2483=EDGE_CURVE('',#3108,#3106,#3587,.T.);
#2484=EDGE_CURVE('',#3109,#3108,#3588,.T.);
#2485=EDGE_CURVE('',#3109,#3107,#3589,.T.);
#2486=EDGE_CURVE('',#3110,#3108,#332,.T.);
#2487=EDGE_CURVE('',#3111,#3110,#3590,.T.);
#2488=EDGE_CURVE('',#3111,#3109,#333,.T.);
#2489=EDGE_CURVE('',#3112,#3110,#3591,.T.);
#2490=EDGE_CURVE('',#3113,#3112,#3592,.T.);
#2491=EDGE_CURVE('',#3113,#3111,#3593,.T.);
#2492=EDGE_CURVE('',#3114,#3112,#334,.T.);
#2493=EDGE_CURVE('',#3115,#3114,#3594,.T.);
#2494=EDGE_CURVE('',#3115,#3113,#335,.T.);
#2495=EDGE_CURVE('',#3116,#3117,#336,.T.);
#2496=EDGE_CURVE('',#3118,#3116,#3595,.T.);
#2497=EDGE_CURVE('',#3118,#3119,#337,.T.);
#2498=EDGE_CURVE('',#3119,#3117,#3596,.T.);
#2499=EDGE_CURVE('',#3120,#3116,#3597,.T.);
#2500=EDGE_CURVE('',#3121,#3120,#3598,.T.);
#2501=EDGE_CURVE('',#3121,#3118,#3599,.T.);
#2502=EDGE_CURVE('',#3122,#3120,#338,.T.);
#2503=EDGE_CURVE('',#3123,#3122,#3600,.T.);
#2504=EDGE_CURVE('',#3123,#3121,#339,.T.);
#2505=EDGE_CURVE('',#3124,#3122,#3601,.T.);
#2506=EDGE_CURVE('',#3125,#3124,#3602,.T.);
#2507=EDGE_CURVE('',#3125,#3123,#3603,.T.);
#2508=EDGE_CURVE('',#3126,#3124,#340,.T.);
#2509=EDGE_CURVE('',#3127,#3126,#3604,.T.);
#2510=EDGE_CURVE('',#3127,#3125,#341,.T.);
#2511=EDGE_CURVE('',#3128,#3126,#3605,.T.);
#2512=EDGE_CURVE('',#3129,#3128,#3606,.T.);
#2513=EDGE_CURVE('',#3129,#3127,#3607,.T.);
#2514=EDGE_CURVE('',#3130,#3128,#342,.T.);
#2515=EDGE_CURVE('',#3131,#3130,#3608,.T.);
#2516=EDGE_CURVE('',#3131,#3129,#343,.T.);
#2517=EDGE_CURVE('',#3132,#3133,#344,.T.);
#2518=EDGE_CURVE('',#3134,#3132,#3609,.T.);
#2519=EDGE_CURVE('',#3134,#3135,#345,.T.);
#2520=EDGE_CURVE('',#3135,#3133,#3610,.T.);
#2521=EDGE_CURVE('',#3136,#3132,#3611,.T.);
#2522=EDGE_CURVE('',#3137,#3136,#3612,.T.);
#2523=EDGE_CURVE('',#3137,#3134,#3613,.T.);
#2524=EDGE_CURVE('',#3138,#3136,#346,.T.);
#2525=EDGE_CURVE('',#3139,#3138,#3614,.T.);
#2526=EDGE_CURVE('',#3139,#3137,#347,.T.);
#2527=EDGE_CURVE('',#3140,#3138,#3615,.T.);
#2528=EDGE_CURVE('',#3141,#3140,#3616,.T.);
#2529=EDGE_CURVE('',#3141,#3139,#3617,.T.);
#2530=EDGE_CURVE('',#3142,#3140,#348,.T.);
#2531=EDGE_CURVE('',#3143,#3142,#3618,.T.);
#2532=EDGE_CURVE('',#3143,#3141,#349,.T.);
#2533=EDGE_CURVE('',#3144,#3142,#3619,.T.);
#2534=EDGE_CURVE('',#3145,#3144,#3620,.T.);
#2535=EDGE_CURVE('',#3145,#3143,#3621,.T.);
#2536=EDGE_CURVE('',#3146,#3144,#350,.T.);
#2537=EDGE_CURVE('',#3147,#3146,#3622,.T.);
#2538=EDGE_CURVE('',#3147,#3145,#351,.T.);
#2539=EDGE_CURVE('',#3148,#3149,#352,.T.);
#2540=EDGE_CURVE('',#3150,#3148,#3623,.T.);
#2541=EDGE_CURVE('',#3150,#3151,#353,.T.);
#2542=EDGE_CURVE('',#3151,#3149,#3624,.T.);
#2543=EDGE_CURVE('',#3152,#3148,#3625,.T.);
#2544=EDGE_CURVE('',#3153,#3152,#3626,.T.);
#2545=EDGE_CURVE('',#3153,#3150,#3627,.T.);
#2546=EDGE_CURVE('',#3154,#3152,#354,.T.);
#2547=EDGE_CURVE('',#3155,#3154,#3628,.T.);
#2548=EDGE_CURVE('',#3155,#3153,#355,.T.);
#2549=EDGE_CURVE('',#3156,#3154,#3629,.T.);
#2550=EDGE_CURVE('',#3157,#3156,#3630,.T.);
#2551=EDGE_CURVE('',#3157,#3155,#3631,.T.);
#2552=EDGE_CURVE('',#3158,#3156,#356,.T.);
#2553=EDGE_CURVE('',#3159,#3158,#3632,.T.);
#2554=EDGE_CURVE('',#3159,#3157,#357,.T.);
#2555=EDGE_CURVE('',#3160,#3158,#3633,.T.);
#2556=EDGE_CURVE('',#3161,#3160,#3634,.T.);
#2557=EDGE_CURVE('',#3161,#3159,#3635,.T.);
#2558=EDGE_CURVE('',#3162,#3160,#358,.T.);
#2559=EDGE_CURVE('',#3163,#3162,#3636,.T.);
#2560=EDGE_CURVE('',#3163,#3161,#359,.T.);
#2561=EDGE_CURVE('',#3164,#3165,#360,.T.);
#2562=EDGE_CURVE('',#3166,#3164,#3637,.T.);
#2563=EDGE_CURVE('',#3166,#3167,#361,.T.);
#2564=EDGE_CURVE('',#3167,#3165,#3638,.T.);
#2565=EDGE_CURVE('',#3168,#3164,#3639,.T.);
#2566=EDGE_CURVE('',#3169,#3168,#3640,.T.);
#2567=EDGE_CURVE('',#3169,#3166,#3641,.T.);
#2568=EDGE_CURVE('',#3170,#3168,#362,.T.);
#2569=EDGE_CURVE('',#3171,#3170,#3642,.T.);
#2570=EDGE_CURVE('',#3171,#3169,#363,.T.);
#2571=EDGE_CURVE('',#3172,#3170,#3643,.T.);
#2572=EDGE_CURVE('',#3173,#3172,#3644,.T.);
#2573=EDGE_CURVE('',#3173,#3171,#3645,.T.);
#2574=EDGE_CURVE('',#3174,#3172,#364,.T.);
#2575=EDGE_CURVE('',#3175,#3174,#3646,.T.);
#2576=EDGE_CURVE('',#3175,#3173,#365,.T.);
#2577=EDGE_CURVE('',#3176,#3174,#3647,.T.);
#2578=EDGE_CURVE('',#3177,#3176,#3648,.T.);
#2579=EDGE_CURVE('',#3177,#3175,#3649,.T.);
#2580=EDGE_CURVE('',#3178,#3176,#366,.T.);
#2581=EDGE_CURVE('',#3179,#3178,#3650,.T.);
#2582=EDGE_CURVE('',#3179,#3177,#367,.T.);
#2583=EDGE_CURVE('',#3180,#3181,#368,.T.);
#2584=EDGE_CURVE('',#3182,#3180,#3651,.T.);
#2585=EDGE_CURVE('',#3182,#3183,#369,.T.);
#2586=EDGE_CURVE('',#3183,#3181,#3652,.T.);
#2587=EDGE_CURVE('',#3184,#3180,#3653,.T.);
#2588=EDGE_CURVE('',#3185,#3184,#3654,.T.);
#2589=EDGE_CURVE('',#3185,#3182,#3655,.T.);
#2590=EDGE_CURVE('',#3186,#3184,#370,.T.);
#2591=EDGE_CURVE('',#3187,#3186,#3656,.T.);
#2592=EDGE_CURVE('',#3187,#3185,#371,.T.);
#2593=EDGE_CURVE('',#3188,#3186,#3657,.T.);
#2594=EDGE_CURVE('',#3189,#3188,#3658,.T.);
#2595=EDGE_CURVE('',#3189,#3187,#3659,.T.);
#2596=EDGE_CURVE('',#3190,#3188,#372,.T.);
#2597=EDGE_CURVE('',#3191,#3190,#3660,.T.);
#2598=EDGE_CURVE('',#3191,#3189,#373,.T.);
#2599=EDGE_CURVE('',#3192,#3190,#3661,.T.);
#2600=EDGE_CURVE('',#3193,#3192,#3662,.T.);
#2601=EDGE_CURVE('',#3193,#3191,#3663,.T.);
#2602=EDGE_CURVE('',#3194,#3192,#374,.T.);
#2603=EDGE_CURVE('',#3195,#3194,#3664,.T.);
#2604=EDGE_CURVE('',#3195,#3193,#375,.T.);
#2605=EDGE_CURVE('',#3196,#3197,#376,.T.);
#2606=EDGE_CURVE('',#3198,#3196,#3665,.T.);
#2607=EDGE_CURVE('',#3198,#3199,#377,.T.);
#2608=EDGE_CURVE('',#3199,#3197,#3666,.T.);
#2609=EDGE_CURVE('',#3200,#3196,#3667,.T.);
#2610=EDGE_CURVE('',#3201,#3200,#3668,.T.);
#2611=EDGE_CURVE('',#3201,#3198,#3669,.T.);
#2612=EDGE_CURVE('',#3202,#3200,#378,.T.);
#2613=EDGE_CURVE('',#3203,#3202,#3670,.T.);
#2614=EDGE_CURVE('',#3203,#3201,#379,.T.);
#2615=EDGE_CURVE('',#3204,#3202,#3671,.T.);
#2616=EDGE_CURVE('',#3205,#3204,#3672,.T.);
#2617=EDGE_CURVE('',#3205,#3203,#3673,.T.);
#2618=EDGE_CURVE('',#3206,#3204,#380,.T.);
#2619=EDGE_CURVE('',#3207,#3206,#3674,.T.);
#2620=EDGE_CURVE('',#3207,#3205,#381,.T.);
#2621=EDGE_CURVE('',#3208,#3206,#3675,.T.);
#2622=EDGE_CURVE('',#3209,#3208,#3676,.T.);
#2623=EDGE_CURVE('',#3209,#3207,#3677,.T.);
#2624=EDGE_CURVE('',#3210,#3208,#382,.T.);
#2625=EDGE_CURVE('',#3211,#3210,#3678,.T.);
#2626=EDGE_CURVE('',#3211,#3209,#383,.T.);
#2627=EDGE_CURVE('',#3212,#3213,#384,.T.);
#2628=EDGE_CURVE('',#3214,#3212,#3679,.T.);
#2629=EDGE_CURVE('',#3214,#3215,#385,.T.);
#2630=EDGE_CURVE('',#3215,#3213,#3680,.T.);
#2631=EDGE_CURVE('',#3216,#3212,#3681,.T.);
#2632=EDGE_CURVE('',#3217,#3216,#3682,.T.);
#2633=EDGE_CURVE('',#3217,#3214,#3683,.T.);
#2634=EDGE_CURVE('',#3218,#3216,#386,.T.);
#2635=EDGE_CURVE('',#3219,#3218,#3684,.T.);
#2636=EDGE_CURVE('',#3219,#3217,#387,.T.);
#2637=EDGE_CURVE('',#3220,#3218,#3685,.T.);
#2638=EDGE_CURVE('',#3221,#3220,#3686,.T.);
#2639=EDGE_CURVE('',#3221,#3219,#3687,.T.);
#2640=EDGE_CURVE('',#3222,#3220,#388,.T.);
#2641=EDGE_CURVE('',#3223,#3222,#3688,.T.);
#2642=EDGE_CURVE('',#3223,#3221,#389,.T.);
#2643=EDGE_CURVE('',#3224,#3222,#3689,.T.);
#2644=EDGE_CURVE('',#3225,#3224,#3690,.T.);
#2645=EDGE_CURVE('',#3225,#3223,#3691,.T.);
#2646=EDGE_CURVE('',#3226,#3224,#390,.T.);
#2647=EDGE_CURVE('',#3227,#3226,#3692,.T.);
#2648=EDGE_CURVE('',#3227,#3225,#391,.T.);
#2649=EDGE_CURVE('',#2781,#2794,#3693,.T.);
#2650=EDGE_CURVE('',#2783,#2795,#3694,.T.);
#2651=EDGE_CURVE('',#2797,#2810,#3695,.T.);
#2652=EDGE_CURVE('',#2799,#2811,#3696,.T.);
#2653=EDGE_CURVE('',#2813,#2826,#3697,.T.);
#2654=EDGE_CURVE('',#2815,#2827,#3698,.T.);
#2655=EDGE_CURVE('',#2829,#2842,#3699,.T.);
#2656=EDGE_CURVE('',#2831,#2843,#3700,.T.);
#2657=EDGE_CURVE('',#2845,#2858,#3701,.T.);
#2658=EDGE_CURVE('',#2847,#2859,#3702,.T.);
#2659=EDGE_CURVE('',#2861,#2874,#3703,.T.);
#2660=EDGE_CURVE('',#2863,#2875,#3704,.T.);
#2661=EDGE_CURVE('',#2877,#2890,#3705,.T.);
#2662=EDGE_CURVE('',#2879,#2891,#3706,.T.);
#2663=EDGE_CURVE('',#2893,#2906,#3707,.T.);
#2664=EDGE_CURVE('',#2895,#2907,#3708,.T.);
#2665=EDGE_CURVE('',#2909,#2922,#3709,.T.);
#2666=EDGE_CURVE('',#2911,#2923,#3710,.T.);
#2667=EDGE_CURVE('',#2925,#2938,#3711,.T.);
#2668=EDGE_CURVE('',#2927,#2939,#3712,.T.);
#2669=EDGE_CURVE('',#2941,#2954,#3713,.T.);
#2670=EDGE_CURVE('',#2943,#2955,#3714,.T.);
#2671=EDGE_CURVE('',#2957,#2970,#3715,.T.);
#2672=EDGE_CURVE('',#2959,#2971,#3716,.T.);
#2673=EDGE_CURVE('',#2973,#2986,#3717,.T.);
#2674=EDGE_CURVE('',#2975,#2987,#3718,.T.);
#2675=EDGE_CURVE('',#2989,#3002,#3719,.T.);
#2676=EDGE_CURVE('',#2991,#3003,#3720,.T.);
#2677=EDGE_CURVE('',#3005,#3018,#3721,.T.);
#2678=EDGE_CURVE('',#3007,#3019,#3722,.T.);
#2679=EDGE_CURVE('',#3021,#3034,#3723,.T.);
#2680=EDGE_CURVE('',#3023,#3035,#3724,.T.);
#2681=EDGE_CURVE('',#3037,#3050,#3725,.T.);
#2682=EDGE_CURVE('',#3039,#3051,#3726,.T.);
#2683=EDGE_CURVE('',#3053,#3066,#3727,.T.);
#2684=EDGE_CURVE('',#3055,#3067,#3728,.T.);
#2685=EDGE_CURVE('',#3069,#3082,#3729,.T.);
#2686=EDGE_CURVE('',#3071,#3083,#3730,.T.);
#2687=EDGE_CURVE('',#3085,#3098,#3731,.T.);
#2688=EDGE_CURVE('',#3087,#3099,#3732,.T.);
#2689=EDGE_CURVE('',#3101,#3114,#3733,.T.);
#2690=EDGE_CURVE('',#3103,#3115,#3734,.T.);
#2691=EDGE_CURVE('',#3117,#3130,#3735,.T.);
#2692=EDGE_CURVE('',#3119,#3131,#3736,.T.);
#2693=EDGE_CURVE('',#3133,#3146,#3737,.T.);
#2694=EDGE_CURVE('',#3135,#3147,#3738,.T.);
#2695=EDGE_CURVE('',#3149,#3162,#3739,.T.);
#2696=EDGE_CURVE('',#3151,#3163,#3740,.T.);
#2697=EDGE_CURVE('',#3165,#3178,#3741,.T.);
#2698=EDGE_CURVE('',#3167,#3179,#3742,.T.);
#2699=EDGE_CURVE('',#3181,#3194,#3743,.T.);
#2700=EDGE_CURVE('',#3183,#3195,#3744,.T.);
#2701=EDGE_CURVE('',#3197,#3210,#3745,.T.);
#2702=EDGE_CURVE('',#3199,#3211,#3746,.T.);
#2703=EDGE_CURVE('',#3213,#3226,#3747,.T.);
#2704=EDGE_CURVE('',#3215,#3227,#3748,.T.);
#2705=EDGE_CURVE('',#2778,#2729,#392,.T.);
#2706=EDGE_CURVE('',#2779,#2731,#393,.T.);
#2707=EDGE_CURVE('',#2757,#2762,#394,.T.);
#2708=EDGE_CURVE('',#3228,#3228,#395,.F.);
#2709=EDGE_CURVE('',#3229,#3229,#396,.F.);
#2710=EDGE_CURVE('',#3230,#3230,#397,.F.);
#2711=EDGE_CURVE('',#3231,#3231,#398,.F.);
#2712=EDGE_CURVE('',#3232,#3232,#399,.F.);
#2713=EDGE_CURVE('',#3233,#3233,#400,.T.);
#2714=EDGE_CURVE('',#3234,#3234,#401,.T.);
#2715=EDGE_CURVE('',#3235,#3235,#402,.T.);
#2716=EDGE_CURVE('',#3236,#3236,#403,.T.);
#2717=EDGE_CURVE('',#3237,#3237,#404,.T.);
#2718=EDGE_CURVE('',#3238,#3238,#405,.T.);
#2719=EDGE_CURVE('',#3239,#3239,#406,.T.);
#2720=EDGE_CURVE('',#3240,#3240,#407,.T.);
#2721=EDGE_CURVE('',#3241,#3241,#408,.T.);
#2722=EDGE_CURVE('',#3242,#3242,#409,.T.);
#2723=EDGE_CURVE('',#2756,#2763,#410,.T.);
#2724=VERTEX_POINT('',#7440);
#2725=VERTEX_POINT('',#7441);
#2726=VERTEX_POINT('',#7443);
#2727=VERTEX_POINT('',#7445);
#2728=VERTEX_POINT('',#7449);
#2729=VERTEX_POINT('',#7450);
#2730=VERTEX_POINT('',#7452);
#2731=VERTEX_POINT('',#7454);
#2732=VERTEX_POINT('',#7458);
#2733=VERTEX_POINT('',#7460);
#2734=VERTEX_POINT('',#7464);
#2735=VERTEX_POINT('',#7466);
#2736=VERTEX_POINT('',#7470);
#2737=VERTEX_POINT('',#7472);
#2738=VERTEX_POINT('',#7476);
#2739=VERTEX_POINT('',#7478);
#2740=VERTEX_POINT('',#7482);
#2741=VERTEX_POINT('',#7484);
#2742=VERTEX_POINT('',#7488);
#2743=VERTEX_POINT('',#7490);
#2744=VERTEX_POINT('',#7494);
#2745=VERTEX_POINT('',#7496);
#2746=VERTEX_POINT('',#7500);
#2747=VERTEX_POINT('',#7502);
#2748=VERTEX_POINT('',#7506);
#2749=VERTEX_POINT('',#7508);
#2750=VERTEX_POINT('',#7512);
#2751=VERTEX_POINT('',#7514);
#2752=VERTEX_POINT('',#7518);
#2753=VERTEX_POINT('',#7520);
#2754=VERTEX_POINT('',#7524);
#2755=VERTEX_POINT('',#7526);
#2756=VERTEX_POINT('',#7528);
#2757=VERTEX_POINT('',#7530);
#2758=VERTEX_POINT('',#7537);
#2759=VERTEX_POINT('',#7538);
#2760=VERTEX_POINT('',#7543);
#2761=VERTEX_POINT('',#7545);
#2762=VERTEX_POINT('',#7547);
#2763=VERTEX_POINT('',#7549);
#2764=VERTEX_POINT('',#7553);
#2765=VERTEX_POINT('',#7555);
#2766=VERTEX_POINT('',#7559);
#2767=VERTEX_POINT('',#7561);
#2768=VERTEX_POINT('',#7565);
#2769=VERTEX_POINT('',#7567);
#2770=VERTEX_POINT('',#7571);
#2771=VERTEX_POINT('',#7573);
#2772=VERTEX_POINT('',#7577);
#2773=VERTEX_POINT('',#7579);
#2774=VERTEX_POINT('',#7583);
#2775=VERTEX_POINT('',#7585);
#2776=VERTEX_POINT('',#7589);
#2777=VERTEX_POINT('',#7591);
#2778=VERTEX_POINT('',#7595);
#2779=VERTEX_POINT('',#7597);
#2780=VERTEX_POINT('',#7601);
#2781=VERTEX_POINT('',#7602);
#2782=VERTEX_POINT('',#7604);
#2783=VERTEX_POINT('',#7606);
#2784=VERTEX_POINT('',#7610);
#2785=VERTEX_POINT('',#7612);
#2786=VERTEX_POINT('',#7616);
#2787=VERTEX_POINT('',#7618);
#2788=VERTEX_POINT('',#7622);
#2789=VERTEX_POINT('',#7624);
#2790=VERTEX_POINT('',#7628);
#2791=VERTEX_POINT('',#7630);
#2792=VERTEX_POINT('',#7634);
#2793=VERTEX_POINT('',#7636);
#2794=VERTEX_POINT('',#7640);
#2795=VERTEX_POINT('',#7642);
#2796=VERTEX_POINT('',#7646);
#2797=VERTEX_POINT('',#7647);
#2798=VERTEX_POINT('',#7649);
#2799=VERTEX_POINT('',#7651);
#2800=VERTEX_POINT('',#7655);
#2801=VERTEX_POINT('',#7657);
#2802=VERTEX_POINT('',#7661);
#2803=VERTEX_POINT('',#7663);
#2804=VERTEX_POINT('',#7667);
#2805=VERTEX_POINT('',#7669);
#2806=VERTEX_POINT('',#7673);
#2807=VERTEX_POINT('',#7675);
#2808=VERTEX_POINT('',#7679);
#2809=VERTEX_POINT('',#7681);
#2810=VERTEX_POINT('',#7685);
#2811=VERTEX_POINT('',#7687);
#2812=VERTEX_POINT('',#7691);
#2813=VERTEX_POINT('',#7692);
#2814=VERTEX_POINT('',#7694);
#2815=VERTEX_POINT('',#7696);
#2816=VERTEX_POINT('',#7700);
#2817=VERTEX_POINT('',#7702);
#2818=VERTEX_POINT('',#7706);
#2819=VERTEX_POINT('',#7708);
#2820=VERTEX_POINT('',#7712);
#2821=VERTEX_POINT('',#7714);
#2822=VERTEX_POINT('',#7718);
#2823=VERTEX_POINT('',#7720);
#2824=VERTEX_POINT('',#7724);
#2825=VERTEX_POINT('',#7726);
#2826=VERTEX_POINT('',#7730);
#2827=VERTEX_POINT('',#7732);
#2828=VERTEX_POINT('',#7736);
#2829=VERTEX_POINT('',#7737);
#2830=VERTEX_POINT('',#7739);
#2831=VERTEX_POINT('',#7741);
#2832=VERTEX_POINT('',#7745);
#2833=VERTEX_POINT('',#7747);
#2834=VERTEX_POINT('',#7751);
#2835=VERTEX_POINT('',#7753);
#2836=VERTEX_POINT('',#7757);
#2837=VERTEX_POINT('',#7759);
#2838=VERTEX_POINT('',#7763);
#2839=VERTEX_POINT('',#7765);
#2840=VERTEX_POINT('',#7769);
#2841=VERTEX_POINT('',#7771);
#2842=VERTEX_POINT('',#7775);
#2843=VERTEX_POINT('',#7777);
#2844=VERTEX_POINT('',#7781);
#2845=VERTEX_POINT('',#7782);
#2846=VERTEX_POINT('',#7784);
#2847=VERTEX_POINT('',#7786);
#2848=VERTEX_POINT('',#7790);
#2849=VERTEX_POINT('',#7792);
#2850=VERTEX_POINT('',#7796);
#2851=VERTEX_POINT('',#7798);
#2852=VERTEX_POINT('',#7802);
#2853=VERTEX_POINT('',#7804);
#2854=VERTEX_POINT('',#7808);
#2855=VERTEX_POINT('',#7810);
#2856=VERTEX_POINT('',#7814);
#2857=VERTEX_POINT('',#7816);
#2858=VERTEX_POINT('',#7820);
#2859=VERTEX_POINT('',#7822);
#2860=VERTEX_POINT('',#7826);
#2861=VERTEX_POINT('',#7827);
#2862=VERTEX_POINT('',#7829);
#2863=VERTEX_POINT('',#7831);
#2864=VERTEX_POINT('',#7835);
#2865=VERTEX_POINT('',#7837);
#2866=VERTEX_POINT('',#7841);
#2867=VERTEX_POINT('',#7843);
#2868=VERTEX_POINT('',#7847);
#2869=VERTEX_POINT('',#7849);
#2870=VERTEX_POINT('',#7853);
#2871=VERTEX_POINT('',#7855);
#2872=VERTEX_POINT('',#7859);
#2873=VERTEX_POINT('',#7861);
#2874=VERTEX_POINT('',#7865);
#2875=VERTEX_POINT('',#7867);
#2876=VERTEX_POINT('',#7871);
#2877=VERTEX_POINT('',#7872);
#2878=VERTEX_POINT('',#7874);
#2879=VERTEX_POINT('',#7876);
#2880=VERTEX_POINT('',#7880);
#2881=VERTEX_POINT('',#7882);
#2882=VERTEX_POINT('',#7886);
#2883=VERTEX_POINT('',#7888);
#2884=VERTEX_POINT('',#7892);
#2885=VERTEX_POINT('',#7894);
#2886=VERTEX_POINT('',#7898);
#2887=VERTEX_POINT('',#7900);
#2888=VERTEX_POINT('',#7904);
#2889=VERTEX_POINT('',#7906);
#2890=VERTEX_POINT('',#7910);
#2891=VERTEX_POINT('',#7912);
#2892=VERTEX_POINT('',#7916);
#2893=VERTEX_POINT('',#7917);
#2894=VERTEX_POINT('',#7919);
#2895=VERTEX_POINT('',#7921);
#2896=VERTEX_POINT('',#7925);
#2897=VERTEX_POINT('',#7927);
#2898=VERTEX_POINT('',#7931);
#2899=VERTEX_POINT('',#7933);
#2900=VERTEX_POINT('',#7937);
#2901=VERTEX_POINT('',#7939);
#2902=VERTEX_POINT('',#7943);
#2903=VERTEX_POINT('',#7945);
#2904=VERTEX_POINT('',#7949);
#2905=VERTEX_POINT('',#7951);
#2906=VERTEX_POINT('',#7955);
#2907=VERTEX_POINT('',#7957);
#2908=VERTEX_POINT('',#7961);
#2909=VERTEX_POINT('',#7962);
#2910=VERTEX_POINT('',#7964);
#2911=VERTEX_POINT('',#7966);
#2912=VERTEX_POINT('',#7970);
#2913=VERTEX_POINT('',#7972);
#2914=VERTEX_POINT('',#7976);
#2915=VERTEX_POINT('',#7978);
#2916=VERTEX_POINT('',#7982);
#2917=VERTEX_POINT('',#7984);
#2918=VERTEX_POINT('',#7988);
#2919=VERTEX_POINT('',#7990);
#2920=VERTEX_POINT('',#7994);
#2921=VERTEX_POINT('',#7996);
#2922=VERTEX_POINT('',#8000);
#2923=VERTEX_POINT('',#8002);
#2924=VERTEX_POINT('',#8006);
#2925=VERTEX_POINT('',#8007);
#2926=VERTEX_POINT('',#8009);
#2927=VERTEX_POINT('',#8011);
#2928=VERTEX_POINT('',#8015);
#2929=VERTEX_POINT('',#8017);
#2930=VERTEX_POINT('',#8021);
#2931=VERTEX_POINT('',#8023);
#2932=VERTEX_POINT('',#8027);
#2933=VERTEX_POINT('',#8029);
#2934=VERTEX_POINT('',#8033);
#2935=VERTEX_POINT('',#8035);
#2936=VERTEX_POINT('',#8039);
#2937=VERTEX_POINT('',#8041);
#2938=VERTEX_POINT('',#8045);
#2939=VERTEX_POINT('',#8047);
#2940=VERTEX_POINT('',#8051);
#2941=VERTEX_POINT('',#8052);
#2942=VERTEX_POINT('',#8054);
#2943=VERTEX_POINT('',#8056);
#2944=VERTEX_POINT('',#8060);
#2945=VERTEX_POINT('',#8062);
#2946=VERTEX_POINT('',#8066);
#2947=VERTEX_POINT('',#8068);
#2948=VERTEX_POINT('',#8072);
#2949=VERTEX_POINT('',#8074);
#2950=VERTEX_POINT('',#8078);
#2951=VERTEX_POINT('',#8080);
#2952=VERTEX_POINT('',#8084);
#2953=VERTEX_POINT('',#8086);
#2954=VERTEX_POINT('',#8090);
#2955=VERTEX_POINT('',#8092);
#2956=VERTEX_POINT('',#8096);
#2957=VERTEX_POINT('',#8097);
#2958=VERTEX_POINT('',#8099);
#2959=VERTEX_POINT('',#8101);
#2960=VERTEX_POINT('',#8105);
#2961=VERTEX_POINT('',#8107);
#2962=VERTEX_POINT('',#8111);
#2963=VERTEX_POINT('',#8113);
#2964=VERTEX_POINT('',#8117);
#2965=VERTEX_POINT('',#8119);
#2966=VERTEX_POINT('',#8123);
#2967=VERTEX_POINT('',#8125);
#2968=VERTEX_POINT('',#8129);
#2969=VERTEX_POINT('',#8131);
#2970=VERTEX_POINT('',#8135);
#2971=VERTEX_POINT('',#8137);
#2972=VERTEX_POINT('',#8141);
#2973=VERTEX_POINT('',#8142);
#2974=VERTEX_POINT('',#8144);
#2975=VERTEX_POINT('',#8146);
#2976=VERTEX_POINT('',#8150);
#2977=VERTEX_POINT('',#8152);
#2978=VERTEX_POINT('',#8156);
#2979=VERTEX_POINT('',#8158);
#2980=VERTEX_POINT('',#8162);
#2981=VERTEX_POINT('',#8164);
#2982=VERTEX_POINT('',#8168);
#2983=VERTEX_POINT('',#8170);
#2984=VERTEX_POINT('',#8174);
#2985=VERTEX_POINT('',#8176);
#2986=VERTEX_POINT('',#8180);
#2987=VERTEX_POINT('',#8182);
#2988=VERTEX_POINT('',#8186);
#2989=VERTEX_POINT('',#8187);
#2990=VERTEX_POINT('',#8189);
#2991=VERTEX_POINT('',#8191);
#2992=VERTEX_POINT('',#8195);
#2993=VERTEX_POINT('',#8197);
#2994=VERTEX_POINT('',#8201);
#2995=VERTEX_POINT('',#8203);
#2996=VERTEX_POINT('',#8207);
#2997=VERTEX_POINT('',#8209);
#2998=VERTEX_POINT('',#8213);
#2999=VERTEX_POINT('',#8215);
#3000=VERTEX_POINT('',#8219);
#3001=VERTEX_POINT('',#8221);
#3002=VERTEX_POINT('',#8225);
#3003=VERTEX_POINT('',#8227);
#3004=VERTEX_POINT('',#8231);
#3005=VERTEX_POINT('',#8232);
#3006=VERTEX_POINT('',#8234);
#3007=VERTEX_POINT('',#8236);
#3008=VERTEX_POINT('',#8240);
#3009=VERTEX_POINT('',#8242);
#3010=VERTEX_POINT('',#8246);
#3011=VERTEX_POINT('',#8248);
#3012=VERTEX_POINT('',#8252);
#3013=VERTEX_POINT('',#8254);
#3014=VERTEX_POINT('',#8258);
#3015=VERTEX_POINT('',#8260);
#3016=VERTEX_POINT('',#8264);
#3017=VERTEX_POINT('',#8266);
#3018=VERTEX_POINT('',#8270);
#3019=VERTEX_POINT('',#8272);
#3020=VERTEX_POINT('',#8276);
#3021=VERTEX_POINT('',#8277);
#3022=VERTEX_POINT('',#8279);
#3023=VERTEX_POINT('',#8281);
#3024=VERTEX_POINT('',#8285);
#3025=VERTEX_POINT('',#8287);
#3026=VERTEX_POINT('',#8291);
#3027=VERTEX_POINT('',#8293);
#3028=VERTEX_POINT('',#8297);
#3029=VERTEX_POINT('',#8299);
#3030=VERTEX_POINT('',#8303);
#3031=VERTEX_POINT('',#8305);
#3032=VERTEX_POINT('',#8309);
#3033=VERTEX_POINT('',#8311);
#3034=VERTEX_POINT('',#8315);
#3035=VERTEX_POINT('',#8317);
#3036=VERTEX_POINT('',#8321);
#3037=VERTEX_POINT('',#8322);
#3038=VERTEX_POINT('',#8324);
#3039=VERTEX_POINT('',#8326);
#3040=VERTEX_POINT('',#8330);
#3041=VERTEX_POINT('',#8332);
#3042=VERTEX_POINT('',#8336);
#3043=VERTEX_POINT('',#8338);
#3044=VERTEX_POINT('',#8342);
#3045=VERTEX_POINT('',#8344);
#3046=VERTEX_POINT('',#8348);
#3047=VERTEX_POINT('',#8350);
#3048=VERTEX_POINT('',#8354);
#3049=VERTEX_POINT('',#8356);
#3050=VERTEX_POINT('',#8360);
#3051=VERTEX_POINT('',#8362);
#3052=VERTEX_POINT('',#8366);
#3053=VERTEX_POINT('',#8367);
#3054=VERTEX_POINT('',#8369);
#3055=VERTEX_POINT('',#8371);
#3056=VERTEX_POINT('',#8375);
#3057=VERTEX_POINT('',#8377);
#3058=VERTEX_POINT('',#8381);
#3059=VERTEX_POINT('',#8383);
#3060=VERTEX_POINT('',#8387);
#3061=VERTEX_POINT('',#8389);
#3062=VERTEX_POINT('',#8393);
#3063=VERTEX_POINT('',#8395);
#3064=VERTEX_POINT('',#8399);
#3065=VERTEX_POINT('',#8401);
#3066=VERTEX_POINT('',#8405);
#3067=VERTEX_POINT('',#8407);
#3068=VERTEX_POINT('',#8411);
#3069=VERTEX_POINT('',#8412);
#3070=VERTEX_POINT('',#8414);
#3071=VERTEX_POINT('',#8416);
#3072=VERTEX_POINT('',#8420);
#3073=VERTEX_POINT('',#8422);
#3074=VERTEX_POINT('',#8426);
#3075=VERTEX_POINT('',#8428);
#3076=VERTEX_POINT('',#8432);
#3077=VERTEX_POINT('',#8434);
#3078=VERTEX_POINT('',#8438);
#3079=VERTEX_POINT('',#8440);
#3080=VERTEX_POINT('',#8444);
#3081=VERTEX_POINT('',#8446);
#3082=VERTEX_POINT('',#8450);
#3083=VERTEX_POINT('',#8452);
#3084=VERTEX_POINT('',#8456);
#3085=VERTEX_POINT('',#8457);
#3086=VERTEX_POINT('',#8459);
#3087=VERTEX_POINT('',#8461);
#3088=VERTEX_POINT('',#8465);
#3089=VERTEX_POINT('',#8467);
#3090=VERTEX_POINT('',#8471);
#3091=VERTEX_POINT('',#8473);
#3092=VERTEX_POINT('',#8477);
#3093=VERTEX_POINT('',#8479);
#3094=VERTEX_POINT('',#8483);
#3095=VERTEX_POINT('',#8485);
#3096=VERTEX_POINT('',#8489);
#3097=VERTEX_POINT('',#8491);
#3098=VERTEX_POINT('',#8495);
#3099=VERTEX_POINT('',#8497);
#3100=VERTEX_POINT('',#8501);
#3101=VERTEX_POINT('',#8502);
#3102=VERTEX_POINT('',#8504);
#3103=VERTEX_POINT('',#8506);
#3104=VERTEX_POINT('',#8510);
#3105=VERTEX_POINT('',#8512);
#3106=VERTEX_POINT('',#8516);
#3107=VERTEX_POINT('',#8518);
#3108=VERTEX_POINT('',#8522);
#3109=VERTEX_POINT('',#8524);
#3110=VERTEX_POINT('',#8528);
#3111=VERTEX_POINT('',#8530);
#3112=VERTEX_POINT('',#8534);
#3113=VERTEX_POINT('',#8536);
#3114=VERTEX_POINT('',#8540);
#3115=VERTEX_POINT('',#8542);
#3116=VERTEX_POINT('',#8546);
#3117=VERTEX_POINT('',#8547);
#3118=VERTEX_POINT('',#8549);
#3119=VERTEX_POINT('',#8551);
#3120=VERTEX_POINT('',#8555);
#3121=VERTEX_POINT('',#8557);
#3122=VERTEX_POINT('',#8561);
#3123=VERTEX_POINT('',#8563);
#3124=VERTEX_POINT('',#8567);
#3125=VERTEX_POINT('',#8569);
#3126=VERTEX_POINT('',#8573);
#3127=VERTEX_POINT('',#8575);
#3128=VERTEX_POINT('',#8579);
#3129=VERTEX_POINT('',#8581);
#3130=VERTEX_POINT('',#8585);
#3131=VERTEX_POINT('',#8587);
#3132=VERTEX_POINT('',#8591);
#3133=VERTEX_POINT('',#8592);
#3134=VERTEX_POINT('',#8594);
#3135=VERTEX_POINT('',#8596);
#3136=VERTEX_POINT('',#8600);
#3137=VERTEX_POINT('',#8602);
#3138=VERTEX_POINT('',#8606);
#3139=VERTEX_POINT('',#8608);
#3140=VERTEX_POINT('',#8612);
#3141=VERTEX_POINT('',#8614);
#3142=VERTEX_POINT('',#8618);
#3143=VERTEX_POINT('',#8620);
#3144=VERTEX_POINT('',#8624);
#3145=VERTEX_POINT('',#8626);
#3146=VERTEX_POINT('',#8630);
#3147=VERTEX_POINT('',#8632);
#3148=VERTEX_POINT('',#8636);
#3149=VERTEX_POINT('',#8637);
#3150=VERTEX_POINT('',#8639);
#3151=VERTEX_POINT('',#8641);
#3152=VERTEX_POINT('',#8645);
#3153=VERTEX_POINT('',#8647);
#3154=VERTEX_POINT('',#8651);
#3155=VERTEX_POINT('',#8653);
#3156=VERTEX_POINT('',#8657);
#3157=VERTEX_POINT('',#8659);
#3158=VERTEX_POINT('',#8663);
#3159=VERTEX_POINT('',#8665);
#3160=VERTEX_POINT('',#8669);
#3161=VERTEX_POINT('',#8671);
#3162=VERTEX_POINT('',#8675);
#3163=VERTEX_POINT('',#8677);
#3164=VERTEX_POINT('',#8681);
#3165=VERTEX_POINT('',#8682);
#3166=VERTEX_POINT('',#8684);
#3167=VERTEX_POINT('',#8686);
#3168=VERTEX_POINT('',#8690);
#3169=VERTEX_POINT('',#8692);
#3170=VERTEX_POINT('',#8696);
#3171=VERTEX_POINT('',#8698);
#3172=VERTEX_POINT('',#8702);
#3173=VERTEX_POINT('',#8704);
#3174=VERTEX_POINT('',#8708);
#3175=VERTEX_POINT('',#8710);
#3176=VERTEX_POINT('',#8714);
#3177=VERTEX_POINT('',#8716);
#3178=VERTEX_POINT('',#8720);
#3179=VERTEX_POINT('',#8722);
#3180=VERTEX_POINT('',#8726);
#3181=VERTEX_POINT('',#8727);
#3182=VERTEX_POINT('',#8729);
#3183=VERTEX_POINT('',#8731);
#3184=VERTEX_POINT('',#8735);
#3185=VERTEX_POINT('',#8737);
#3186=VERTEX_POINT('',#8741);
#3187=VERTEX_POINT('',#8743);
#3188=VERTEX_POINT('',#8747);
#3189=VERTEX_POINT('',#8749);
#3190=VERTEX_POINT('',#8753);
#3191=VERTEX_POINT('',#8755);
#3192=VERTEX_POINT('',#8759);
#3193=VERTEX_POINT('',#8761);
#3194=VERTEX_POINT('',#8765);
#3195=VERTEX_POINT('',#8767);
#3196=VERTEX_POINT('',#8771);
#3197=VERTEX_POINT('',#8772);
#3198=VERTEX_POINT('',#8774);
#3199=VERTEX_POINT('',#8776);
#3200=VERTEX_POINT('',#8780);
#3201=VERTEX_POINT('',#8782);
#3202=VERTEX_POINT('',#8786);
#3203=VERTEX_POINT('',#8788);
#3204=VERTEX_POINT('',#8792);
#3205=VERTEX_POINT('',#8794);
#3206=VERTEX_POINT('',#8798);
#3207=VERTEX_POINT('',#8800);
#3208=VERTEX_POINT('',#8804);
#3209=VERTEX_POINT('',#8806);
#3210=VERTEX_POINT('',#8810);
#3211=VERTEX_POINT('',#8812);
#3212=VERTEX_POINT('',#8816);
#3213=VERTEX_POINT('',#8817);
#3214=VERTEX_POINT('',#8819);
#3215=VERTEX_POINT('',#8821);
#3216=VERTEX_POINT('',#8825);
#3217=VERTEX_POINT('',#8827);
#3218=VERTEX_POINT('',#8831);
#3219=VERTEX_POINT('',#8833);
#3220=VERTEX_POINT('',#8837);
#3221=VERTEX_POINT('',#8839);
#3222=VERTEX_POINT('',#8843);
#3223=VERTEX_POINT('',#8845);
#3224=VERTEX_POINT('',#8849);
#3225=VERTEX_POINT('',#8851);
#3226=VERTEX_POINT('',#8855);
#3227=VERTEX_POINT('',#8857);
#3228=VERTEX_POINT('',#8949);
#3229=VERTEX_POINT('',#8951);
#3230=VERTEX_POINT('',#8953);
#3231=VERTEX_POINT('',#8955);
#3232=VERTEX_POINT('',#8957);
#3233=VERTEX_POINT('',#8960);
#3234=VERTEX_POINT('',#8962);
#3235=VERTEX_POINT('',#8964);
#3236=VERTEX_POINT('',#8966);
#3237=VERTEX_POINT('',#8968);
#3238=VERTEX_POINT('',#8971);
#3239=VERTEX_POINT('',#8974);
#3240=VERTEX_POINT('',#8977);
#3241=VERTEX_POINT('',#8980);
#3242=VERTEX_POINT('',#8983);
#3243=LINE('',#7439,#3749);
#3244=LINE('',#7444,#3750);
#3245=LINE('',#7448,#3751);
#3246=LINE('',#7451,#3752);
#3247=LINE('',#7453,#3753);
#3248=LINE('',#7455,#3754);
#3249=LINE('',#7459,#3755);
#3250=LINE('',#7463,#3756);
#3251=LINE('',#7465,#3757);
#3252=LINE('',#7467,#3758);
#3253=LINE('',#7471,#3759);
#3254=LINE('',#7475,#3760);
#3255=LINE('',#7477,#3761);
#3256=LINE('',#7479,#3762);
#3257=LINE('',#7483,#3763);
#3258=LINE('',#7487,#3764);
#3259=LINE('',#7489,#3765);
#3260=LINE('',#7491,#3766);
#3261=LINE('',#7495,#3767);
#3262=LINE('',#7499,#3768);
#3263=LINE('',#7501,#3769);
#3264=LINE('',#7503,#3770);
#3265=LINE('',#7507,#3771);
#3266=LINE('',#7511,#3772);
#3267=LINE('',#7513,#3773);
#3268=LINE('',#7515,#3774);
#3269=LINE('',#7519,#3775);
#3270=LINE('',#7523,#3776);
#3271=LINE('',#7525,#3777);
#3272=LINE('',#7527,#3778);
#3273=LINE('',#7529,#3779);
#3274=LINE('',#7531,#3780);
#3275=LINE('',#7533,#3781);
#3276=LINE('',#7534,#3782);
#3277=LINE('',#7536,#3783);
#3278=LINE('',#7539,#3784);
#3279=LINE('',#7540,#3785);
#3280=LINE('',#7542,#3786);
#3281=LINE('',#7544,#3787);
#3282=LINE('',#7546,#3788);
#3283=LINE('',#7548,#3789);
#3284=LINE('',#7550,#3790);
#3285=LINE('',#7554,#3791);
#3286=LINE('',#7558,#3792);
#3287=LINE('',#7560,#3793);
#3288=LINE('',#7562,#3794);
#3289=LINE('',#7566,#3795);
#3290=LINE('',#7570,#3796);
#3291=LINE('',#7572,#3797);
#3292=LINE('',#7574,#3798);
#3293=LINE('',#7578,#3799);
#3294=LINE('',#7582,#3800);
#3295=LINE('',#7584,#3801);
#3296=LINE('',#7586,#3802);
#3297=LINE('',#7590,#3803);
#3298=LINE('',#7594,#3804);
#3299=LINE('',#7596,#3805);
#3300=LINE('',#7598,#3806);
#3301=LINE('',#7603,#3807);
#3302=LINE('',#7607,#3808);
#3303=LINE('',#7609,#3809);
#3304=LINE('',#7611,#3810);
#3305=LINE('',#7613,#3811);
#3306=LINE('',#7617,#3812);
#3307=LINE('',#7621,#3813);
#3308=LINE('',#7623,#3814);
#3309=LINE('',#7625,#3815);
#3310=LINE('',#7629,#3816);
#3311=LINE('',#7633,#3817);
#3312=LINE('',#7635,#3818);
#3313=LINE('',#7637,#3819);
#3314=LINE('',#7641,#3820);
#3315=LINE('',#7648,#3821);
#3316=LINE('',#7652,#3822);
#3317=LINE('',#7654,#3823);
#3318=LINE('',#7656,#3824);
#3319=LINE('',#7658,#3825);
#3320=LINE('',#7662,#3826);
#3321=LINE('',#7666,#3827);
#3322=LINE('',#7668,#3828);
#3323=LINE('',#7670,#3829);
#3324=LINE('',#7674,#3830);
#3325=LINE('',#7678,#3831);
#3326=LINE('',#7680,#3832);
#3327=LINE('',#7682,#3833);
#3328=LINE('',#7686,#3834);
#3329=LINE('',#7693,#3835);
#3330=LINE('',#7697,#3836);
#3331=LINE('',#7699,#3837);
#3332=LINE('',#7701,#3838);
#3333=LINE('',#7703,#3839);
#3334=LINE('',#7707,#3840);
#3335=LINE('',#7711,#3841);
#3336=LINE('',#7713,#3842);
#3337=LINE('',#7715,#3843);
#3338=LINE('',#7719,#3844);
#3339=LINE('',#7723,#3845);
#3340=LINE('',#7725,#3846);
#3341=LINE('',#7727,#3847);
#3342=LINE('',#7731,#3848);
#3343=LINE('',#7738,#3849);
#3344=LINE('',#7742,#3850);
#3345=LINE('',#7744,#3851);
#3346=LINE('',#7746,#3852);
#3347=LINE('',#7748,#3853);
#3348=LINE('',#7752,#3854);
#3349=LINE('',#7756,#3855);
#3350=LINE('',#7758,#3856);
#3351=LINE('',#7760,#3857);
#3352=LINE('',#7764,#3858);
#3353=LINE('',#7768,#3859);
#3354=LINE('',#7770,#3860);
#3355=LINE('',#7772,#3861);
#3356=LINE('',#7776,#3862);
#3357=LINE('',#7783,#3863);
#3358=LINE('',#7787,#3864);
#3359=LINE('',#7789,#3865);
#3360=LINE('',#7791,#3866);
#3361=LINE('',#7793,#3867);
#3362=LINE('',#7797,#3868);
#3363=LINE('',#7801,#3869);
#3364=LINE('',#7803,#3870);
#3365=LINE('',#7805,#3871);
#3366=LINE('',#7809,#3872);
#3367=LINE('',#7813,#3873);
#3368=LINE('',#7815,#3874);
#3369=LINE('',#7817,#3875);
#3370=LINE('',#7821,#3876);
#3371=LINE('',#7828,#3877);
#3372=LINE('',#7832,#3878);
#3373=LINE('',#7834,#3879);
#3374=LINE('',#7836,#3880);
#3375=LINE('',#7838,#3881);
#3376=LINE('',#7842,#3882);
#3377=LINE('',#7846,#3883);
#3378=LINE('',#7848,#3884);
#3379=LINE('',#7850,#3885);
#3380=LINE('',#7854,#3886);
#3381=LINE('',#7858,#3887);
#3382=LINE('',#7860,#3888);
#3383=LINE('',#7862,#3889);
#3384=LINE('',#7866,#3890);
#3385=LINE('',#7873,#3891);
#3386=LINE('',#7877,#3892);
#3387=LINE('',#7879,#3893);
#3388=LINE('',#7881,#3894);
#3389=LINE('',#7883,#3895);
#3390=LINE('',#7887,#3896);
#3391=LINE('',#7891,#3897);
#3392=LINE('',#7893,#3898);
#3393=LINE('',#7895,#3899);
#3394=LINE('',#7899,#3900);
#3395=LINE('',#7903,#3901);
#3396=LINE('',#7905,#3902);
#3397=LINE('',#7907,#3903);
#3398=LINE('',#7911,#3904);
#3399=LINE('',#7918,#3905);
#3400=LINE('',#7922,#3906);
#3401=LINE('',#7924,#3907);
#3402=LINE('',#7926,#3908);
#3403=LINE('',#7928,#3909);
#3404=LINE('',#7932,#3910);
#3405=LINE('',#7936,#3911);
#3406=LINE('',#7938,#3912);
#3407=LINE('',#7940,#3913);
#3408=LINE('',#7944,#3914);
#3409=LINE('',#7948,#3915);
#3410=LINE('',#7950,#3916);
#3411=LINE('',#7952,#3917);
#3412=LINE('',#7956,#3918);
#3413=LINE('',#7963,#3919);
#3414=LINE('',#7967,#3920);
#3415=LINE('',#7969,#3921);
#3416=LINE('',#7971,#3922);
#3417=LINE('',#7973,#3923);
#3418=LINE('',#7977,#3924);
#3419=LINE('',#7981,#3925);
#3420=LINE('',#7983,#3926);
#3421=LINE('',#7985,#3927);
#3422=LINE('',#7989,#3928);
#3423=LINE('',#7993,#3929);
#3424=LINE('',#7995,#3930);
#3425=LINE('',#7997,#3931);
#3426=LINE('',#8001,#3932);
#3427=LINE('',#8008,#3933);
#3428=LINE('',#8012,#3934);
#3429=LINE('',#8014,#3935);
#3430=LINE('',#8016,#3936);
#3431=LINE('',#8018,#3937);
#3432=LINE('',#8022,#3938);
#3433=LINE('',#8026,#3939);
#3434=LINE('',#8028,#3940);
#3435=LINE('',#8030,#3941);
#3436=LINE('',#8034,#3942);
#3437=LINE('',#8038,#3943);
#3438=LINE('',#8040,#3944);
#3439=LINE('',#8042,#3945);
#3440=LINE('',#8046,#3946);
#3441=LINE('',#8053,#3947);
#3442=LINE('',#8057,#3948);
#3443=LINE('',#8059,#3949);
#3444=LINE('',#8061,#3950);
#3445=LINE('',#8063,#3951);
#3446=LINE('',#8067,#3952);
#3447=LINE('',#8071,#3953);
#3448=LINE('',#8073,#3954);
#3449=LINE('',#8075,#3955);
#3450=LINE('',#8079,#3956);
#3451=LINE('',#8083,#3957);
#3452=LINE('',#8085,#3958);
#3453=LINE('',#8087,#3959);
#3454=LINE('',#8091,#3960);
#3455=LINE('',#8098,#3961);
#3456=LINE('',#8102,#3962);
#3457=LINE('',#8104,#3963);
#3458=LINE('',#8106,#3964);
#3459=LINE('',#8108,#3965);
#3460=LINE('',#8112,#3966);
#3461=LINE('',#8116,#3967);
#3462=LINE('',#8118,#3968);
#3463=LINE('',#8120,#3969);
#3464=LINE('',#8124,#3970);
#3465=LINE('',#8128,#3971);
#3466=LINE('',#8130,#3972);
#3467=LINE('',#8132,#3973);
#3468=LINE('',#8136,#3974);
#3469=LINE('',#8143,#3975);
#3470=LINE('',#8147,#3976);
#3471=LINE('',#8149,#3977);
#3472=LINE('',#8151,#3978);
#3473=LINE('',#8153,#3979);
#3474=LINE('',#8157,#3980);
#3475=LINE('',#8161,#3981);
#3476=LINE('',#8163,#3982);
#3477=LINE('',#8165,#3983);
#3478=LINE('',#8169,#3984);
#3479=LINE('',#8173,#3985);
#3480=LINE('',#8175,#3986);
#3481=LINE('',#8177,#3987);
#3482=LINE('',#8181,#3988);
#3483=LINE('',#8188,#3989);
#3484=LINE('',#8192,#3990);
#3485=LINE('',#8194,#3991);
#3486=LINE('',#8196,#3992);
#3487=LINE('',#8198,#3993);
#3488=LINE('',#8202,#3994);
#3489=LINE('',#8206,#3995);
#3490=LINE('',#8208,#3996);
#3491=LINE('',#8210,#3997);
#3492=LINE('',#8214,#3998);
#3493=LINE('',#8218,#3999);
#3494=LINE('',#8220,#4000);
#3495=LINE('',#8222,#4001);
#3496=LINE('',#8226,#4002);
#3497=LINE('',#8233,#4003);
#3498=LINE('',#8237,#4004);
#3499=LINE('',#8239,#4005);
#3500=LINE('',#8241,#4006);
#3501=LINE('',#8243,#4007);
#3502=LINE('',#8247,#4008);
#3503=LINE('',#8251,#4009);
#3504=LINE('',#8253,#4010);
#3505=LINE('',#8255,#4011);
#3506=LINE('',#8259,#4012);
#3507=LINE('',#8263,#4013);
#3508=LINE('',#8265,#4014);
#3509=LINE('',#8267,#4015);
#3510=LINE('',#8271,#4016);
#3511=LINE('',#8278,#4017);
#3512=LINE('',#8282,#4018);
#3513=LINE('',#8284,#4019);
#3514=LINE('',#8286,#4020);
#3515=LINE('',#8288,#4021);
#3516=LINE('',#8292,#4022);
#3517=LINE('',#8296,#4023);
#3518=LINE('',#8298,#4024);
#3519=LINE('',#8300,#4025);
#3520=LINE('',#8304,#4026);
#3521=LINE('',#8308,#4027);
#3522=LINE('',#8310,#4028);
#3523=LINE('',#8312,#4029);
#3524=LINE('',#8316,#4030);
#3525=LINE('',#8323,#4031);
#3526=LINE('',#8327,#4032);
#3527=LINE('',#8329,#4033);
#3528=LINE('',#8331,#4034);
#3529=LINE('',#8333,#4035);
#3530=LINE('',#8337,#4036);
#3531=LINE('',#8341,#4037);
#3532=LINE('',#8343,#4038);
#3533=LINE('',#8345,#4039);
#3534=LINE('',#8349,#4040);
#3535=LINE('',#8353,#4041);
#3536=LINE('',#8355,#4042);
#3537=LINE('',#8357,#4043);
#3538=LINE('',#8361,#4044);
#3539=LINE('',#8368,#4045);
#3540=LINE('',#8372,#4046);
#3541=LINE('',#8374,#4047);
#3542=LINE('',#8376,#4048);
#3543=LINE('',#8378,#4049);
#3544=LINE('',#8382,#4050);
#3545=LINE('',#8386,#4051);
#3546=LINE('',#8388,#4052);
#3547=LINE('',#8390,#4053);
#3548=LINE('',#8394,#4054);
#3549=LINE('',#8398,#4055);
#3550=LINE('',#8400,#4056);
#3551=LINE('',#8402,#4057);
#3552=LINE('',#8406,#4058);
#3553=LINE('',#8413,#4059);
#3554=LINE('',#8417,#4060);
#3555=LINE('',#8419,#4061);
#3556=LINE('',#8421,#4062);
#3557=LINE('',#8423,#4063);
#3558=LINE('',#8427,#4064);
#3559=LINE('',#8431,#4065);
#3560=LINE('',#8433,#4066);
#3561=LINE('',#8435,#4067);
#3562=LINE('',#8439,#4068);
#3563=LINE('',#8443,#4069);
#3564=LINE('',#8445,#4070);
#3565=LINE('',#8447,#4071);
#3566=LINE('',#8451,#4072);
#3567=LINE('',#8458,#4073);
#3568=LINE('',#8462,#4074);
#3569=LINE('',#8464,#4075);
#3570=LINE('',#8466,#4076);
#3571=LINE('',#8468,#4077);
#3572=LINE('',#8472,#4078);
#3573=LINE('',#8476,#4079);
#3574=LINE('',#8478,#4080);
#3575=LINE('',#8480,#4081);
#3576=LINE('',#8484,#4082);
#3577=LINE('',#8488,#4083);
#3578=LINE('',#8490,#4084);
#3579=LINE('',#8492,#4085);
#3580=LINE('',#8496,#4086);
#3581=LINE('',#8503,#4087);
#3582=LINE('',#8507,#4088);
#3583=LINE('',#8509,#4089);
#3584=LINE('',#8511,#4090);
#3585=LINE('',#8513,#4091);
#3586=LINE('',#8517,#4092);
#3587=LINE('',#8521,#4093);
#3588=LINE('',#8523,#4094);
#3589=LINE('',#8525,#4095);
#3590=LINE('',#8529,#4096);
#3591=LINE('',#8533,#4097);
#3592=LINE('',#8535,#4098);
#3593=LINE('',#8537,#4099);
#3594=LINE('',#8541,#4100);
#3595=LINE('',#8548,#4101);
#3596=LINE('',#8552,#4102);
#3597=LINE('',#8554,#4103);
#3598=LINE('',#8556,#4104);
#3599=LINE('',#8558,#4105);
#3600=LINE('',#8562,#4106);
#3601=LINE('',#8566,#4107);
#3602=LINE('',#8568,#4108);
#3603=LINE('',#8570,#4109);
#3604=LINE('',#8574,#4110);
#3605=LINE('',#8578,#4111);
#3606=LINE('',#8580,#4112);
#3607=LINE('',#8582,#4113);
#3608=LINE('',#8586,#4114);
#3609=LINE('',#8593,#4115);
#3610=LINE('',#8597,#4116);
#3611=LINE('',#8599,#4117);
#3612=LINE('',#8601,#4118);
#3613=LINE('',#8603,#4119);
#3614=LINE('',#8607,#4120);
#3615=LINE('',#8611,#4121);
#3616=LINE('',#8613,#4122);
#3617=LINE('',#8615,#4123);
#3618=LINE('',#8619,#4124);
#3619=LINE('',#8623,#4125);
#3620=LINE('',#8625,#4126);
#3621=LINE('',#8627,#4127);
#3622=LINE('',#8631,#4128);
#3623=LINE('',#8638,#4129);
#3624=LINE('',#8642,#4130);
#3625=LINE('',#8644,#4131);
#3626=LINE('',#8646,#4132);
#3627=LINE('',#8648,#4133);
#3628=LINE('',#8652,#4134);
#3629=LINE('',#8656,#4135);
#3630=LINE('',#8658,#4136);
#3631=LINE('',#8660,#4137);
#3632=LINE('',#8664,#4138);
#3633=LINE('',#8668,#4139);
#3634=LINE('',#8670,#4140);
#3635=LINE('',#8672,#4141);
#3636=LINE('',#8676,#4142);
#3637=LINE('',#8683,#4143);
#3638=LINE('',#8687,#4144);
#3639=LINE('',#8689,#4145);
#3640=LINE('',#8691,#4146);
#3641=LINE('',#8693,#4147);
#3642=LINE('',#8697,#4148);
#3643=LINE('',#8701,#4149);
#3644=LINE('',#8703,#4150);
#3645=LINE('',#8705,#4151);
#3646=LINE('',#8709,#4152);
#3647=LINE('',#8713,#4153);
#3648=LINE('',#8715,#4154);
#3649=LINE('',#8717,#4155);
#3650=LINE('',#8721,#4156);
#3651=LINE('',#8728,#4157);
#3652=LINE('',#8732,#4158);
#3653=LINE('',#8734,#4159);
#3654=LINE('',#8736,#4160);
#3655=LINE('',#8738,#4161);
#3656=LINE('',#8742,#4162);
#3657=LINE('',#8746,#4163);
#3658=LINE('',#8748,#4164);
#3659=LINE('',#8750,#4165);
#3660=LINE('',#8754,#4166);
#3661=LINE('',#8758,#4167);
#3662=LINE('',#8760,#4168);
#3663=LINE('',#8762,#4169);
#3664=LINE('',#8766,#4170);
#3665=LINE('',#8773,#4171);
#3666=LINE('',#8777,#4172);
#3667=LINE('',#8779,#4173);
#3668=LINE('',#8781,#4174);
#3669=LINE('',#8783,#4175);
#3670=LINE('',#8787,#4176);
#3671=LINE('',#8791,#4177);
#3672=LINE('',#8793,#4178);
#3673=LINE('',#8795,#4179);
#3674=LINE('',#8799,#4180);
#3675=LINE('',#8803,#4181);
#3676=LINE('',#8805,#4182);
#3677=LINE('',#8807,#4183);
#3678=LINE('',#8811,#4184);
#3679=LINE('',#8818,#4185);
#3680=LINE('',#8822,#4186);
#3681=LINE('',#8824,#4187);
#3682=LINE('',#8826,#4188);
#3683=LINE('',#8828,#4189);
#3684=LINE('',#8832,#4190);
#3685=LINE('',#8836,#4191);
#3686=LINE('',#8838,#4192);
#3687=LINE('',#8840,#4193);
#3688=LINE('',#8844,#4194);
#3689=LINE('',#8848,#4195);
#3690=LINE('',#8850,#4196);
#3691=LINE('',#8852,#4197);
#3692=LINE('',#8856,#4198);
#3693=LINE('',#8860,#4199);
#3694=LINE('',#8861,#4200);
#3695=LINE('',#8863,#4201);
#3696=LINE('',#8864,#4202);
#3697=LINE('',#8866,#4203);
#3698=LINE('',#8867,#4204);
#3699=LINE('',#8869,#4205);
#3700=LINE('',#8870,#4206);
#3701=LINE('',#8872,#4207);
#3702=LINE('',#8873,#4208);
#3703=LINE('',#8875,#4209);
#3704=LINE('',#8876,#4210);
#3705=LINE('',#8878,#4211);
#3706=LINE('',#8879,#4212);
#3707=LINE('',#8881,#4213);
#3708=LINE('',#8882,#4214);
#3709=LINE('',#8884,#4215);
#3710=LINE('',#8885,#4216);
#3711=LINE('',#8887,#4217);
#3712=LINE('',#8888,#4218);
#3713=LINE('',#8890,#4219);
#3714=LINE('',#8891,#4220);
#3715=LINE('',#8893,#4221);
#3716=LINE('',#8894,#4222);
#3717=LINE('',#8896,#4223);
#3718=LINE('',#8897,#4224);
#3719=LINE('',#8899,#4225);
#3720=LINE('',#8900,#4226);
#3721=LINE('',#8902,#4227);
#3722=LINE('',#8903,#4228);
#3723=LINE('',#8905,#4229);
#3724=LINE('',#8906,#4230);
#3725=LINE('',#8908,#4231);
#3726=LINE('',#8909,#4232);
#3727=LINE('',#8911,#4233);
#3728=LINE('',#8912,#4234);
#3729=LINE('',#8914,#4235);
#3730=LINE('',#8915,#4236);
#3731=LINE('',#8917,#4237);
#3732=LINE('',#8918,#4238);
#3733=LINE('',#8920,#4239);
#3734=LINE('',#8921,#4240);
#3735=LINE('',#8923,#4241);
#3736=LINE('',#8924,#4242);
#3737=LINE('',#8926,#4243);
#3738=LINE('',#8927,#4244);
#3739=LINE('',#8929,#4245);
#3740=LINE('',#8930,#4246);
#3741=LINE('',#8932,#4247);
#3742=LINE('',#8933,#4248);
#3743=LINE('',#8935,#4249);
#3744=LINE('',#8936,#4250);
#3745=LINE('',#8938,#4251);
#3746=LINE('',#8939,#4252);
#3747=LINE('',#8941,#4253);
#3748=LINE('',#8942,#4254);
#3749=VECTOR('',#5875,1.);
#3750=VECTOR('',#5878,1.);
#3751=VECTOR('',#5883,1.);
#3752=VECTOR('',#5884,1.);
#3753=VECTOR('',#5885,1.);
#3754=VECTOR('',#5886,1.);
#3755=VECTOR('',#5891,1.);
#3756=VECTOR('',#5896,1.);
#3757=VECTOR('',#5897,1.);
#3758=VECTOR('',#5898,1.);
#3759=VECTOR('',#5903,1.);
#3760=VECTOR('',#5908,1.);
#3761=VECTOR('',#5909,1.);
#3762=VECTOR('',#5910,1.);
#3763=VECTOR('',#5915,1.);
#3764=VECTOR('',#5920,1.);
#3765=VECTOR('',#5921,1.);
#3766=VECTOR('',#5922,1.);
#3767=VECTOR('',#5927,1.);
#3768=VECTOR('',#5932,1.);
#3769=VECTOR('',#5933,1.);
#3770=VECTOR('',#5934,1.);
#3771=VECTOR('',#5939,1.);
#3772=VECTOR('',#5944,1.);
#3773=VECTOR('',#5945,1.);
#3774=VECTOR('',#5946,1.);
#3775=VECTOR('',#5951,1.);
#3776=VECTOR('',#5956,1.);
#3777=VECTOR('',#5957,1.);
#3778=VECTOR('',#5958,1.);
#3779=VECTOR('',#5959,1.);
#3780=VECTOR('',#5960,1.);
#3781=VECTOR('',#5963,1.);
#3782=VECTOR('',#5964,1.);
#3783=VECTOR('',#5967,1.);
#3784=VECTOR('',#5968,1.);
#3785=VECTOR('',#5969,1.);
#3786=VECTOR('',#5972,1.);
#3787=VECTOR('',#5973,1.);
#3788=VECTOR('',#5974,1.);
#3789=VECTOR('',#5975,1.);
#3790=VECTOR('',#5976,1.);
#3791=VECTOR('',#5981,1.);
#3792=VECTOR('',#5986,1.);
#3793=VECTOR('',#5987,1.);
#3794=VECTOR('',#5988,1.);
#3795=VECTOR('',#5993,1.);
#3796=VECTOR('',#5998,1.);
#3797=VECTOR('',#5999,1.);
#3798=VECTOR('',#6000,1.);
#3799=VECTOR('',#6005,1.);
#3800=VECTOR('',#6010,1.);
#3801=VECTOR('',#6011,1.);
#3802=VECTOR('',#6012,1.);
#3803=VECTOR('',#6017,1.);
#3804=VECTOR('',#6022,1.);
#3805=VECTOR('',#6023,1.);
#3806=VECTOR('',#6024,1.);
#3807=VECTOR('',#6029,1.);
#3808=VECTOR('',#6032,1.);
#3809=VECTOR('',#6035,1.);
#3810=VECTOR('',#6036,1.);
#3811=VECTOR('',#6037,1.);
#3812=VECTOR('',#6042,1.);
#3813=VECTOR('',#6047,1.);
#3814=VECTOR('',#6048,1.);
#3815=VECTOR('',#6049,1.);
#3816=VECTOR('',#6054,1.);
#3817=VECTOR('',#6059,1.);
#3818=VECTOR('',#6060,1.);
#3819=VECTOR('',#6061,1.);
#3820=VECTOR('',#6066,1.);
#3821=VECTOR('',#6073,1.);
#3822=VECTOR('',#6076,1.);
#3823=VECTOR('',#6079,1.);
#3824=VECTOR('',#6080,1.);
#3825=VECTOR('',#6081,1.);
#3826=VECTOR('',#6086,1.);
#3827=VECTOR('',#6091,1.);
#3828=VECTOR('',#6092,1.);
#3829=VECTOR('',#6093,1.);
#3830=VECTOR('',#6098,1.);
#3831=VECTOR('',#6103,1.);
#3832=VECTOR('',#6104,1.);
#3833=VECTOR('',#6105,1.);
#3834=VECTOR('',#6110,1.);
#3835=VECTOR('',#6117,1.);
#3836=VECTOR('',#6120,1.);
#3837=VECTOR('',#6123,1.);
#3838=VECTOR('',#6124,1.);
#3839=VECTOR('',#6125,1.);
#3840=VECTOR('',#6130,1.);
#3841=VECTOR('',#6135,1.);
#3842=VECTOR('',#6136,1.);
#3843=VECTOR('',#6137,1.);
#3844=VECTOR('',#6142,1.);
#3845=VECTOR('',#6147,1.);
#3846=VECTOR('',#6148,1.);
#3847=VECTOR('',#6149,1.);
#3848=VECTOR('',#6154,1.);
#3849=VECTOR('',#6161,1.);
#3850=VECTOR('',#6164,1.);
#3851=VECTOR('',#6167,1.);
#3852=VECTOR('',#6168,1.);
#3853=VECTOR('',#6169,1.);
#3854=VECTOR('',#6174,1.);
#3855=VECTOR('',#6179,1.);
#3856=VECTOR('',#6180,1.);
#3857=VECTOR('',#6181,1.);
#3858=VECTOR('',#6186,1.);
#3859=VECTOR('',#6191,1.);
#3860=VECTOR('',#6192,1.);
#3861=VECTOR('',#6193,1.);
#3862=VECTOR('',#6198,1.);
#3863=VECTOR('',#6205,1.);
#3864=VECTOR('',#6208,1.);
#3865=VECTOR('',#6211,1.);
#3866=VECTOR('',#6212,1.);
#3867=VECTOR('',#6213,1.);
#3868=VECTOR('',#6218,1.);
#3869=VECTOR('',#6223,1.);
#3870=VECTOR('',#6224,1.);
#3871=VECTOR('',#6225,1.);
#3872=VECTOR('',#6230,1.);
#3873=VECTOR('',#6235,1.);
#3874=VECTOR('',#6236,1.);
#3875=VECTOR('',#6237,1.);
#3876=VECTOR('',#6242,1.);
#3877=VECTOR('',#6249,1.);
#3878=VECTOR('',#6252,1.);
#3879=VECTOR('',#6255,1.);
#3880=VECTOR('',#6256,1.);
#3881=VECTOR('',#6257,1.);
#3882=VECTOR('',#6262,1.);
#3883=VECTOR('',#6267,1.);
#3884=VECTOR('',#6268,1.);
#3885=VECTOR('',#6269,1.);
#3886=VECTOR('',#6274,1.);
#3887=VECTOR('',#6279,1.);
#3888=VECTOR('',#6280,1.);
#3889=VECTOR('',#6281,1.);
#3890=VECTOR('',#6286,1.);
#3891=VECTOR('',#6293,1.);
#3892=VECTOR('',#6296,1.);
#3893=VECTOR('',#6299,1.);
#3894=VECTOR('',#6300,1.);
#3895=VECTOR('',#6301,1.);
#3896=VECTOR('',#6306,1.);
#3897=VECTOR('',#6311,1.);
#3898=VECTOR('',#6312,1.);
#3899=VECTOR('',#6313,1.);
#3900=VECTOR('',#6318,1.);
#3901=VECTOR('',#6323,1.);
#3902=VECTOR('',#6324,1.);
#3903=VECTOR('',#6325,1.);
#3904=VECTOR('',#6330,1.);
#3905=VECTOR('',#6337,1.);
#3906=VECTOR('',#6340,1.);
#3907=VECTOR('',#6343,1.);
#3908=VECTOR('',#6344,1.);
#3909=VECTOR('',#6345,1.);
#3910=VECTOR('',#6350,1.);
#3911=VECTOR('',#6355,1.);
#3912=VECTOR('',#6356,1.);
#3913=VECTOR('',#6357,1.);
#3914=VECTOR('',#6362,1.);
#3915=VECTOR('',#6367,1.);
#3916=VECTOR('',#6368,1.);
#3917=VECTOR('',#6369,1.);
#3918=VECTOR('',#6374,1.);
#3919=VECTOR('',#6381,1.);
#3920=VECTOR('',#6384,1.);
#3921=VECTOR('',#6387,1.);
#3922=VECTOR('',#6388,1.);
#3923=VECTOR('',#6389,1.);
#3924=VECTOR('',#6394,1.);
#3925=VECTOR('',#6399,1.);
#3926=VECTOR('',#6400,1.);
#3927=VECTOR('',#6401,1.);
#3928=VECTOR('',#6406,1.);
#3929=VECTOR('',#6411,1.);
#3930=VECTOR('',#6412,1.);
#3931=VECTOR('',#6413,1.);
#3932=VECTOR('',#6418,1.);
#3933=VECTOR('',#6425,1.);
#3934=VECTOR('',#6428,1.);
#3935=VECTOR('',#6431,1.);
#3936=VECTOR('',#6432,1.);
#3937=VECTOR('',#6433,1.);
#3938=VECTOR('',#6438,1.);
#3939=VECTOR('',#6443,1.);
#3940=VECTOR('',#6444,1.);
#3941=VECTOR('',#6445,1.);
#3942=VECTOR('',#6450,1.);
#3943=VECTOR('',#6455,1.);
#3944=VECTOR('',#6456,1.);
#3945=VECTOR('',#6457,1.);
#3946=VECTOR('',#6462,1.);
#3947=VECTOR('',#6469,1.);
#3948=VECTOR('',#6472,1.);
#3949=VECTOR('',#6475,1.);
#3950=VECTOR('',#6476,1.);
#3951=VECTOR('',#6477,1.);
#3952=VECTOR('',#6482,1.);
#3953=VECTOR('',#6487,1.);
#3954=VECTOR('',#6488,1.);
#3955=VECTOR('',#6489,1.);
#3956=VECTOR('',#6494,1.);
#3957=VECTOR('',#6499,1.);
#3958=VECTOR('',#6500,1.);
#3959=VECTOR('',#6501,1.);
#3960=VECTOR('',#6506,1.);
#3961=VECTOR('',#6513,1.);
#3962=VECTOR('',#6516,1.);
#3963=VECTOR('',#6519,1.);
#3964=VECTOR('',#6520,1.);
#3965=VECTOR('',#6521,1.);
#3966=VECTOR('',#6526,1.);
#3967=VECTOR('',#6531,1.);
#3968=VECTOR('',#6532,1.);
#3969=VECTOR('',#6533,1.);
#3970=VECTOR('',#6538,1.);
#3971=VECTOR('',#6543,1.);
#3972=VECTOR('',#6544,1.);
#3973=VECTOR('',#6545,1.);
#3974=VECTOR('',#6550,1.);
#3975=VECTOR('',#6557,1.);
#3976=VECTOR('',#6560,1.);
#3977=VECTOR('',#6563,1.);
#3978=VECTOR('',#6564,1.);
#3979=VECTOR('',#6565,1.);
#3980=VECTOR('',#6570,1.);
#3981=VECTOR('',#6575,1.);
#3982=VECTOR('',#6576,1.);
#3983=VECTOR('',#6577,1.);
#3984=VECTOR('',#6582,1.);
#3985=VECTOR('',#6587,1.);
#3986=VECTOR('',#6588,1.);
#3987=VECTOR('',#6589,1.);
#3988=VECTOR('',#6594,1.);
#3989=VECTOR('',#6601,1.);
#3990=VECTOR('',#6604,1.);
#3991=VECTOR('',#6607,1.);
#3992=VECTOR('',#6608,1.);
#3993=VECTOR('',#6609,1.);
#3994=VECTOR('',#6614,1.);
#3995=VECTOR('',#6619,1.);
#3996=VECTOR('',#6620,1.);
#3997=VECTOR('',#6621,1.);
#3998=VECTOR('',#6626,1.);
#3999=VECTOR('',#6631,1.);
#4000=VECTOR('',#6632,1.);
#4001=VECTOR('',#6633,1.);
#4002=VECTOR('',#6638,1.);
#4003=VECTOR('',#6645,1.);
#4004=VECTOR('',#6648,1.);
#4005=VECTOR('',#6651,1.);
#4006=VECTOR('',#6652,1.);
#4007=VECTOR('',#6653,1.);
#4008=VECTOR('',#6658,1.);
#4009=VECTOR('',#6663,1.);
#4010=VECTOR('',#6664,1.);
#4011=VECTOR('',#6665,1.);
#4012=VECTOR('',#6670,1.);
#4013=VECTOR('',#6675,1.);
#4014=VECTOR('',#6676,1.);
#4015=VECTOR('',#6677,1.);
#4016=VECTOR('',#6682,1.);
#4017=VECTOR('',#6689,1.);
#4018=VECTOR('',#6692,1.);
#4019=VECTOR('',#6695,1.);
#4020=VECTOR('',#6696,1.);
#4021=VECTOR('',#6697,1.);
#4022=VECTOR('',#6702,1.);
#4023=VECTOR('',#6707,1.);
#4024=VECTOR('',#6708,1.);
#4025=VECTOR('',#6709,1.);
#4026=VECTOR('',#6714,1.);
#4027=VECTOR('',#6719,1.);
#4028=VECTOR('',#6720,1.);
#4029=VECTOR('',#6721,1.);
#4030=VECTOR('',#6726,1.);
#4031=VECTOR('',#6733,1.);
#4032=VECTOR('',#6736,1.);
#4033=VECTOR('',#6739,1.);
#4034=VECTOR('',#6740,1.);
#4035=VECTOR('',#6741,1.);
#4036=VECTOR('',#6746,1.);
#4037=VECTOR('',#6751,1.);
#4038=VECTOR('',#6752,1.);
#4039=VECTOR('',#6753,1.);
#4040=VECTOR('',#6758,1.);
#4041=VECTOR('',#6763,1.);
#4042=VECTOR('',#6764,1.);
#4043=VECTOR('',#6765,1.);
#4044=VECTOR('',#6770,1.);
#4045=VECTOR('',#6777,1.);
#4046=VECTOR('',#6780,1.);
#4047=VECTOR('',#6783,1.);
#4048=VECTOR('',#6784,1.);
#4049=VECTOR('',#6785,1.);
#4050=VECTOR('',#6790,1.);
#4051=VECTOR('',#6795,1.);
#4052=VECTOR('',#6796,1.);
#4053=VECTOR('',#6797,1.);
#4054=VECTOR('',#6802,1.);
#4055=VECTOR('',#6807,1.);
#4056=VECTOR('',#6808,1.);
#4057=VECTOR('',#6809,1.);
#4058=VECTOR('',#6814,1.);
#4059=VECTOR('',#6821,1.);
#4060=VECTOR('',#6824,1.);
#4061=VECTOR('',#6827,1.);
#4062=VECTOR('',#6828,1.);
#4063=VECTOR('',#6829,1.);
#4064=VECTOR('',#6834,1.);
#4065=VECTOR('',#6839,1.);
#4066=VECTOR('',#6840,1.);
#4067=VECTOR('',#6841,1.);
#4068=VECTOR('',#6846,1.);
#4069=VECTOR('',#6851,1.);
#4070=VECTOR('',#6852,1.);
#4071=VECTOR('',#6853,1.);
#4072=VECTOR('',#6858,1.);
#4073=VECTOR('',#6865,1.);
#4074=VECTOR('',#6868,1.);
#4075=VECTOR('',#6871,1.);
#4076=VECTOR('',#6872,1.);
#4077=VECTOR('',#6873,1.);
#4078=VECTOR('',#6878,1.);
#4079=VECTOR('',#6883,1.);
#4080=VECTOR('',#6884,1.);
#4081=VECTOR('',#6885,1.);
#4082=VECTOR('',#6890,1.);
#4083=VECTOR('',#6895,1.);
#4084=VECTOR('',#6896,1.);
#4085=VECTOR('',#6897,1.);
#4086=VECTOR('',#6902,1.);
#4087=VECTOR('',#6909,1.);
#4088=VECTOR('',#6912,1.);
#4089=VECTOR('',#6915,1.);
#4090=VECTOR('',#6916,1.);
#4091=VECTOR('',#6917,1.);
#4092=VECTOR('',#6922,1.);
#4093=VECTOR('',#6927,1.);
#4094=VECTOR('',#6928,1.);
#4095=VECTOR('',#6929,1.);
#4096=VECTOR('',#6934,1.);
#4097=VECTOR('',#6939,1.);
#4098=VECTOR('',#6940,1.);
#4099=VECTOR('',#6941,1.);
#4100=VECTOR('',#6946,1.);
#4101=VECTOR('',#6953,1.);
#4102=VECTOR('',#6956,1.);
#4103=VECTOR('',#6959,1.);
#4104=VECTOR('',#6960,1.);
#4105=VECTOR('',#6961,1.);
#4106=VECTOR('',#6966,1.);
#4107=VECTOR('',#6971,1.);
#4108=VECTOR('',#6972,1.);
#4109=VECTOR('',#6973,1.);
#4110=VECTOR('',#6978,1.);
#4111=VECTOR('',#6983,1.);
#4112=VECTOR('',#6984,1.);
#4113=VECTOR('',#6985,1.);
#4114=VECTOR('',#6990,1.);
#4115=VECTOR('',#6997,1.);
#4116=VECTOR('',#7000,1.);
#4117=VECTOR('',#7003,1.);
#4118=VECTOR('',#7004,1.);
#4119=VECTOR('',#7005,1.);
#4120=VECTOR('',#7010,1.);
#4121=VECTOR('',#7015,1.);
#4122=VECTOR('',#7016,1.);
#4123=VECTOR('',#7017,1.);
#4124=VECTOR('',#7022,1.);
#4125=VECTOR('',#7027,1.);
#4126=VECTOR('',#7028,1.);
#4127=VECTOR('',#7029,1.);
#4128=VECTOR('',#7034,1.);
#4129=VECTOR('',#7041,1.);
#4130=VECTOR('',#7044,1.);
#4131=VECTOR('',#7047,1.);
#4132=VECTOR('',#7048,1.);
#4133=VECTOR('',#7049,1.);
#4134=VECTOR('',#7054,1.);
#4135=VECTOR('',#7059,1.);
#4136=VECTOR('',#7060,1.);
#4137=VECTOR('',#7061,1.);
#4138=VECTOR('',#7066,1.);
#4139=VECTOR('',#7071,1.);
#4140=VECTOR('',#7072,1.);
#4141=VECTOR('',#7073,1.);
#4142=VECTOR('',#7078,1.);
#4143=VECTOR('',#7085,1.);
#4144=VECTOR('',#7088,1.);
#4145=VECTOR('',#7091,1.);
#4146=VECTOR('',#7092,1.);
#4147=VECTOR('',#7093,1.);
#4148=VECTOR('',#7098,1.);
#4149=VECTOR('',#7103,1.);
#4150=VECTOR('',#7104,1.);
#4151=VECTOR('',#7105,1.);
#4152=VECTOR('',#7110,1.);
#4153=VECTOR('',#7115,1.);
#4154=VECTOR('',#7116,1.);
#4155=VECTOR('',#7117,1.);
#4156=VECTOR('',#7122,1.);
#4157=VECTOR('',#7129,1.);
#4158=VECTOR('',#7132,1.);
#4159=VECTOR('',#7135,1.);
#4160=VECTOR('',#7136,1.);
#4161=VECTOR('',#7137,1.);
#4162=VECTOR('',#7142,1.);
#4163=VECTOR('',#7147,1.);
#4164=VECTOR('',#7148,1.);
#4165=VECTOR('',#7149,1.);
#4166=VECTOR('',#7154,1.);
#4167=VECTOR('',#7159,1.);
#4168=VECTOR('',#7160,1.);
#4169=VECTOR('',#7161,1.);
#4170=VECTOR('',#7166,1.);
#4171=VECTOR('',#7173,1.);
#4172=VECTOR('',#7176,1.);
#4173=VECTOR('',#7179,1.);
#4174=VECTOR('',#7180,1.);
#4175=VECTOR('',#7181,1.);
#4176=VECTOR('',#7186,1.);
#4177=VECTOR('',#7191,1.);
#4178=VECTOR('',#7192,1.);
#4179=VECTOR('',#7193,1.);
#4180=VECTOR('',#7198,1.);
#4181=VECTOR('',#7203,1.);
#4182=VECTOR('',#7204,1.);
#4183=VECTOR('',#7205,1.);
#4184=VECTOR('',#7210,1.);
#4185=VECTOR('',#7217,1.);
#4186=VECTOR('',#7220,1.);
#4187=VECTOR('',#7223,1.);
#4188=VECTOR('',#7224,1.);
#4189=VECTOR('',#7225,1.);
#4190=VECTOR('',#7230,1.);
#4191=VECTOR('',#7235,1.);
#4192=VECTOR('',#7236,1.);
#4193=VECTOR('',#7237,1.);
#4194=VECTOR('',#7242,1.);
#4195=VECTOR('',#7247,1.);
#4196=VECTOR('',#7248,1.);
#4197=VECTOR('',#7249,1.);
#4198=VECTOR('',#7254,1.);
#4199=VECTOR('',#7259,1.);
#4200=VECTOR('',#7260,1.);
#4201=VECTOR('',#7263,1.);
#4202=VECTOR('',#7264,1.);
#4203=VECTOR('',#7267,1.);
#4204=VECTOR('',#7268,1.);
#4205=VECTOR('',#7271,1.);
#4206=VECTOR('',#7272,1.);
#4207=VECTOR('',#7275,1.);
#4208=VECTOR('',#7276,1.);
#4209=VECTOR('',#7279,1.);
#4210=VECTOR('',#7280,1.);
#4211=VECTOR('',#7283,1.);
#4212=VECTOR('',#7284,1.);
#4213=VECTOR('',#7287,1.);
#4214=VECTOR('',#7288,1.);
#4215=VECTOR('',#7291,1.);
#4216=VECTOR('',#7292,1.);
#4217=VECTOR('',#7295,1.);
#4218=VECTOR('',#7296,1.);
#4219=VECTOR('',#7299,1.);
#4220=VECTOR('',#7300,1.);
#4221=VECTOR('',#7303,1.);
#4222=VECTOR('',#7304,1.);
#4223=VECTOR('',#7307,1.);
#4224=VECTOR('',#7308,1.);
#4225=VECTOR('',#7311,1.);
#4226=VECTOR('',#7312,1.);
#4227=VECTOR('',#7315,1.);
#4228=VECTOR('',#7316,1.);
#4229=VECTOR('',#7319,1.);
#4230=VECTOR('',#7320,1.);
#4231=VECTOR('',#7323,1.);
#4232=VECTOR('',#7324,1.);
#4233=VECTOR('',#7327,1.);
#4234=VECTOR('',#7328,1.);
#4235=VECTOR('',#7331,1.);
#4236=VECTOR('',#7332,1.);
#4237=VECTOR('',#7335,1.);
#4238=VECTOR('',#7336,1.);
#4239=VECTOR('',#7339,1.);
#4240=VECTOR('',#7340,1.);
#4241=VECTOR('',#7343,1.);
#4242=VECTOR('',#7344,1.);
#4243=VECTOR('',#7347,1.);
#4244=VECTOR('',#7348,1.);
#4245=VECTOR('',#7351,1.);
#4246=VECTOR('',#7352,1.);
#4247=VECTOR('',#7355,1.);
#4248=VECTOR('',#7356,1.);
#4249=VECTOR('',#7359,1.);
#4250=VECTOR('',#7360,1.);
#4251=VECTOR('',#7363,1.);
#4252=VECTOR('',#7364,1.);
#4253=VECTOR('',#7367,1.);
#4254=VECTOR('',#7368,1.);
#4255=EDGE_LOOP('',(#411,#412,#413,#414));
#4256=EDGE_LOOP('',(#415,#416,#417,#418));
#4257=EDGE_LOOP('',(#419,#420,#421,#422));
#4258=EDGE_LOOP('',(#423,#424,#425,#426));
#4259=EDGE_LOOP('',(#427,#428,#429,#430));
#4260=EDGE_LOOP('',(#431,#432,#433,#434));
#4261=EDGE_LOOP('',(#435,#436,#437,#438));
#4262=EDGE_LOOP('',(#439,#440,#441,#442));
#4263=EDGE_LOOP('',(#443,#444,#445,#446));
#4264=EDGE_LOOP('',(#447,#448,#449,#450));
#4265=EDGE_LOOP('',(#451,#452,#453,#454));
#4266=EDGE_LOOP('',(#455,#456,#457,#458));
#4267=EDGE_LOOP('',(#459,#460,#461,#462));
#4268=EDGE_LOOP('',(#463,#464,#465,#466,#467,#468));
#4269=EDGE_LOOP('',(#469,#470,#471,#472));
#4270=EDGE_LOOP('',(#473,#474,#475,#476));
#4271=EDGE_LOOP('',(#477,#478,#479,#480,#481,#482));
#4272=EDGE_LOOP('',(#483,#484,#485,#486));
#4273=EDGE_LOOP('',(#487,#488,#489,#490));
#4274=EDGE_LOOP('',(#491,#492,#493,#494));
#4275=EDGE_LOOP('',(#495,#496,#497,#498));
#4276=EDGE_LOOP('',(#499,#500,#501,#502));
#4277=EDGE_LOOP('',(#503,#504,#505,#506));
#4278=EDGE_LOOP('',(#507,#508,#509,#510));
#4279=EDGE_LOOP('',(#511,#512,#513,#514));
#4280=EDGE_LOOP('',(#515,#516,#517,#518));
#4281=EDGE_LOOP('',(#519,#520,#521,#522));
#4282=EDGE_LOOP('',(#523,#524,#525,#526));
#4283=EDGE_LOOP('',(#527,#528,#529,#530));
#4284=EDGE_LOOP('',(#531,#532,#533,#534));
#4285=EDGE_LOOP('',(#535,#536,#537,#538));
#4286=EDGE_LOOP('',(#539,#540,#541,#542));
#4287=EDGE_LOOP('',(#543,#544,#545,#546));
#4288=EDGE_LOOP('',(#547,#548,#549,#550));
#4289=EDGE_LOOP('',(#551,#552,#553,#554));
#4290=EDGE_LOOP('',(#555,#556,#557,#558));
#4291=EDGE_LOOP('',(#559,#560,#561,#562));
#4292=EDGE_LOOP('',(#563,#564,#565,#566));
#4293=EDGE_LOOP('',(#567,#568,#569,#570));
#4294=EDGE_LOOP('',(#571,#572,#573,#574));
#4295=EDGE_LOOP('',(#575,#576,#577,#578));
#4296=EDGE_LOOP('',(#579,#580,#581,#582));
#4297=EDGE_LOOP('',(#583,#584,#585,#586));
#4298=EDGE_LOOP('',(#587,#588,#589,#590));
#4299=EDGE_LOOP('',(#591,#592,#593,#594));
#4300=EDGE_LOOP('',(#595,#596,#597,#598));
#4301=EDGE_LOOP('',(#599,#600,#601,#602));
#4302=EDGE_LOOP('',(#603,#604,#605,#606));
#4303=EDGE_LOOP('',(#607,#608,#609,#610));
#4304=EDGE_LOOP('',(#611,#612,#613,#614));
#4305=EDGE_LOOP('',(#615,#616,#617,#618));
#4306=EDGE_LOOP('',(#619,#620,#621,#622));
#4307=EDGE_LOOP('',(#623,#624,#625,#626));
#4308=EDGE_LOOP('',(#627,#628,#629,#630));
#4309=EDGE_LOOP('',(#631,#632,#633,#634));
#4310=EDGE_LOOP('',(#635,#636,#637,#638));
#4311=EDGE_LOOP('',(#639,#640,#641,#642));
#4312=EDGE_LOOP('',(#643,#644,#645,#646));
#4313=EDGE_LOOP('',(#647,#648,#649,#650));
#4314=EDGE_LOOP('',(#651,#652,#653,#654));
#4315=EDGE_LOOP('',(#655,#656,#657,#658));
#4316=EDGE_LOOP('',(#659,#660,#661,#662));
#4317=EDGE_LOOP('',(#663,#664,#665,#666));
#4318=EDGE_LOOP('',(#667,#668,#669,#670));
#4319=EDGE_LOOP('',(#671,#672,#673,#674));
#4320=EDGE_LOOP('',(#675,#676,#677,#678));
#4321=EDGE_LOOP('',(#679,#680,#681,#682));
#4322=EDGE_LOOP('',(#683,#684,#685,#686));
#4323=EDGE_LOOP('',(#687,#688,#689,#690));
#4324=EDGE_LOOP('',(#691,#692,#693,#694));
#4325=EDGE_LOOP('',(#695,#696,#697,#698));
#4326=EDGE_LOOP('',(#699,#700,#701,#702));
#4327=EDGE_LOOP('',(#703,#704,#705,#706));
#4328=EDGE_LOOP('',(#707,#708,#709,#710));
#4329=EDGE_LOOP('',(#711,#712,#713,#714));
#4330=EDGE_LOOP('',(#715,#716,#717,#718));
#4331=EDGE_LOOP('',(#719,#720,#721,#722));
#4332=EDGE_LOOP('',(#723,#724,#725,#726));
#4333=EDGE_LOOP('',(#727,#728,#729,#730));
#4334=EDGE_LOOP('',(#731,#732,#733,#734));
#4335=EDGE_LOOP('',(#735,#736,#737,#738));
#4336=EDGE_LOOP('',(#739,#740,#741,#742));
#4337=EDGE_LOOP('',(#743,#744,#745,#746));
#4338=EDGE_LOOP('',(#747,#748,#749,#750));
#4339=EDGE_LOOP('',(#751,#752,#753,#754));
#4340=EDGE_LOOP('',(#755,#756,#757,#758));
#4341=EDGE_LOOP('',(#759,#760,#761,#762));
#4342=EDGE_LOOP('',(#763,#764,#765,#766));
#4343=EDGE_LOOP('',(#767,#768,#769,#770));
#4344=EDGE_LOOP('',(#771,#772,#773,#774));
#4345=EDGE_LOOP('',(#775,#776,#777,#778));
#4346=EDGE_LOOP('',(#779,#780,#781,#782));
#4347=EDGE_LOOP('',(#783,#784,#785,#786));
#4348=EDGE_LOOP('',(#787,#788,#789,#790));
#4349=EDGE_LOOP('',(#791,#792,#793,#794));
#4350=EDGE_LOOP('',(#795,#796,#797,#798));
#4351=EDGE_LOOP('',(#799,#800,#801,#802));
#4352=EDGE_LOOP('',(#803,#804,#805,#806));
#4353=EDGE_LOOP('',(#807,#808,#809,#810));
#4354=EDGE_LOOP('',(#811,#812,#813,#814));
#4355=EDGE_LOOP('',(#815,#816,#817,#818));
#4356=EDGE_LOOP('',(#819,#820,#821,#822));
#4357=EDGE_LOOP('',(#823,#824,#825,#826));
#4358=EDGE_LOOP('',(#827,#828,#829,#830));
#4359=EDGE_LOOP('',(#831,#832,#833,#834));
#4360=EDGE_LOOP('',(#835,#836,#837,#838));
#4361=EDGE_LOOP('',(#839,#840,#841,#842));
#4362=EDGE_LOOP('',(#843,#844,#845,#846));
#4363=EDGE_LOOP('',(#847,#848,#849,#850));
#4364=EDGE_LOOP('',(#851,#852,#853,#854));
#4365=EDGE_LOOP('',(#855,#856,#857,#858));
#4366=EDGE_LOOP('',(#859,#860,#861,#862));
#4367=EDGE_LOOP('',(#863,#864,#865,#866));
#4368=EDGE_LOOP('',(#867,#868,#869,#870));
#4369=EDGE_LOOP('',(#871,#872,#873,#874));
#4370=EDGE_LOOP('',(#875,#876,#877,#878));
#4371=EDGE_LOOP('',(#879,#880,#881,#882));
#4372=EDGE_LOOP('',(#883,#884,#885,#886));
#4373=EDGE_LOOP('',(#887,#888,#889,#890));
#4374=EDGE_LOOP('',(#891,#892,#893,#894));
#4375=EDGE_LOOP('',(#895,#896,#897,#898));
#4376=EDGE_LOOP('',(#899,#900,#901,#902));
#4377=EDGE_LOOP('',(#903,#904,#905,#906));
#4378=EDGE_LOOP('',(#907,#908,#909,#910));
#4379=EDGE_LOOP('',(#911,#912,#913,#914));
#4380=EDGE_LOOP('',(#915,#916,#917,#918));
#4381=EDGE_LOOP('',(#919,#920,#921,#922));
#4382=EDGE_LOOP('',(#923,#924,#925,#926));
#4383=EDGE_LOOP('',(#927,#928,#929,#930));
#4384=EDGE_LOOP('',(#931,#932,#933,#934));
#4385=EDGE_LOOP('',(#935,#936,#937,#938));
#4386=EDGE_LOOP('',(#939,#940,#941,#942));
#4387=EDGE_LOOP('',(#943,#944,#945,#946));
#4388=EDGE_LOOP('',(#947,#948,#949,#950));
#4389=EDGE_LOOP('',(#951,#952,#953,#954));
#4390=EDGE_LOOP('',(#955,#956,#957,#958));
#4391=EDGE_LOOP('',(#959,#960,#961,#962));
#4392=EDGE_LOOP('',(#963,#964,#965,#966));
#4393=EDGE_LOOP('',(#967,#968,#969,#970));
#4394=EDGE_LOOP('',(#971,#972,#973,#974));
#4395=EDGE_LOOP('',(#975,#976,#977,#978));
#4396=EDGE_LOOP('',(#979,#980,#981,#982));
#4397=EDGE_LOOP('',(#983,#984,#985,#986));
#4398=EDGE_LOOP('',(#987,#988,#989,#990));
#4399=EDGE_LOOP('',(#991,#992,#993,#994));
#4400=EDGE_LOOP('',(#995,#996,#997,#998));
#4401=EDGE_LOOP('',(#999,#1000,#1001,#1002));
#4402=EDGE_LOOP('',(#1003,#1004,#1005,#1006));
#4403=EDGE_LOOP('',(#1007,#1008,#1009,#1010));
#4404=EDGE_LOOP('',(#1011,#1012,#1013,#1014));
#4405=EDGE_LOOP('',(#1015,#1016,#1017,#1018));
#4406=EDGE_LOOP('',(#1019,#1020,#1021,#1022));
#4407=EDGE_LOOP('',(#1023,#1024,#1025,#1026));
#4408=EDGE_LOOP('',(#1027,#1028,#1029,#1030));
#4409=EDGE_LOOP('',(#1031,#1032,#1033,#1034));
#4410=EDGE_LOOP('',(#1035,#1036,#1037,#1038));
#4411=EDGE_LOOP('',(#1039,#1040,#1041,#1042));
#4412=EDGE_LOOP('',(#1043,#1044,#1045,#1046));
#4413=EDGE_LOOP('',(#1047,#1048,#1049,#1050));
#4414=EDGE_LOOP('',(#1051,#1052,#1053,#1054));
#4415=EDGE_LOOP('',(#1055,#1056,#1057,#1058));
#4416=EDGE_LOOP('',(#1059,#1060,#1061,#1062));
#4417=EDGE_LOOP('',(#1063,#1064,#1065,#1066));
#4418=EDGE_LOOP('',(#1067,#1068,#1069,#1070));
#4419=EDGE_LOOP('',(#1071,#1072,#1073,#1074));
#4420=EDGE_LOOP('',(#1075,#1076,#1077,#1078));
#4421=EDGE_LOOP('',(#1079,#1080,#1081,#1082));
#4422=EDGE_LOOP('',(#1083,#1084,#1085,#1086));
#4423=EDGE_LOOP('',(#1087,#1088,#1089,#1090));
#4424=EDGE_LOOP('',(#1091,#1092,#1093,#1094));
#4425=EDGE_LOOP('',(#1095,#1096,#1097,#1098));
#4426=EDGE_LOOP('',(#1099,#1100,#1101,#1102));
#4427=EDGE_LOOP('',(#1103,#1104,#1105,#1106));
#4428=EDGE_LOOP('',(#1107,#1108,#1109,#1110));
#4429=EDGE_LOOP('',(#1111,#1112,#1113,#1114));
#4430=EDGE_LOOP('',(#1115,#1116,#1117,#1118));
#4431=EDGE_LOOP('',(#1119,#1120,#1121,#1122));
#4432=EDGE_LOOP('',(#1123,#1124,#1125,#1126));
#4433=EDGE_LOOP('',(#1127,#1128,#1129,#1130));
#4434=EDGE_LOOP('',(#1131,#1132,#1133,#1134));
#4435=EDGE_LOOP('',(#1135,#1136,#1137,#1138));
#4436=EDGE_LOOP('',(#1139,#1140,#1141,#1142));
#4437=EDGE_LOOP('',(#1143,#1144,#1145,#1146));
#4438=EDGE_LOOP('',(#1147,#1148,#1149,#1150));
#4439=EDGE_LOOP('',(#1151,#1152,#1153,#1154));
#4440=EDGE_LOOP('',(#1155,#1156,#1157,#1158));
#4441=EDGE_LOOP('',(#1159,#1160,#1161,#1162));
#4442=EDGE_LOOP('',(#1163,#1164,#1165,#1166));
#4443=EDGE_LOOP('',(#1167,#1168,#1169,#1170));
#4444=EDGE_LOOP('',(#1171,#1172,#1173,#1174));
#4445=EDGE_LOOP('',(#1175,#1176,#1177,#1178));
#4446=EDGE_LOOP('',(#1179,#1180,#1181,#1182));
#4447=EDGE_LOOP('',(#1183,#1184,#1185,#1186));
#4448=EDGE_LOOP('',(#1187,#1188,#1189,#1190));
#4449=EDGE_LOOP('',(#1191,#1192,#1193,#1194));
#4450=EDGE_LOOP('',(#1195,#1196,#1197,#1198));
#4451=EDGE_LOOP('',(#1199,#1200,#1201,#1202));
#4452=EDGE_LOOP('',(#1203,#1204,#1205,#1206));
#4453=EDGE_LOOP('',(#1207,#1208,#1209,#1210));
#4454=EDGE_LOOP('',(#1211,#1212,#1213,#1214));
#4455=EDGE_LOOP('',(#1215,#1216,#1217,#1218));
#4456=EDGE_LOOP('',(#1219,#1220,#1221,#1222));
#4457=EDGE_LOOP('',(#1223,#1224,#1225,#1226));
#4458=EDGE_LOOP('',(#1227,#1228,#1229,#1230));
#4459=EDGE_LOOP('',(#1231,#1232,#1233,#1234));
#4460=EDGE_LOOP('',(#1235,#1236,#1237,#1238));
#4461=EDGE_LOOP('',(#1239,#1240,#1241,#1242));
#4462=EDGE_LOOP('',(#1243,#1244,#1245,#1246));
#4463=EDGE_LOOP('',(#1247,#1248,#1249,#1250));
#4464=EDGE_LOOP('',(#1251,#1252,#1253,#1254));
#4465=EDGE_LOOP('',(#1255,#1256,#1257,#1258));
#4466=EDGE_LOOP('',(#1259,#1260,#1261,#1262));
#4467=EDGE_LOOP('',(#1263,#1264,#1265,#1266));
#4468=EDGE_LOOP('',(#1267,#1268,#1269,#1270));
#4469=EDGE_LOOP('',(#1271,#1272,#1273,#1274));
#4470=EDGE_LOOP('',(#1275,#1276,#1277,#1278));
#4471=EDGE_LOOP('',(#1279,#1280,#1281,#1282));
#4472=EDGE_LOOP('',(#1283,#1284,#1285,#1286));
#4473=EDGE_LOOP('',(#1287,#1288,#1289,#1290));
#4474=EDGE_LOOP('',(#1291,#1292,#1293,#1294));
#4475=EDGE_LOOP('',(#1295,#1296,#1297,#1298));
#4476=EDGE_LOOP('',(#1299,#1300,#1301,#1302));
#4477=EDGE_LOOP('',(#1303,#1304,#1305,#1306));
#4478=EDGE_LOOP('',(#1307,#1308,#1309,#1310));
#4479=EDGE_LOOP('',(#1311,#1312,#1313,#1314));
#4480=EDGE_LOOP('',(#1315,#1316,#1317,#1318));
#4481=EDGE_LOOP('',(#1319,#1320,#1321,#1322));
#4482=EDGE_LOOP('',(#1323,#1324,#1325,#1326));
#4483=EDGE_LOOP('',(#1327,#1328,#1329,#1330));
#4484=EDGE_LOOP('',(#1331,#1332,#1333,#1334));
#4485=EDGE_LOOP('',(#1335,#1336,#1337,#1338));
#4486=EDGE_LOOP('',(#1339,#1340,#1341,#1342));
#4487=EDGE_LOOP('',(#1343,#1344,#1345,#1346));
#4488=EDGE_LOOP('',(#1347,#1348,#1349,#1350));
#4489=EDGE_LOOP('',(#1351,#1352,#1353,#1354));
#4490=EDGE_LOOP('',(#1355,#1356,#1357,#1358));
#4491=EDGE_LOOP('',(#1359,#1360,#1361,#1362));
#4492=EDGE_LOOP('',(#1363,#1364,#1365,#1366));
#4493=EDGE_LOOP('',(#1367,#1368,#1369,#1370));
#4494=EDGE_LOOP('',(#1371,#1372,#1373,#1374));
#4495=EDGE_LOOP('',(#1375,#1376,#1377,#1378));
#4496=EDGE_LOOP('',(#1379,#1380,#1381,#1382));
#4497=EDGE_LOOP('',(#1383,#1384,#1385,#1386));
#4498=EDGE_LOOP('',(#1387,#1388,#1389,#1390));
#4499=EDGE_LOOP('',(#1391,#1392,#1393,#1394));
#4500=EDGE_LOOP('',(#1395,#1396,#1397,#1398));
#4501=EDGE_LOOP('',(#1399,#1400,#1401,#1402));
#4502=EDGE_LOOP('',(#1403,#1404,#1405,#1406));
#4503=EDGE_LOOP('',(#1407,#1408,#1409,#1410));
#4504=EDGE_LOOP('',(#1411,#1412,#1413,#1414));
#4505=EDGE_LOOP('',(#1415,#1416,#1417,#1418,#1419,#1420,#1421,#1422,#1423,
#1424,#1425,#1426,#1427,#1428,#1429,#1430,#1431,#1432,#1433,#1434,#1435,
#1436,#1437,#1438));
#4506=EDGE_LOOP('',(#1439));
#4507=EDGE_LOOP('',(#1440));
#4508=EDGE_LOOP('',(#1441));
#4509=EDGE_LOOP('',(#1442));
#4510=EDGE_LOOP('',(#1443));
#4511=EDGE_LOOP('',(#1444,#1445,#1446,#1447,#1448,#1449,#1450,#1451));
#4512=EDGE_LOOP('',(#1452,#1453,#1454,#1455,#1456,#1457,#1458,#1459));
#4513=EDGE_LOOP('',(#1460,#1461,#1462,#1463,#1464,#1465,#1466,#1467));
#4514=EDGE_LOOP('',(#1468,#1469,#1470,#1471,#1472,#1473,#1474,#1475));
#4515=EDGE_LOOP('',(#1476,#1477,#1478,#1479,#1480,#1481,#1482,#1483));
#4516=EDGE_LOOP('',(#1484,#1485,#1486,#1487,#1488,#1489,#1490,#1491));
#4517=EDGE_LOOP('',(#1492,#1493,#1494,#1495,#1496,#1497,#1498,#1499));
#4518=EDGE_LOOP('',(#1500,#1501,#1502,#1503,#1504,#1505,#1506,#1507));
#4519=EDGE_LOOP('',(#1508,#1509,#1510,#1511,#1512,#1513,#1514,#1515));
#4520=EDGE_LOOP('',(#1516,#1517,#1518,#1519,#1520,#1521,#1522,#1523));
#4521=EDGE_LOOP('',(#1524,#1525,#1526,#1527,#1528,#1529,#1530,#1531));
#4522=EDGE_LOOP('',(#1532,#1533,#1534,#1535,#1536,#1537,#1538,#1539));
#4523=EDGE_LOOP('',(#1540,#1541,#1542,#1543,#1544,#1545,#1546,#1547));
#4524=EDGE_LOOP('',(#1548,#1549,#1550,#1551,#1552,#1553,#1554,#1555));
#4525=EDGE_LOOP('',(#1556,#1557,#1558,#1559,#1560,#1561,#1562,#1563));
#4526=EDGE_LOOP('',(#1564,#1565,#1566,#1567,#1568,#1569,#1570,#1571));
#4527=EDGE_LOOP('',(#1572,#1573,#1574,#1575,#1576,#1577,#1578,#1579));
#4528=EDGE_LOOP('',(#1580,#1581,#1582,#1583,#1584,#1585,#1586,#1587));
#4529=EDGE_LOOP('',(#1588,#1589,#1590,#1591,#1592,#1593,#1594,#1595));
#4530=EDGE_LOOP('',(#1596,#1597,#1598,#1599,#1600,#1601,#1602,#1603));
#4531=EDGE_LOOP('',(#1604,#1605,#1606,#1607,#1608,#1609,#1610,#1611));
#4532=EDGE_LOOP('',(#1612,#1613,#1614,#1615,#1616,#1617,#1618,#1619));
#4533=EDGE_LOOP('',(#1620,#1621,#1622,#1623,#1624,#1625,#1626,#1627));
#4534=EDGE_LOOP('',(#1628,#1629,#1630,#1631,#1632,#1633,#1634,#1635));
#4535=EDGE_LOOP('',(#1636,#1637,#1638,#1639,#1640,#1641,#1642,#1643));
#4536=EDGE_LOOP('',(#1644,#1645,#1646,#1647,#1648,#1649,#1650,#1651));
#4537=EDGE_LOOP('',(#1652,#1653,#1654,#1655,#1656,#1657,#1658,#1659));
#4538=EDGE_LOOP('',(#1660,#1661,#1662,#1663,#1664,#1665,#1666,#1667));
#4539=EDGE_LOOP('',(#1668));
#4540=EDGE_LOOP('',(#1669));
#4541=EDGE_LOOP('',(#1670));
#4542=EDGE_LOOP('',(#1671));
#4543=EDGE_LOOP('',(#1672));
#4544=EDGE_LOOP('',(#1673,#1674,#1675,#1676,#1677,#1678,#1679,#1680));
#4545=EDGE_LOOP('',(#1681,#1682,#1683,#1684,#1685,#1686,#1687,#1688));
#4546=EDGE_LOOP('',(#1689,#1690,#1691,#1692,#1693,#1694,#1695,#1696));
#4547=EDGE_LOOP('',(#1697,#1698,#1699,#1700,#1701,#1702,#1703,#1704));
#4548=EDGE_LOOP('',(#1705,#1706,#1707,#1708,#1709,#1710,#1711,#1712));
#4549=EDGE_LOOP('',(#1713,#1714,#1715,#1716,#1717,#1718,#1719,#1720));
#4550=EDGE_LOOP('',(#1721,#1722,#1723,#1724,#1725,#1726,#1727,#1728));
#4551=EDGE_LOOP('',(#1729,#1730,#1731,#1732,#1733,#1734,#1735,#1736));
#4552=EDGE_LOOP('',(#1737,#1738,#1739,#1740,#1741,#1742,#1743,#1744));
#4553=EDGE_LOOP('',(#1745,#1746,#1747,#1748,#1749,#1750,#1751,#1752));
#4554=EDGE_LOOP('',(#1753,#1754,#1755,#1756,#1757,#1758,#1759,#1760));
#4555=EDGE_LOOP('',(#1761,#1762,#1763,#1764,#1765,#1766,#1767,#1768));
#4556=EDGE_LOOP('',(#1769,#1770,#1771,#1772,#1773,#1774,#1775,#1776));
#4557=EDGE_LOOP('',(#1777,#1778,#1779,#1780,#1781,#1782,#1783,#1784));
#4558=EDGE_LOOP('',(#1785,#1786,#1787,#1788,#1789,#1790,#1791,#1792));
#4559=EDGE_LOOP('',(#1793,#1794,#1795,#1796,#1797,#1798,#1799,#1800));
#4560=EDGE_LOOP('',(#1801,#1802,#1803,#1804,#1805,#1806,#1807,#1808));
#4561=EDGE_LOOP('',(#1809,#1810,#1811,#1812,#1813,#1814,#1815,#1816));
#4562=EDGE_LOOP('',(#1817,#1818,#1819,#1820,#1821,#1822,#1823,#1824));
#4563=EDGE_LOOP('',(#1825,#1826,#1827,#1828,#1829,#1830,#1831,#1832));
#4564=EDGE_LOOP('',(#1833,#1834,#1835,#1836,#1837,#1838,#1839,#1840));
#4565=EDGE_LOOP('',(#1841,#1842,#1843,#1844,#1845,#1846,#1847,#1848));
#4566=EDGE_LOOP('',(#1849,#1850,#1851,#1852,#1853,#1854,#1855,#1856));
#4567=EDGE_LOOP('',(#1857,#1858,#1859,#1860,#1861,#1862,#1863,#1864));
#4568=EDGE_LOOP('',(#1865,#1866,#1867,#1868,#1869,#1870,#1871,#1872));
#4569=EDGE_LOOP('',(#1873,#1874,#1875,#1876,#1877,#1878,#1879,#1880));
#4570=EDGE_LOOP('',(#1881,#1882,#1883,#1884,#1885,#1886,#1887,#1888));
#4571=EDGE_LOOP('',(#1889,#1890,#1891,#1892,#1893,#1894,#1895,#1896));
#4572=EDGE_LOOP('',(#1897,#1898,#1899,#1900,#1901,#1902,#1903,#1904,#1905,
#1906,#1907,#1908,#1909,#1910,#1911,#1912,#1913,#1914,#1915,#1916,#1917,
#1918,#1919,#1920,#1921,#1922));
#4573=EDGE_LOOP('',(#1923));
#4574=EDGE_LOOP('',(#1924));
#4575=EDGE_LOOP('',(#1925));
#4576=EDGE_LOOP('',(#1926));
#4577=EDGE_LOOP('',(#1927));
#4578=EDGE_LOOP('',(#1928));
#4579=EDGE_LOOP('',(#1929));
#4580=EDGE_LOOP('',(#1930));
#4581=EDGE_LOOP('',(#1931));
#4582=EDGE_LOOP('',(#1932));
#4583=EDGE_LOOP('',(#1933));
#4584=EDGE_LOOP('',(#1934));
#4585=EDGE_LOOP('',(#1935));
#4586=EDGE_LOOP('',(#1936));
#4587=EDGE_LOOP('',(#1937));
#4588=EDGE_LOOP('',(#1938));
#4589=EDGE_LOOP('',(#1939));
#4590=EDGE_LOOP('',(#1940));
#4591=EDGE_LOOP('',(#1941));
#4592=EDGE_LOOP('',(#1942));
#4593=EDGE_LOOP('',(#1943,#1944,#1945,#1946,#1947,#1948));
#4594=EDGE_LOOP('',(#1949,#1950,#1951,#1952));
#4595=FACE_BOUND('',#4255,.T.);
#4596=FACE_BOUND('',#4256,.T.);
#4597=FACE_BOUND('',#4257,.T.);
#4598=FACE_BOUND('',#4258,.T.);
#4599=FACE_BOUND('',#4259,.T.);
#4600=FACE_BOUND('',#4260,.T.);
#4601=FACE_BOUND('',#4261,.T.);
#4602=FACE_BOUND('',#4262,.T.);
#4603=FACE_BOUND('',#4263,.T.);
#4604=FACE_BOUND('',#4264,.T.);
#4605=FACE_BOUND('',#4265,.T.);
#4606=FACE_BOUND('',#4266,.T.);
#4607=FACE_BOUND('',#4267,.T.);
#4608=FACE_BOUND('',#4268,.T.);
#4609=FACE_BOUND('',#4269,.T.);
#4610=FACE_BOUND('',#4270,.T.);
#4611=FACE_BOUND('',#4271,.T.);
#4612=FACE_BOUND('',#4272,.T.);
#4613=FACE_BOUND('',#4273,.T.);
#4614=FACE_BOUND('',#4274,.T.);
#4615=FACE_BOUND('',#4275,.T.);
#4616=FACE_BOUND('',#4276,.T.);
#4617=FACE_BOUND('',#4277,.T.);
#4618=FACE_BOUND('',#4278,.T.);
#4619=FACE_BOUND('',#4279,.T.);
#4620=FACE_BOUND('',#4280,.T.);
#4621=FACE_BOUND('',#4281,.T.);
#4622=FACE_BOUND('',#4282,.T.);
#4623=FACE_BOUND('',#4283,.T.);
#4624=FACE_BOUND('',#4284,.T.);
#4625=FACE_BOUND('',#4285,.T.);
#4626=FACE_BOUND('',#4286,.T.);
#4627=FACE_BOUND('',#4287,.T.);
#4628=FACE_BOUND('',#4288,.T.);
#4629=FACE_BOUND('',#4289,.T.);
#4630=FACE_BOUND('',#4290,.T.);
#4631=FACE_BOUND('',#4291,.T.);
#4632=FACE_BOUND('',#4292,.T.);
#4633=FACE_BOUND('',#4293,.T.);
#4634=FACE_BOUND('',#4294,.T.);
#4635=FACE_BOUND('',#4295,.T.);
#4636=FACE_BOUND('',#4296,.T.);
#4637=FACE_BOUND('',#4297,.T.);
#4638=FACE_BOUND('',#4298,.T.);
#4639=FACE_BOUND('',#4299,.T.);
#4640=FACE_BOUND('',#4300,.T.);
#4641=FACE_BOUND('',#4301,.T.);
#4642=FACE_BOUND('',#4302,.T.);
#4643=FACE_BOUND('',#4303,.T.);
#4644=FACE_BOUND('',#4304,.T.);
#4645=FACE_BOUND('',#4305,.T.);
#4646=FACE_BOUND('',#4306,.T.);
#4647=FACE_BOUND('',#4307,.T.);
#4648=FACE_BOUND('',#4308,.T.);
#4649=FACE_BOUND('',#4309,.T.);
#4650=FACE_BOUND('',#4310,.T.);
#4651=FACE_BOUND('',#4311,.T.);
#4652=FACE_BOUND('',#4312,.T.);
#4653=FACE_BOUND('',#4313,.T.);
#4654=FACE_BOUND('',#4314,.T.);
#4655=FACE_BOUND('',#4315,.T.);
#4656=FACE_BOUND('',#4316,.T.);
#4657=FACE_BOUND('',#4317,.T.);
#4658=FACE_BOUND('',#4318,.T.);
#4659=FACE_BOUND('',#4319,.T.);
#4660=FACE_BOUND('',#4320,.T.);
#4661=FACE_BOUND('',#4321,.T.);
#4662=FACE_BOUND('',#4322,.T.);
#4663=FACE_BOUND('',#4323,.T.);
#4664=FACE_BOUND('',#4324,.T.);
#4665=FACE_BOUND('',#4325,.T.);
#4666=FACE_BOUND('',#4326,.T.);
#4667=FACE_BOUND('',#4327,.T.);
#4668=FACE_BOUND('',#4328,.T.);
#4669=FACE_BOUND('',#4329,.T.);
#4670=FACE_BOUND('',#4330,.T.);
#4671=FACE_BOUND('',#4331,.T.);
#4672=FACE_BOUND('',#4332,.T.);
#4673=FACE_BOUND('',#4333,.T.);
#4674=FACE_BOUND('',#4334,.T.);
#4675=FACE_BOUND('',#4335,.T.);
#4676=FACE_BOUND('',#4336,.T.);
#4677=FACE_BOUND('',#4337,.T.);
#4678=FACE_BOUND('',#4338,.T.);
#4679=FACE_BOUND('',#4339,.T.);
#4680=FACE_BOUND('',#4340,.T.);
#4681=FACE_BOUND('',#4341,.T.);
#4682=FACE_BOUND('',#4342,.T.);
#4683=FACE_BOUND('',#4343,.T.);
#4684=FACE_BOUND('',#4344,.T.);
#4685=FACE_BOUND('',#4345,.T.);
#4686=FACE_BOUND('',#4346,.T.);
#4687=FACE_BOUND('',#4347,.T.);
#4688=FACE_BOUND('',#4348,.T.);
#4689=FACE_BOUND('',#4349,.T.);
#4690=FACE_BOUND('',#4350,.T.);
#4691=FACE_BOUND('',#4351,.T.);
#4692=FACE_BOUND('',#4352,.T.);
#4693=FACE_BOUND('',#4353,.T.);
#4694=FACE_BOUND('',#4354,.T.);
#4695=FACE_BOUND('',#4355,.T.);
#4696=FACE_BOUND('',#4356,.T.);
#4697=FACE_BOUND('',#4357,.T.);
#4698=FACE_BOUND('',#4358,.T.);
#4699=FACE_BOUND('',#4359,.T.);
#4700=FACE_BOUND('',#4360,.T.);
#4701=FACE_BOUND('',#4361,.T.);
#4702=FACE_BOUND('',#4362,.T.);
#4703=FACE_BOUND('',#4363,.T.);
#4704=FACE_BOUND('',#4364,.T.);
#4705=FACE_BOUND('',#4365,.T.);
#4706=FACE_BOUND('',#4366,.T.);
#4707=FACE_BOUND('',#4367,.T.);
#4708=FACE_BOUND('',#4368,.T.);
#4709=FACE_BOUND('',#4369,.T.);
#4710=FACE_BOUND('',#4370,.T.);
#4711=FACE_BOUND('',#4371,.T.);
#4712=FACE_BOUND('',#4372,.T.);
#4713=FACE_BOUND('',#4373,.T.);
#4714=FACE_BOUND('',#4374,.T.);
#4715=FACE_BOUND('',#4375,.T.);
#4716=FACE_BOUND('',#4376,.T.);
#4717=FACE_BOUND('',#4377,.T.);
#4718=FACE_BOUND('',#4378,.T.);
#4719=FACE_BOUND('',#4379,.T.);
#4720=FACE_BOUND('',#4380,.T.);
#4721=FACE_BOUND('',#4381,.T.);
#4722=FACE_BOUND('',#4382,.T.);
#4723=FACE_BOUND('',#4383,.T.);
#4724=FACE_BOUND('',#4384,.T.);
#4725=FACE_BOUND('',#4385,.T.);
#4726=FACE_BOUND('',#4386,.T.);
#4727=FACE_BOUND('',#4387,.T.);
#4728=FACE_BOUND('',#4388,.T.);
#4729=FACE_BOUND('',#4389,.T.);
#4730=FACE_BOUND('',#4390,.T.);
#4731=FACE_BOUND('',#4391,.T.);
#4732=FACE_BOUND('',#4392,.T.);
#4733=FACE_BOUND('',#4393,.T.);
#4734=FACE_BOUND('',#4394,.T.);
#4735=FACE_BOUND('',#4395,.T.);
#4736=FACE_BOUND('',#4396,.T.);
#4737=FACE_BOUND('',#4397,.T.);
#4738=FACE_BOUND('',#4398,.T.);
#4739=FACE_BOUND('',#4399,.T.);
#4740=FACE_BOUND('',#4400,.T.);
#4741=FACE_BOUND('',#4401,.T.);
#4742=FACE_BOUND('',#4402,.T.);
#4743=FACE_BOUND('',#4403,.T.);
#4744=FACE_BOUND('',#4404,.T.);
#4745=FACE_BOUND('',#4405,.T.);
#4746=FACE_BOUND('',#4406,.T.);
#4747=FACE_BOUND('',#4407,.T.);
#4748=FACE_BOUND('',#4408,.T.);
#4749=FACE_BOUND('',#4409,.T.);
#4750=FACE_BOUND('',#4410,.T.);
#4751=FACE_BOUND('',#4411,.T.);
#4752=FACE_BOUND('',#4412,.T.);
#4753=FACE_BOUND('',#4413,.T.);
#4754=FACE_BOUND('',#4414,.T.);
#4755=FACE_BOUND('',#4415,.T.);
#4756=FACE_BOUND('',#4416,.T.);
#4757=FACE_BOUND('',#4417,.T.);
#4758=FACE_BOUND('',#4418,.T.);
#4759=FACE_BOUND('',#4419,.T.);
#4760=FACE_BOUND('',#4420,.T.);
#4761=FACE_BOUND('',#4421,.T.);
#4762=FACE_BOUND('',#4422,.T.);
#4763=FACE_BOUND('',#4423,.T.);
#4764=FACE_BOUND('',#4424,.T.);
#4765=FACE_BOUND('',#4425,.T.);
#4766=FACE_BOUND('',#4426,.T.);
#4767=FACE_BOUND('',#4427,.T.);
#4768=FACE_BOUND('',#4428,.T.);
#4769=FACE_BOUND('',#4429,.T.);
#4770=FACE_BOUND('',#4430,.T.);
#4771=FACE_BOUND('',#4431,.T.);
#4772=FACE_BOUND('',#4432,.T.);
#4773=FACE_BOUND('',#4433,.T.);
#4774=FACE_BOUND('',#4434,.T.);
#4775=FACE_BOUND('',#4435,.T.);
#4776=FACE_BOUND('',#4436,.T.);
#4777=FACE_BOUND('',#4437,.T.);
#4778=FACE_BOUND('',#4438,.T.);
#4779=FACE_BOUND('',#4439,.T.);
#4780=FACE_BOUND('',#4440,.T.);
#4781=FACE_BOUND('',#4441,.T.);
#4782=FACE_BOUND('',#4442,.T.);
#4783=FACE_BOUND('',#4443,.T.);
#4784=FACE_BOUND('',#4444,.T.);
#4785=FACE_BOUND('',#4445,.T.);
#4786=FACE_BOUND('',#4446,.T.);
#4787=FACE_BOUND('',#4447,.T.);
#4788=FACE_BOUND('',#4448,.T.);
#4789=FACE_BOUND('',#4449,.T.);
#4790=FACE_BOUND('',#4450,.T.);
#4791=FACE_BOUND('',#4451,.T.);
#4792=FACE_BOUND('',#4452,.T.);
#4793=FACE_BOUND('',#4453,.T.);
#4794=FACE_BOUND('',#4454,.T.);
#4795=FACE_BOUND('',#4455,.T.);
#4796=FACE_BOUND('',#4456,.T.);
#4797=FACE_BOUND('',#4457,.T.);
#4798=FACE_BOUND('',#4458,.T.);
#4799=FACE_BOUND('',#4459,.T.);
#4800=FACE_BOUND('',#4460,.T.);
#4801=FACE_BOUND('',#4461,.T.);
#4802=FACE_BOUND('',#4462,.T.);
#4803=FACE_BOUND('',#4463,.T.);
#4804=FACE_BOUND('',#4464,.T.);
#4805=FACE_BOUND('',#4465,.T.);
#4806=FACE_BOUND('',#4466,.T.);
#4807=FACE_BOUND('',#4467,.T.);
#4808=FACE_BOUND('',#4468,.T.);
#4809=FACE_BOUND('',#4469,.T.);
#4810=FACE_BOUND('',#4470,.T.);
#4811=FACE_BOUND('',#4471,.T.);
#4812=FACE_BOUND('',#4472,.T.);
#4813=FACE_BOUND('',#4473,.T.);
#4814=FACE_BOUND('',#4474,.T.);
#4815=FACE_BOUND('',#4475,.T.);
#4816=FACE_BOUND('',#4476,.T.);
#4817=FACE_BOUND('',#4477,.T.);
#4818=FACE_BOUND('',#4478,.T.);
#4819=FACE_BOUND('',#4479,.T.);
#4820=FACE_BOUND('',#4480,.T.);
#4821=FACE_BOUND('',#4481,.T.);
#4822=FACE_BOUND('',#4482,.T.);
#4823=FACE_BOUND('',#4483,.T.);
#4824=FACE_BOUND('',#4484,.T.);
#4825=FACE_BOUND('',#4485,.T.);
#4826=FACE_BOUND('',#4486,.T.);
#4827=FACE_BOUND('',#4487,.T.);
#4828=FACE_BOUND('',#4488,.T.);
#4829=FACE_BOUND('',#4489,.T.);
#4830=FACE_BOUND('',#4490,.T.);
#4831=FACE_BOUND('',#4491,.T.);
#4832=FACE_BOUND('',#4492,.T.);
#4833=FACE_BOUND('',#4493,.T.);
#4834=FACE_BOUND('',#4494,.T.);
#4835=FACE_BOUND('',#4495,.T.);
#4836=FACE_BOUND('',#4496,.T.);
#4837=FACE_BOUND('',#4497,.T.);
#4838=FACE_BOUND('',#4498,.T.);
#4839=FACE_BOUND('',#4499,.T.);
#4840=FACE_BOUND('',#4500,.T.);
#4841=FACE_BOUND('',#4501,.T.);
#4842=FACE_BOUND('',#4502,.T.);
#4843=FACE_BOUND('',#4503,.T.);
#4844=FACE_BOUND('',#4504,.T.);
#4845=FACE_BOUND('',#4505,.T.);
#4846=FACE_BOUND('',#4506,.T.);
#4847=FACE_BOUND('',#4507,.T.);
#4848=FACE_BOUND('',#4508,.T.);
#4849=FACE_BOUND('',#4509,.T.);
#4850=FACE_BOUND('',#4510,.T.);
#4851=FACE_BOUND('',#4511,.T.);
#4852=FACE_BOUND('',#4512,.T.);
#4853=FACE_BOUND('',#4513,.T.);
#4854=FACE_BOUND('',#4514,.T.);
#4855=FACE_BOUND('',#4515,.T.);
#4856=FACE_BOUND('',#4516,.T.);
#4857=FACE_BOUND('',#4517,.T.);
#4858=FACE_BOUND('',#4518,.T.);
#4859=FACE_BOUND('',#4519,.T.);
#4860=FACE_BOUND('',#4520,.T.);
#4861=FACE_BOUND('',#4521,.T.);
#4862=FACE_BOUND('',#4522,.T.);
#4863=FACE_BOUND('',#4523,.T.);
#4864=FACE_BOUND('',#4524,.T.);
#4865=FACE_BOUND('',#4525,.T.);
#4866=FACE_BOUND('',#4526,.T.);
#4867=FACE_BOUND('',#4527,.T.);
#4868=FACE_BOUND('',#4528,.T.);
#4869=FACE_BOUND('',#4529,.T.);
#4870=FACE_BOUND('',#4530,.T.);
#4871=FACE_BOUND('',#4531,.T.);
#4872=FACE_BOUND('',#4532,.T.);
#4873=FACE_BOUND('',#4533,.T.);
#4874=FACE_BOUND('',#4534,.T.);
#4875=FACE_BOUND('',#4535,.T.);
#4876=FACE_BOUND('',#4536,.T.);
#4877=FACE_BOUND('',#4537,.T.);
#4878=FACE_BOUND('',#4538,.T.);
#4879=FACE_BOUND('',#4539,.T.);
#4880=FACE_BOUND('',#4540,.T.);
#4881=FACE_BOUND('',#4541,.T.);
#4882=FACE_BOUND('',#4542,.T.);
#4883=FACE_BOUND('',#4543,.T.);
#4884=FACE_BOUND('',#4544,.T.);
#4885=FACE_BOUND('',#4545,.T.);
#4886=FACE_BOUND('',#4546,.T.);
#4887=FACE_BOUND('',#4547,.T.);
#4888=FACE_BOUND('',#4548,.T.);
#4889=FACE_BOUND('',#4549,.T.);
#4890=FACE_BOUND('',#4550,.T.);
#4891=FACE_BOUND('',#4551,.T.);
#4892=FACE_BOUND('',#4552,.T.);
#4893=FACE_BOUND('',#4553,.T.);
#4894=FACE_BOUND('',#4554,.T.);
#4895=FACE_BOUND('',#4555,.T.);
#4896=FACE_BOUND('',#4556,.T.);
#4897=FACE_BOUND('',#4557,.T.);
#4898=FACE_BOUND('',#4558,.T.);
#4899=FACE_BOUND('',#4559,.T.);
#4900=FACE_BOUND('',#4560,.T.);
#4901=FACE_BOUND('',#4561,.T.);
#4902=FACE_BOUND('',#4562,.T.);
#4903=FACE_BOUND('',#4563,.T.);
#4904=FACE_BOUND('',#4564,.T.);
#4905=FACE_BOUND('',#4565,.T.);
#4906=FACE_BOUND('',#4566,.T.);
#4907=FACE_BOUND('',#4567,.T.);
#4908=FACE_BOUND('',#4568,.T.);
#4909=FACE_BOUND('',#4569,.T.);
#4910=FACE_BOUND('',#4570,.T.);
#4911=FACE_BOUND('',#4571,.T.);
#4912=FACE_BOUND('',#4572,.T.);
#4913=FACE_BOUND('',#4573,.T.);
#4914=FACE_BOUND('',#4574,.T.);
#4915=FACE_BOUND('',#4575,.T.);
#4916=FACE_BOUND('',#4576,.T.);
#4917=FACE_BOUND('',#4577,.T.);
#4918=FACE_BOUND('',#4578,.T.);
#4919=FACE_BOUND('',#4579,.T.);
#4920=FACE_BOUND('',#4580,.T.);
#4921=FACE_BOUND('',#4581,.T.);
#4922=FACE_BOUND('',#4582,.T.);
#4923=FACE_BOUND('',#4583,.T.);
#4924=FACE_BOUND('',#4584,.T.);
#4925=FACE_BOUND('',#4585,.T.);
#4926=FACE_BOUND('',#4586,.T.);
#4927=FACE_BOUND('',#4587,.T.);
#4928=FACE_BOUND('',#4588,.T.);
#4929=FACE_BOUND('',#4589,.T.);
#4930=FACE_BOUND('',#4590,.T.);
#4931=FACE_BOUND('',#4591,.T.);
#4932=FACE_BOUND('',#4592,.T.);
#4933=FACE_BOUND('',#4593,.T.);
#4934=FACE_BOUND('',#4594,.T.);
#4935=CYLINDRICAL_SURFACE('',#5342,0.001);
#4936=CYLINDRICAL_SURFACE('',#5346,0.005);
#4937=CYLINDRICAL_SURFACE('',#5350,0.005);
#4938=CYLINDRICAL_SURFACE('',#5354,0.005);
#4939=CYLINDRICAL_SURFACE('',#5358,0.00499999999999988);
#4940=CYLINDRICAL_SURFACE('',#5362,0.005);
#4941=CYLINDRICAL_SURFACE('',#5366,0.00500000000000006);
#4942=CYLINDRICAL_SURFACE('',#5373,0.005);
#4943=CYLINDRICAL_SURFACE('',#5377,0.005);
#4944=CYLINDRICAL_SURFACE('',#5381,0.005);
#4945=CYLINDRICAL_SURFACE('',#5385,0.005);
#4946=CYLINDRICAL_SURFACE('',#5389,0.000499999999999991);
#4947=CYLINDRICAL_SURFACE('',#5393,0.0005);
#4948=CYLINDRICAL_SURFACE('',#5397,0.0005);
#4949=CYLINDRICAL_SURFACE('',#5401,0.0005);
#4950=CYLINDRICAL_SURFACE('',#5404,0.000499999999999994);
#4951=CYLINDRICAL_SURFACE('',#5408,0.0005);
#4952=CYLINDRICAL_SURFACE('',#5412,0.0005);
#4953=CYLINDRICAL_SURFACE('',#5416,0.0005);
#4954=CYLINDRICAL_SURFACE('',#5419,0.000499999999999994);
#4955=CYLINDRICAL_SURFACE('',#5423,0.000499999999999994);
#4956=CYLINDRICAL_SURFACE('',#5427,0.0005);
#4957=CYLINDRICAL_SURFACE('',#5431,0.0005);
#4958=CYLINDRICAL_SURFACE('',#5434,0.0005);
#4959=CYLINDRICAL_SURFACE('',#5438,0.000499999999999994);
#4960=CYLINDRICAL_SURFACE('',#5442,0.0005);
#4961=CYLINDRICAL_SURFACE('',#5446,0.0005);
#4962=CYLINDRICAL_SURFACE('',#5449,0.000499999999999994);
#4963=CYLINDRICAL_SURFACE('',#5453,0.000499999999999994);
#4964=CYLINDRICAL_SURFACE('',#5457,0.0005);
#4965=CYLINDRICAL_SURFACE('',#5461,0.0005);
#4966=CYLINDRICAL_SURFACE('',#5464,0.0005);
#4967=CYLINDRICAL_SURFACE('',#5468,0.0005);
#4968=CYLINDRICAL_SURFACE('',#5472,0.000500000000000006);
#4969=CYLINDRICAL_SURFACE('',#5476,0.000500000000000007);
#4970=CYLINDRICAL_SURFACE('',#5479,0.0005);
#4971=CYLINDRICAL_SURFACE('',#5483,0.0005);
#4972=CYLINDRICAL_SURFACE('',#5487,0.000500000000000007);
#4973=CYLINDRICAL_SURFACE('',#5491,0.000500000000000006);
#4974=CYLINDRICAL_SURFACE('',#5494,0.0005);
#4975=CYLINDRICAL_SURFACE('',#5498,0.0005);
#4976=CYLINDRICAL_SURFACE('',#5502,0.000500000000000007);
#4977=CYLINDRICAL_SURFACE('',#5506,0.000500000000000006);
#4978=CYLINDRICAL_SURFACE('',#5509,0.0005);
#4979=CYLINDRICAL_SURFACE('',#5513,0.0005);
#4980=CYLINDRICAL_SURFACE('',#5517,0.000500000000000007);
#4981=CYLINDRICAL_SURFACE('',#5521,0.000500000000000007);
#4982=CYLINDRICAL_SURFACE('',#5524,0.0005);
#4983=CYLINDRICAL_SURFACE('',#5528,0.0005);
#4984=CYLINDRICAL_SURFACE('',#5532,0.0005);
#4985=CYLINDRICAL_SURFACE('',#5536,0.0005);
#4986=CYLINDRICAL_SURFACE('',#5539,0.0005);
#4987=CYLINDRICAL_SURFACE('',#5543,0.0005);
#4988=CYLINDRICAL_SURFACE('',#5547,0.0005);
#4989=CYLINDRICAL_SURFACE('',#5551,0.0005);
#4990=CYLINDRICAL_SURFACE('',#5554,0.0005);
#4991=CYLINDRICAL_SURFACE('',#5558,0.0005);
#4992=CYLINDRICAL_SURFACE('',#5562,0.0005);
#4993=CYLINDRICAL_SURFACE('',#5566,0.0005);
#4994=CYLINDRICAL_SURFACE('',#5569,0.0005);
#4995=CYLINDRICAL_SURFACE('',#5573,0.0005);
#4996=CYLINDRICAL_SURFACE('',#5577,0.0005);
#4997=CYLINDRICAL_SURFACE('',#5581,0.0005);
#4998=CYLINDRICAL_SURFACE('',#5584,0.0005);
#4999=CYLINDRICAL_SURFACE('',#5588,0.0005);
#5000=CYLINDRICAL_SURFACE('',#5592,0.0005);
#5001=CYLINDRICAL_SURFACE('',#5596,0.0005);
#5002=CYLINDRICAL_SURFACE('',#5599,0.0005);
#5003=CYLINDRICAL_SURFACE('',#5603,0.0005);
#5004=CYLINDRICAL_SURFACE('',#5607,0.0005);
#5005=CYLINDRICAL_SURFACE('',#5611,0.0005);
#5006=CYLINDRICAL_SURFACE('',#5614,0.0005);
#5007=CYLINDRICAL_SURFACE('',#5618,0.0005);
#5008=CYLINDRICAL_SURFACE('',#5622,0.0005);
#5009=CYLINDRICAL_SURFACE('',#5626,0.0005);
#5010=CYLINDRICAL_SURFACE('',#5629,0.0005);
#5011=CYLINDRICAL_SURFACE('',#5633,0.0005);
#5012=CYLINDRICAL_SURFACE('',#5637,0.0005);
#5013=CYLINDRICAL_SURFACE('',#5641,0.0005);
#5014=CYLINDRICAL_SURFACE('',#5644,0.0005);
#5015=CYLINDRICAL_SURFACE('',#5648,0.0005);
#5016=CYLINDRICAL_SURFACE('',#5652,0.0005);
#5017=CYLINDRICAL_SURFACE('',#5656,0.0005);
#5018=CYLINDRICAL_SURFACE('',#5659,0.0005);
#5019=CYLINDRICAL_SURFACE('',#5663,0.0005);
#5020=CYLINDRICAL_SURFACE('',#5667,0.0005);
#5021=CYLINDRICAL_SURFACE('',#5671,0.0005);
#5022=CYLINDRICAL_SURFACE('',#5674,0.0005);
#5023=CYLINDRICAL_SURFACE('',#5678,0.0005);
#5024=CYLINDRICAL_SURFACE('',#5682,0.0005);
#5025=CYLINDRICAL_SURFACE('',#5686,0.0005);
#5026=CYLINDRICAL_SURFACE('',#5689,0.0005);
#5027=CYLINDRICAL_SURFACE('',#5693,0.0005);
#5028=CYLINDRICAL_SURFACE('',#5697,0.0005);
#5029=CYLINDRICAL_SURFACE('',#5701,0.0005);
#5030=CYLINDRICAL_SURFACE('',#5704,0.000500000000000007);
#5031=CYLINDRICAL_SURFACE('',#5708,0.000500000000000006);
#5032=CYLINDRICAL_SURFACE('',#5712,0.0005);
#5033=CYLINDRICAL_SURFACE('',#5716,0.0005);
#5034=CYLINDRICAL_SURFACE('',#5719,0.000500000000000007);
#5035=CYLINDRICAL_SURFACE('',#5723,0.000500000000000006);
#5036=CYLINDRICAL_SURFACE('',#5727,0.0005);
#5037=CYLINDRICAL_SURFACE('',#5731,0.0005);
#5038=CYLINDRICAL_SURFACE('',#5734,0.000500000000000006);
#5039=CYLINDRICAL_SURFACE('',#5738,0.000500000000000006);
#5040=CYLINDRICAL_SURFACE('',#5742,0.0005);
#5041=CYLINDRICAL_SURFACE('',#5746,0.0005);
#5042=CYLINDRICAL_SURFACE('',#5749,0.000500000000000007);
#5043=CYLINDRICAL_SURFACE('',#5753,0.000500000000000007);
#5044=CYLINDRICAL_SURFACE('',#5757,0.0005);
#5045=CYLINDRICAL_SURFACE('',#5761,0.0005);
#5046=CYLINDRICAL_SURFACE('',#5764,0.0005);
#5047=CYLINDRICAL_SURFACE('',#5768,0.000500000000000006);
#5048=CYLINDRICAL_SURFACE('',#5772,0.000500000000000006);
#5049=CYLINDRICAL_SURFACE('',#5776,0.0005);
#5050=CYLINDRICAL_SURFACE('',#5779,0.0005);
#5051=CYLINDRICAL_SURFACE('',#5783,0.0005);
#5052=CYLINDRICAL_SURFACE('',#5787,0.0005);
#5053=CYLINDRICAL_SURFACE('',#5791,0.000499999999999994);
#5054=CYLINDRICAL_SURFACE('',#5794,0.0005);
#5055=CYLINDRICAL_SURFACE('',#5798,0.0005);
#5056=CYLINDRICAL_SURFACE('',#5802,0.0005);
#5057=CYLINDRICAL_SURFACE('',#5806,0.0005);
#5058=CYLINDRICAL_SURFACE('',#5837,0.005);
#5059=CYLINDRICAL_SURFACE('',#5853,0.00145);
#5060=CYLINDRICAL_SURFACE('',#5855,0.00145);
#5061=CYLINDRICAL_SURFACE('',#5857,0.00145);
#5062=CYLINDRICAL_SURFACE('',#5859,0.00145);
#5063=CYLINDRICAL_SURFACE('',#5861,0.00145);
#5064=CYLINDRICAL_SURFACE('',#5870,0.00494295541668901);
#5065=ADVANCED_FACE('',(#4595),#4935,.F.);
#5066=ADVANCED_FACE('',(#4596),#17,.T.);
#5067=ADVANCED_FACE('',(#4597),#4936,.T.);
#5068=ADVANCED_FACE('',(#4598),#18,.T.);
#5069=ADVANCED_FACE('',(#4599),#4937,.F.);
#5070=ADVANCED_FACE('',(#4600),#19,.T.);
#5071=ADVANCED_FACE('',(#4601),#4938,.T.);
#5072=ADVANCED_FACE('',(#4602),#20,.T.);
#5073=ADVANCED_FACE('',(#4603),#4939,.F.);
#5074=ADVANCED_FACE('',(#4604),#21,.T.);
#5075=ADVANCED_FACE('',(#4605),#4940,.T.);
#5076=ADVANCED_FACE('',(#4606),#22,.T.);
#5077=ADVANCED_FACE('',(#4607),#4941,.T.);
#5078=ADVANCED_FACE('',(#4608),#23,.T.);
#5079=ADVANCED_FACE('',(#4609),#24,.F.);
#5080=ADVANCED_FACE('',(#4610),#25,.F.);
#5081=ADVANCED_FACE('',(#4611),#26,.T.);
#5082=ADVANCED_FACE('',(#4612),#4942,.F.);
#5083=ADVANCED_FACE('',(#4613),#27,.T.);
#5084=ADVANCED_FACE('',(#4614),#4943,.T.);
#5085=ADVANCED_FACE('',(#4615),#28,.T.);
#5086=ADVANCED_FACE('',(#4616),#4944,.T.);
#5087=ADVANCED_FACE('',(#4617),#29,.T.);
#5088=ADVANCED_FACE('',(#4618),#4945,.F.);
#5089=ADVANCED_FACE('',(#4619),#30,.T.);
#5090=ADVANCED_FACE('',(#4620),#4946,.F.);
#5091=ADVANCED_FACE('',(#4621),#31,.T.);
#5092=ADVANCED_FACE('',(#4622),#4947,.F.);
#5093=ADVANCED_FACE('',(#4623),#32,.T.);
#5094=ADVANCED_FACE('',(#4624),#4948,.F.);
#5095=ADVANCED_FACE('',(#4625),#33,.T.);
#5096=ADVANCED_FACE('',(#4626),#4949,.F.);
#5097=ADVANCED_FACE('',(#4627),#4950,.F.);
#5098=ADVANCED_FACE('',(#4628),#34,.T.);
#5099=ADVANCED_FACE('',(#4629),#4951,.F.);
#5100=ADVANCED_FACE('',(#4630),#35,.T.);
#5101=ADVANCED_FACE('',(#4631),#4952,.F.);
#5102=ADVANCED_FACE('',(#4632),#36,.T.);
#5103=ADVANCED_FACE('',(#4633),#4953,.F.);
#5104=ADVANCED_FACE('',(#4634),#4954,.F.);
#5105=ADVANCED_FACE('',(#4635),#37,.T.);
#5106=ADVANCED_FACE('',(#4636),#4955,.F.);
#5107=ADVANCED_FACE('',(#4637),#38,.T.);
#5108=ADVANCED_FACE('',(#4638),#4956,.F.);
#5109=ADVANCED_FACE('',(#4639),#39,.T.);
#5110=ADVANCED_FACE('',(#4640),#4957,.F.);
#5111=ADVANCED_FACE('',(#4641),#4958,.F.);
#5112=ADVANCED_FACE('',(#4642),#40,.T.);
#5113=ADVANCED_FACE('',(#4643),#4959,.F.);
#5114=ADVANCED_FACE('',(#4644),#41,.T.);
#5115=ADVANCED_FACE('',(#4645),#4960,.F.);
#5116=ADVANCED_FACE('',(#4646),#42,.T.);
#5117=ADVANCED_FACE('',(#4647),#4961,.F.);
#5118=ADVANCED_FACE('',(#4648),#4962,.F.);
#5119=ADVANCED_FACE('',(#4649),#43,.T.);
#5120=ADVANCED_FACE('',(#4650),#4963,.F.);
#5121=ADVANCED_FACE('',(#4651),#44,.T.);
#5122=ADVANCED_FACE('',(#4652),#4964,.F.);
#5123=ADVANCED_FACE('',(#4653),#45,.T.);
#5124=ADVANCED_FACE('',(#4654),#4965,.F.);
#5125=ADVANCED_FACE('',(#4655),#4966,.F.);
#5126=ADVANCED_FACE('',(#4656),#46,.T.);
#5127=ADVANCED_FACE('',(#4657),#4967,.F.);
#5128=ADVANCED_FACE('',(#4658),#47,.T.);
#5129=ADVANCED_FACE('',(#4659),#4968,.F.);
#5130=ADVANCED_FACE('',(#4660),#48,.T.);
#5131=ADVANCED_FACE('',(#4661),#4969,.F.);
#5132=ADVANCED_FACE('',(#4662),#4970,.F.);
#5133=ADVANCED_FACE('',(#4663),#49,.T.);
#5134=ADVANCED_FACE('',(#4664),#4971,.F.);
#5135=ADVANCED_FACE('',(#4665),#50,.T.);
#5136=ADVANCED_FACE('',(#4666),#4972,.F.);
#5137=ADVANCED_FACE('',(#4667),#51,.T.);
#5138=ADVANCED_FACE('',(#4668),#4973,.F.);
#5139=ADVANCED_FACE('',(#4669),#4974,.F.);
#5140=ADVANCED_FACE('',(#4670),#52,.T.);
#5141=ADVANCED_FACE('',(#4671),#4975,.F.);
#5142=ADVANCED_FACE('',(#4672),#53,.T.);
#5143=ADVANCED_FACE('',(#4673),#4976,.F.);
#5144=ADVANCED_FACE('',(#4674),#54,.T.);
#5145=ADVANCED_FACE('',(#4675),#4977,.F.);
#5146=ADVANCED_FACE('',(#4676),#4978,.F.);
#5147=ADVANCED_FACE('',(#4677),#55,.T.);
#5148=ADVANCED_FACE('',(#4678),#4979,.F.);
#5149=ADVANCED_FACE('',(#4679),#56,.T.);
#5150=ADVANCED_FACE('',(#4680),#4980,.F.);
#5151=ADVANCED_FACE('',(#4681),#57,.T.);
#5152=ADVANCED_FACE('',(#4682),#4981,.F.);
#5153=ADVANCED_FACE('',(#4683),#4982,.F.);
#5154=ADVANCED_FACE('',(#4684),#58,.T.);
#5155=ADVANCED_FACE('',(#4685),#4983,.F.);
#5156=ADVANCED_FACE('',(#4686),#59,.T.);
#5157=ADVANCED_FACE('',(#4687),#4984,.F.);
#5158=ADVANCED_FACE('',(#4688),#60,.T.);
#5159=ADVANCED_FACE('',(#4689),#4985,.F.);
#5160=ADVANCED_FACE('',(#4690),#4986,.F.);
#5161=ADVANCED_FACE('',(#4691),#61,.T.);
#5162=ADVANCED_FACE('',(#4692),#4987,.F.);
#5163=ADVANCED_FACE('',(#4693),#62,.T.);
#5164=ADVANCED_FACE('',(#4694),#4988,.F.);
#5165=ADVANCED_FACE('',(#4695),#63,.T.);
#5166=ADVANCED_FACE('',(#4696),#4989,.F.);
#5167=ADVANCED_FACE('',(#4697),#4990,.F.);
#5168=ADVANCED_FACE('',(#4698),#64,.T.);
#5169=ADVANCED_FACE('',(#4699),#4991,.F.);
#5170=ADVANCED_FACE('',(#4700),#65,.T.);
#5171=ADVANCED_FACE('',(#4701),#4992,.F.);
#5172=ADVANCED_FACE('',(#4702),#66,.T.);
#5173=ADVANCED_FACE('',(#4703),#4993,.F.);
#5174=ADVANCED_FACE('',(#4704),#4994,.F.);
#5175=ADVANCED_FACE('',(#4705),#67,.T.);
#5176=ADVANCED_FACE('',(#4706),#4995,.F.);
#5177=ADVANCED_FACE('',(#4707),#68,.T.);
#5178=ADVANCED_FACE('',(#4708),#4996,.F.);
#5179=ADVANCED_FACE('',(#4709),#69,.T.);
#5180=ADVANCED_FACE('',(#4710),#4997,.F.);
#5181=ADVANCED_FACE('',(#4711),#4998,.F.);
#5182=ADVANCED_FACE('',(#4712),#70,.T.);
#5183=ADVANCED_FACE('',(#4713),#4999,.F.);
#5184=ADVANCED_FACE('',(#4714),#71,.T.);
#5185=ADVANCED_FACE('',(#4715),#5000,.F.);
#5186=ADVANCED_FACE('',(#4716),#72,.T.);
#5187=ADVANCED_FACE('',(#4717),#5001,.F.);
#5188=ADVANCED_FACE('',(#4718),#5002,.F.);
#5189=ADVANCED_FACE('',(#4719),#73,.T.);
#5190=ADVANCED_FACE('',(#4720),#5003,.F.);
#5191=ADVANCED_FACE('',(#4721),#74,.T.);
#5192=ADVANCED_FACE('',(#4722),#5004,.F.);
#5193=ADVANCED_FACE('',(#4723),#75,.T.);
#5194=ADVANCED_FACE('',(#4724),#5005,.F.);
#5195=ADVANCED_FACE('',(#4725),#5006,.F.);
#5196=ADVANCED_FACE('',(#4726),#76,.T.);
#5197=ADVANCED_FACE('',(#4727),#5007,.F.);
#5198=ADVANCED_FACE('',(#4728),#77,.T.);
#5199=ADVANCED_FACE('',(#4729),#5008,.F.);
#5200=ADVANCED_FACE('',(#4730),#78,.T.);
#5201=ADVANCED_FACE('',(#4731),#5009,.F.);
#5202=ADVANCED_FACE('',(#4732),#5010,.F.);
#5203=ADVANCED_FACE('',(#4733),#79,.T.);
#5204=ADVANCED_FACE('',(#4734),#5011,.F.);
#5205=ADVANCED_FACE('',(#4735),#80,.T.);
#5206=ADVANCED_FACE('',(#4736),#5012,.F.);
#5207=ADVANCED_FACE('',(#4737),#81,.T.);
#5208=ADVANCED_FACE('',(#4738),#5013,.F.);
#5209=ADVANCED_FACE('',(#4739),#5014,.F.);
#5210=ADVANCED_FACE('',(#4740),#82,.T.);
#5211=ADVANCED_FACE('',(#4741),#5015,.F.);
#5212=ADVANCED_FACE('',(#4742),#83,.T.);
#5213=ADVANCED_FACE('',(#4743),#5016,.F.);
#5214=ADVANCED_FACE('',(#4744),#84,.T.);
#5215=ADVANCED_FACE('',(#4745),#5017,.F.);
#5216=ADVANCED_FACE('',(#4746),#5018,.F.);
#5217=ADVANCED_FACE('',(#4747),#85,.T.);
#5218=ADVANCED_FACE('',(#4748),#5019,.F.);
#5219=ADVANCED_FACE('',(#4749),#86,.T.);
#5220=ADVANCED_FACE('',(#4750),#5020,.F.);
#5221=ADVANCED_FACE('',(#4751),#87,.T.);
#5222=ADVANCED_FACE('',(#4752),#5021,.F.);
#5223=ADVANCED_FACE('',(#4753),#5022,.F.);
#5224=ADVANCED_FACE('',(#4754),#88,.T.);
#5225=ADVANCED_FACE('',(#4755),#5023,.F.);
#5226=ADVANCED_FACE('',(#4756),#89,.T.);
#5227=ADVANCED_FACE('',(#4757),#5024,.F.);
#5228=ADVANCED_FACE('',(#4758),#90,.T.);
#5229=ADVANCED_FACE('',(#4759),#5025,.F.);
#5230=ADVANCED_FACE('',(#4760),#5026,.F.);
#5231=ADVANCED_FACE('',(#4761),#91,.T.);
#5232=ADVANCED_FACE('',(#4762),#5027,.F.);
#5233=ADVANCED_FACE('',(#4763),#92,.T.);
#5234=ADVANCED_FACE('',(#4764),#5028,.F.);
#5235=ADVANCED_FACE('',(#4765),#93,.T.);
#5236=ADVANCED_FACE('',(#4766),#5029,.F.);
#5237=ADVANCED_FACE('',(#4767),#5030,.F.);
#5238=ADVANCED_FACE('',(#4768),#94,.T.);
#5239=ADVANCED_FACE('',(#4769),#5031,.F.);
#5240=ADVANCED_FACE('',(#4770),#95,.T.);
#5241=ADVANCED_FACE('',(#4771),#5032,.F.);
#5242=ADVANCED_FACE('',(#4772),#96,.T.);
#5243=ADVANCED_FACE('',(#4773),#5033,.F.);
#5244=ADVANCED_FACE('',(#4774),#5034,.F.);
#5245=ADVANCED_FACE('',(#4775),#97,.T.);
#5246=ADVANCED_FACE('',(#4776),#5035,.F.);
#5247=ADVANCED_FACE('',(#4777),#98,.T.);
#5248=ADVANCED_FACE('',(#4778),#5036,.F.);
#5249=ADVANCED_FACE('',(#4779),#99,.T.);
#5250=ADVANCED_FACE('',(#4780),#5037,.F.);
#5251=ADVANCED_FACE('',(#4781),#5038,.F.);
#5252=ADVANCED_FACE('',(#4782),#100,.T.);
#5253=ADVANCED_FACE('',(#4783),#5039,.F.);
#5254=ADVANCED_FACE('',(#4784),#101,.T.);
#5255=ADVANCED_FACE('',(#4785),#5040,.F.);
#5256=ADVANCED_FACE('',(#4786),#102,.T.);
#5257=ADVANCED_FACE('',(#4787),#5041,.F.);
#5258=ADVANCED_FACE('',(#4788),#5042,.F.);
#5259=ADVANCED_FACE('',(#4789),#103,.T.);
#5260=ADVANCED_FACE('',(#4790),#5043,.F.);
#5261=ADVANCED_FACE('',(#4791),#104,.T.);
#5262=ADVANCED_FACE('',(#4792),#5044,.F.);
#5263=ADVANCED_FACE('',(#4793),#105,.T.);
#5264=ADVANCED_FACE('',(#4794),#5045,.F.);
#5265=ADVANCED_FACE('',(#4795),#5046,.F.);
#5266=ADVANCED_FACE('',(#4796),#106,.T.);
#5267=ADVANCED_FACE('',(#4797),#5047,.F.);
#5268=ADVANCED_FACE('',(#4798),#107,.T.);
#5269=ADVANCED_FACE('',(#4799),#5048,.F.);
#5270=ADVANCED_FACE('',(#4800),#108,.T.);
#5271=ADVANCED_FACE('',(#4801),#5049,.F.);
#5272=ADVANCED_FACE('',(#4802),#5050,.F.);
#5273=ADVANCED_FACE('',(#4803),#109,.T.);
#5274=ADVANCED_FACE('',(#4804),#5051,.F.);
#5275=ADVANCED_FACE('',(#4805),#110,.T.);
#5276=ADVANCED_FACE('',(#4806),#5052,.F.);
#5277=ADVANCED_FACE('',(#4807),#111,.T.);
#5278=ADVANCED_FACE('',(#4808),#5053,.F.);
#5279=ADVANCED_FACE('',(#4809),#5054,.F.);
#5280=ADVANCED_FACE('',(#4810),#112,.T.);
#5281=ADVANCED_FACE('',(#4811),#5055,.F.);
#5282=ADVANCED_FACE('',(#4812),#113,.T.);
#5283=ADVANCED_FACE('',(#4813),#5056,.F.);
#5284=ADVANCED_FACE('',(#4814),#114,.T.);
#5285=ADVANCED_FACE('',(#4815),#5057,.F.);
#5286=ADVANCED_FACE('',(#4816),#115,.T.);
#5287=ADVANCED_FACE('',(#4817),#116,.T.);
#5288=ADVANCED_FACE('',(#4818),#117,.T.);
#5289=ADVANCED_FACE('',(#4819),#118,.T.);
#5290=ADVANCED_FACE('',(#4820),#119,.T.);
#5291=ADVANCED_FACE('',(#4821),#120,.T.);
#5292=ADVANCED_FACE('',(#4822),#121,.T.);
#5293=ADVANCED_FACE('',(#4823),#122,.T.);
#5294=ADVANCED_FACE('',(#4824),#123,.T.);
#5295=ADVANCED_FACE('',(#4825),#124,.T.);
#5296=ADVANCED_FACE('',(#4826),#125,.T.);
#5297=ADVANCED_FACE('',(#4827),#126,.T.);
#5298=ADVANCED_FACE('',(#4828),#127,.T.);
#5299=ADVANCED_FACE('',(#4829),#128,.T.);
#5300=ADVANCED_FACE('',(#4830),#129,.T.);
#5301=ADVANCED_FACE('',(#4831),#130,.T.);
#5302=ADVANCED_FACE('',(#4832),#131,.T.);
#5303=ADVANCED_FACE('',(#4833),#132,.T.);
#5304=ADVANCED_FACE('',(#4834),#133,.T.);
#5305=ADVANCED_FACE('',(#4835),#134,.T.);
#5306=ADVANCED_FACE('',(#4836),#135,.T.);
#5307=ADVANCED_FACE('',(#4837),#136,.T.);
#5308=ADVANCED_FACE('',(#4838),#137,.T.);
#5309=ADVANCED_FACE('',(#4839),#138,.T.);
#5310=ADVANCED_FACE('',(#4840),#139,.T.);
#5311=ADVANCED_FACE('',(#4841),#140,.T.);
#5312=ADVANCED_FACE('',(#4842),#141,.T.);
#5313=ADVANCED_FACE('',(#4843),#142,.T.);
#5314=ADVANCED_FACE('',(#4844),#5058,.T.);
#5315=ADVANCED_FACE('',(#4845,#4846,#4847,#4848,#4849,#4850,#4851,#4852,
#4853,#4854,#4855,#4856,#4857,#4858,#4859,#4860,#4861,#4862,#4863,#4864,
#4865,#4866,#4867,#4868,#4869,#4870,#4871,#4872,#4873,#4874,#4875,#4876,
#4877,#4878),#143,.T.);
#5316=ADVANCED_FACE('',(#4879,#4880,#4881,#4882,#4883,#4884,#4885,#4886,
#4887,#4888,#4889,#4890,#4891,#4892,#4893,#4894,#4895,#4896,#4897,#4898,
#4899,#4900,#4901,#4902,#4903,#4904,#4905,#4906,#4907,#4908,#4909,#4910,
#4911,#4912),#144,.F.);
#5317=ADVANCED_FACE('',(#4913,#4914),#5059,.F.);
#5318=ADVANCED_FACE('',(#4915,#4916),#5060,.F.);
#5319=ADVANCED_FACE('',(#4917,#4918),#5061,.F.);
#5320=ADVANCED_FACE('',(#4919,#4920),#5062,.F.);
#5321=ADVANCED_FACE('',(#4921,#4922),#5063,.F.);
#5322=ADVANCED_FACE('',(#4923,#4924),#12,.F.);
#5323=ADVANCED_FACE('',(#4925,#4926),#13,.F.);
#5324=ADVANCED_FACE('',(#4927,#4928),#14,.F.);
#5325=ADVANCED_FACE('',(#4929,#4930),#15,.F.);
#5326=ADVANCED_FACE('',(#4931,#4932),#16,.F.);
#5327=ADVANCED_FACE('',(#4933),#145,.F.);
#5328=ADVANCED_FACE('',(#4934),#5064,.T.);
#5329=CLOSED_SHELL('',(#5065,#5066,#5067,#5068,#5069,#5070,#5071,#5072,
#5073,#5074,#5075,#5076,#5077,#5078,#5079,#5080,#5081,#5082,#5083,#5084,
#5085,#5086,#5087,#5088,#5089,#5090,#5091,#5092,#5093,#5094,#5095,#5096,
#5097,#5098,#5099,#5100,#5101,#5102,#5103,#5104,#5105,#5106,#5107,#5108,
#5109,#5110,#5111,#5112,#5113,#5114,#5115,#5116,#5117,#5118,#5119,#5120,
#5121,#5122,#5123,#5124,#5125,#5126,#5127,#5128,#5129,#5130,#5131,#5132,
#5133,#5134,#5135,#5136,#5137,#5138,#5139,#5140,#5141,#5142,#5143,#5144,
#5145,#5146,#5147,#5148,#5149,#5150,#5151,#5152,#5153,#5154,#5155,#5156,
#5157,#5158,#5159,#5160,#5161,#5162,#5163,#5164,#5165,#5166,#5167,#5168,
#5169,#5170,#5171,#5172,#5173,#5174,#5175,#5176,#5177,#5178,#5179,#5180,
#5181,#5182,#5183,#5184,#5185,#5186,#5187,#5188,#5189,#5190,#5191,#5192,
#5193,#5194,#5195,#5196,#5197,#5198,#5199,#5200,#5201,#5202,#5203,#5204,
#5205,#5206,#5207,#5208,#5209,#5210,#5211,#5212,#5213,#5214,#5215,#5216,
#5217,#5218,#5219,#5220,#5221,#5222,#5223,#5224,#5225,#5226,#5227,#5228,
#5229,#5230,#5231,#5232,#5233,#5234,#5235,#5236,#5237,#5238,#5239,#5240,
#5241,#5242,#5243,#5244,#5245,#5246,#5247,#5248,#5249,#5250,#5251,#5252,
#5253,#5254,#5255,#5256,#5257,#5258,#5259,#5260,#5261,#5262,#5263,#5264,
#5265,#5266,#5267,#5268,#5269,#5270,#5271,#5272,#5273,#5274,#5275,#5276,
#5277,#5278,#5279,#5280,#5281,#5282,#5283,#5284,#5285,#5286,#5287,#5288,
#5289,#5290,#5291,#5292,#5293,#5294,#5295,#5296,#5297,#5298,#5299,#5300,
#5301,#5302,#5303,#5304,#5305,#5306,#5307,#5308,#5309,#5310,#5311,#5312,
#5313,#5314,#5315,#5316,#5317,#5318,#5319,#5320,#5321,#5322,#5323,#5324,
#5325,#5326,#5327,#5328));
#5330=STYLED_ITEM('',(#5331),#5338);
#5331=PRESENTATION_STYLE_ASSIGNMENT((#5332));
#5332=SURFACE_STYLE_USAGE(.BOTH.,#5333);
#5333=SURFACE_SIDE_STYLE('',(#5334));
#5334=SURFACE_STYLE_FILL_AREA(#5335);
#5335=FILL_AREA_STYLE('',(#5336));
#5336=FILL_AREA_STYLE_COLOUR('',#5337);
#5337=COLOUR_RGB('',0.615686274509804,0.811764705882353,0.929411764705882);
#5338=MANIFOLD_SOLID_BREP('Plate',#5329);
#5339=SHAPE_DEFINITION_REPRESENTATION(#8998,#5340);
#5340=SHAPE_REPRESENTATION('Plate',(#5341),#8993);
#5341=AXIS2_PLACEMENT_3D('',#7437,#5871,#5872);
#5342=AXIS2_PLACEMENT_3D('',#7438,#5873,#5874);
#5343=AXIS2_PLACEMENT_3D('',#7442,#5876,#5877);
#5344=AXIS2_PLACEMENT_3D('',#7446,#5879,#5880);
#5345=AXIS2_PLACEMENT_3D('',#7447,#5881,#5882);
#5346=AXIS2_PLACEMENT_3D('',#7456,#5887,#5888);
#5347=AXIS2_PLACEMENT_3D('',#7457,#5889,#5890);
#5348=AXIS2_PLACEMENT_3D('',#7461,#5892,#5893);
#5349=AXIS2_PLACEMENT_3D('',#7462,#5894,#5895);
#5350=AXIS2_PLACEMENT_3D('',#7468,#5899,#5900);
#5351=AXIS2_PLACEMENT_3D('',#7469,#5901,#5902);
#5352=AXIS2_PLACEMENT_3D('',#7473,#5904,#5905);
#5353=AXIS2_PLACEMENT_3D('',#7474,#5906,#5907);
#5354=AXIS2_PLACEMENT_3D('',#7480,#5911,#5912);
#5355=AXIS2_PLACEMENT_3D('',#7481,#5913,#5914);
#5356=AXIS2_PLACEMENT_3D('',#7485,#5916,#5917);
#5357=AXIS2_PLACEMENT_3D('',#7486,#5918,#5919);
#5358=AXIS2_PLACEMENT_3D('',#7492,#5923,#5924);
#5359=AXIS2_PLACEMENT_3D('',#7493,#5925,#5926);
#5360=AXIS2_PLACEMENT_3D('',#7497,#5928,#5929);
#5361=AXIS2_PLACEMENT_3D('',#7498,#5930,#5931);
#5362=AXIS2_PLACEMENT_3D('',#7504,#5935,#5936);
#5363=AXIS2_PLACEMENT_3D('',#7505,#5937,#5938);
#5364=AXIS2_PLACEMENT_3D('',#7509,#5940,#5941);
#5365=AXIS2_PLACEMENT_3D('',#7510,#5942,#5943);
#5366=AXIS2_PLACEMENT_3D('',#7516,#5947,#5948);
#5367=AXIS2_PLACEMENT_3D('',#7517,#5949,#5950);
#5368=AXIS2_PLACEMENT_3D('',#7521,#5952,#5953);
#5369=AXIS2_PLACEMENT_3D('',#7522,#5954,#5955);
#5370=AXIS2_PLACEMENT_3D('',#7532,#5961,#5962);
#5371=AXIS2_PLACEMENT_3D('',#7535,#5965,#5966);
#5372=AXIS2_PLACEMENT_3D('',#7541,#5970,#5971);
#5373=AXIS2_PLACEMENT_3D('',#7551,#5977,#5978);
#5374=AXIS2_PLACEMENT_3D('',#7552,#5979,#5980);
#5375=AXIS2_PLACEMENT_3D('',#7556,#5982,#5983);
#5376=AXIS2_PLACEMENT_3D('',#7557,#5984,#5985);
#5377=AXIS2_PLACEMENT_3D('',#7563,#5989,#5990);
#5378=AXIS2_PLACEMENT_3D('',#7564,#5991,#5992);
#5379=AXIS2_PLACEMENT_3D('',#7568,#5994,#5995);
#5380=AXIS2_PLACEMENT_3D('',#7569,#5996,#5997);
#5381=AXIS2_PLACEMENT_3D('',#7575,#6001,#6002);
#5382=AXIS2_PLACEMENT_3D('',#7576,#6003,#6004);
#5383=AXIS2_PLACEMENT_3D('',#7580,#6006,#6007);
#5384=AXIS2_PLACEMENT_3D('',#7581,#6008,#6009);
#5385=AXIS2_PLACEMENT_3D('',#7587,#6013,#6014);
#5386=AXIS2_PLACEMENT_3D('',#7588,#6015,#6016);
#5387=AXIS2_PLACEMENT_3D('',#7592,#6018,#6019);
#5388=AXIS2_PLACEMENT_3D('',#7593,#6020,#6021);
#5389=AXIS2_PLACEMENT_3D('',#7599,#6025,#6026);
#5390=AXIS2_PLACEMENT_3D('',#7600,#6027,#6028);
#5391=AXIS2_PLACEMENT_3D('',#7605,#6030,#6031);
#5392=AXIS2_PLACEMENT_3D('',#7608,#6033,#6034);
#5393=AXIS2_PLACEMENT_3D('',#7614,#6038,#6039);
#5394=AXIS2_PLACEMENT_3D('',#7615,#6040,#6041);
#5395=AXIS2_PLACEMENT_3D('',#7619,#6043,#6044);
#5396=AXIS2_PLACEMENT_3D('',#7620,#6045,#6046);
#5397=AXIS2_PLACEMENT_3D('',#7626,#6050,#6051);
#5398=AXIS2_PLACEMENT_3D('',#7627,#6052,#6053);
#5399=AXIS2_PLACEMENT_3D('',#7631,#6055,#6056);
#5400=AXIS2_PLACEMENT_3D('',#7632,#6057,#6058);
#5401=AXIS2_PLACEMENT_3D('',#7638,#6062,#6063);
#5402=AXIS2_PLACEMENT_3D('',#7639,#6064,#6065);
#5403=AXIS2_PLACEMENT_3D('',#7643,#6067,#6068);
#5404=AXIS2_PLACEMENT_3D('',#7644,#6069,#6070);
#5405=AXIS2_PLACEMENT_3D('',#7645,#6071,#6072);
#5406=AXIS2_PLACEMENT_3D('',#7650,#6074,#6075);
#5407=AXIS2_PLACEMENT_3D('',#7653,#6077,#6078);
#5408=AXIS2_PLACEMENT_3D('',#7659,#6082,#6083);
#5409=AXIS2_PLACEMENT_3D('',#7660,#6084,#6085);
#5410=AXIS2_PLACEMENT_3D('',#7664,#6087,#6088);
#5411=AXIS2_PLACEMENT_3D('',#7665,#6089,#6090);
#5412=AXIS2_PLACEMENT_3D('',#7671,#6094,#6095);
#5413=AXIS2_PLACEMENT_3D('',#7672,#6096,#6097);
#5414=AXIS2_PLACEMENT_3D('',#7676,#6099,#6100);
#5415=AXIS2_PLACEMENT_3D('',#7677,#6101,#6102);
#5416=AXIS2_PLACEMENT_3D('',#7683,#6106,#6107);
#5417=AXIS2_PLACEMENT_3D('',#7684,#6108,#6109);
#5418=AXIS2_PLACEMENT_3D('',#7688,#6111,#6112);
#5419=AXIS2_PLACEMENT_3D('',#7689,#6113,#6114);
#5420=AXIS2_PLACEMENT_3D('',#7690,#6115,#6116);
#5421=AXIS2_PLACEMENT_3D('',#7695,#6118,#6119);
#5422=AXIS2_PLACEMENT_3D('',#7698,#6121,#6122);
#5423=AXIS2_PLACEMENT_3D('',#7704,#6126,#6127);
#5424=AXIS2_PLACEMENT_3D('',#7705,#6128,#6129);
#5425=AXIS2_PLACEMENT_3D('',#7709,#6131,#6132);
#5426=AXIS2_PLACEMENT_3D('',#7710,#6133,#6134);
#5427=AXIS2_PLACEMENT_3D('',#7716,#6138,#6139);
#5428=AXIS2_PLACEMENT_3D('',#7717,#6140,#6141);
#5429=AXIS2_PLACEMENT_3D('',#7721,#6143,#6144);
#5430=AXIS2_PLACEMENT_3D('',#7722,#6145,#6146);
#5431=AXIS2_PLACEMENT_3D('',#7728,#6150,#6151);
#5432=AXIS2_PLACEMENT_3D('',#7729,#6152,#6153);
#5433=AXIS2_PLACEMENT_3D('',#7733,#6155,#6156);
#5434=AXIS2_PLACEMENT_3D('',#7734,#6157,#6158);
#5435=AXIS2_PLACEMENT_3D('',#7735,#6159,#6160);
#5436=AXIS2_PLACEMENT_3D('',#7740,#6162,#6163);
#5437=AXIS2_PLACEMENT_3D('',#7743,#6165,#6166);
#5438=AXIS2_PLACEMENT_3D('',#7749,#6170,#6171);
#5439=AXIS2_PLACEMENT_3D('',#7750,#6172,#6173);
#5440=AXIS2_PLACEMENT_3D('',#7754,#6175,#6176);
#5441=AXIS2_PLACEMENT_3D('',#7755,#6177,#6178);
#5442=AXIS2_PLACEMENT_3D('',#7761,#6182,#6183);
#5443=AXIS2_PLACEMENT_3D('',#7762,#6184,#6185);
#5444=AXIS2_PLACEMENT_3D('',#7766,#6187,#6188);
#5445=AXIS2_PLACEMENT_3D('',#7767,#6189,#6190);
#5446=AXIS2_PLACEMENT_3D('',#7773,#6194,#6195);
#5447=AXIS2_PLACEMENT_3D('',#7774,#6196,#6197);
#5448=AXIS2_PLACEMENT_3D('',#7778,#6199,#6200);
#5449=AXIS2_PLACEMENT_3D('',#7779,#6201,#6202);
#5450=AXIS2_PLACEMENT_3D('',#7780,#6203,#6204);
#5451=AXIS2_PLACEMENT_3D('',#7785,#6206,#6207);
#5452=AXIS2_PLACEMENT_3D('',#7788,#6209,#6210);
#5453=AXIS2_PLACEMENT_3D('',#7794,#6214,#6215);
#5454=AXIS2_PLACEMENT_3D('',#7795,#6216,#6217);
#5455=AXIS2_PLACEMENT_3D('',#7799,#6219,#6220);
#5456=AXIS2_PLACEMENT_3D('',#7800,#6221,#6222);
#5457=AXIS2_PLACEMENT_3D('',#7806,#6226,#6227);
#5458=AXIS2_PLACEMENT_3D('',#7807,#6228,#6229);
#5459=AXIS2_PLACEMENT_3D('',#7811,#6231,#6232);
#5460=AXIS2_PLACEMENT_3D('',#7812,#6233,#6234);
#5461=AXIS2_PLACEMENT_3D('',#7818,#6238,#6239);
#5462=AXIS2_PLACEMENT_3D('',#7819,#6240,#6241);
#5463=AXIS2_PLACEMENT_3D('',#7823,#6243,#6244);
#5464=AXIS2_PLACEMENT_3D('',#7824,#6245,#6246);
#5465=AXIS2_PLACEMENT_3D('',#7825,#6247,#6248);
#5466=AXIS2_PLACEMENT_3D('',#7830,#6250,#6251);
#5467=AXIS2_PLACEMENT_3D('',#7833,#6253,#6254);
#5468=AXIS2_PLACEMENT_3D('',#7839,#6258,#6259);
#5469=AXIS2_PLACEMENT_3D('',#7840,#6260,#6261);
#5470=AXIS2_PLACEMENT_3D('',#7844,#6263,#6264);
#5471=AXIS2_PLACEMENT_3D('',#7845,#6265,#6266);
#5472=AXIS2_PLACEMENT_3D('',#7851,#6270,#6271);
#5473=AXIS2_PLACEMENT_3D('',#7852,#6272,#6273);
#5474=AXIS2_PLACEMENT_3D('',#7856,#6275,#6276);
#5475=AXIS2_PLACEMENT_3D('',#7857,#6277,#6278);
#5476=AXIS2_PLACEMENT_3D('',#7863,#6282,#6283);
#5477=AXIS2_PLACEMENT_3D('',#7864,#6284,#6285);
#5478=AXIS2_PLACEMENT_3D('',#7868,#6287,#6288);
#5479=AXIS2_PLACEMENT_3D('',#7869,#6289,#6290);
#5480=AXIS2_PLACEMENT_3D('',#7870,#6291,#6292);
#5481=AXIS2_PLACEMENT_3D('',#7875,#6294,#6295);
#5482=AXIS2_PLACEMENT_3D('',#7878,#6297,#6298);
#5483=AXIS2_PLACEMENT_3D('',#7884,#6302,#6303);
#5484=AXIS2_PLACEMENT_3D('',#7885,#6304,#6305);
#5485=AXIS2_PLACEMENT_3D('',#7889,#6307,#6308);
#5486=AXIS2_PLACEMENT_3D('',#7890,#6309,#6310);
#5487=AXIS2_PLACEMENT_3D('',#7896,#6314,#6315);
#5488=AXIS2_PLACEMENT_3D('',#7897,#6316,#6317);
#5489=AXIS2_PLACEMENT_3D('',#7901,#6319,#6320);
#5490=AXIS2_PLACEMENT_3D('',#7902,#6321,#6322);
#5491=AXIS2_PLACEMENT_3D('',#7908,#6326,#6327);
#5492=AXIS2_PLACEMENT_3D('',#7909,#6328,#6329);
#5493=AXIS2_PLACEMENT_3D('',#7913,#6331,#6332);
#5494=AXIS2_PLACEMENT_3D('',#7914,#6333,#6334);
#5495=AXIS2_PLACEMENT_3D('',#7915,#6335,#6336);
#5496=AXIS2_PLACEMENT_3D('',#7920,#6338,#6339);
#5497=AXIS2_PLACEMENT_3D('',#7923,#6341,#6342);
#5498=AXIS2_PLACEMENT_3D('',#7929,#6346,#6347);
#5499=AXIS2_PLACEMENT_3D('',#7930,#6348,#6349);
#5500=AXIS2_PLACEMENT_3D('',#7934,#6351,#6352);
#5501=AXIS2_PLACEMENT_3D('',#7935,#6353,#6354);
#5502=AXIS2_PLACEMENT_3D('',#7941,#6358,#6359);
#5503=AXIS2_PLACEMENT_3D('',#7942,#6360,#6361);
#5504=AXIS2_PLACEMENT_3D('',#7946,#6363,#6364);
#5505=AXIS2_PLACEMENT_3D('',#7947,#6365,#6366);
#5506=AXIS2_PLACEMENT_3D('',#7953,#6370,#6371);
#5507=AXIS2_PLACEMENT_3D('',#7954,#6372,#6373);
#5508=AXIS2_PLACEMENT_3D('',#7958,#6375,#6376);
#5509=AXIS2_PLACEMENT_3D('',#7959,#6377,#6378);
#5510=AXIS2_PLACEMENT_3D('',#7960,#6379,#6380);
#5511=AXIS2_PLACEMENT_3D('',#7965,#6382,#6383);
#5512=AXIS2_PLACEMENT_3D('',#7968,#6385,#6386);
#5513=AXIS2_PLACEMENT_3D('',#7974,#6390,#6391);
#5514=AXIS2_PLACEMENT_3D('',#7975,#6392,#6393);
#5515=AXIS2_PLACEMENT_3D('',#7979,#6395,#6396);
#5516=AXIS2_PLACEMENT_3D('',#7980,#6397,#6398);
#5517=AXIS2_PLACEMENT_3D('',#7986,#6402,#6403);
#5518=AXIS2_PLACEMENT_3D('',#7987,#6404,#6405);
#5519=AXIS2_PLACEMENT_3D('',#7991,#6407,#6408);
#5520=AXIS2_PLACEMENT_3D('',#7992,#6409,#6410);
#5521=AXIS2_PLACEMENT_3D('',#7998,#6414,#6415);
#5522=AXIS2_PLACEMENT_3D('',#7999,#6416,#6417);
#5523=AXIS2_PLACEMENT_3D('',#8003,#6419,#6420);
#5524=AXIS2_PLACEMENT_3D('',#8004,#6421,#6422);
#5525=AXIS2_PLACEMENT_3D('',#8005,#6423,#6424);
#5526=AXIS2_PLACEMENT_3D('',#8010,#6426,#6427);
#5527=AXIS2_PLACEMENT_3D('',#8013,#6429,#6430);
#5528=AXIS2_PLACEMENT_3D('',#8019,#6434,#6435);
#5529=AXIS2_PLACEMENT_3D('',#8020,#6436,#6437);
#5530=AXIS2_PLACEMENT_3D('',#8024,#6439,#6440);
#5531=AXIS2_PLACEMENT_3D('',#8025,#6441,#6442);
#5532=AXIS2_PLACEMENT_3D('',#8031,#6446,#6447);
#5533=AXIS2_PLACEMENT_3D('',#8032,#6448,#6449);
#5534=AXIS2_PLACEMENT_3D('',#8036,#6451,#6452);
#5535=AXIS2_PLACEMENT_3D('',#8037,#6453,#6454);
#5536=AXIS2_PLACEMENT_3D('',#8043,#6458,#6459);
#5537=AXIS2_PLACEMENT_3D('',#8044,#6460,#6461);
#5538=AXIS2_PLACEMENT_3D('',#8048,#6463,#6464);
#5539=AXIS2_PLACEMENT_3D('',#8049,#6465,#6466);
#5540=AXIS2_PLACEMENT_3D('',#8050,#6467,#6468);
#5541=AXIS2_PLACEMENT_3D('',#8055,#6470,#6471);
#5542=AXIS2_PLACEMENT_3D('',#8058,#6473,#6474);
#5543=AXIS2_PLACEMENT_3D('',#8064,#6478,#6479);
#5544=AXIS2_PLACEMENT_3D('',#8065,#6480,#6481);
#5545=AXIS2_PLACEMENT_3D('',#8069,#6483,#6484);
#5546=AXIS2_PLACEMENT_3D('',#8070,#6485,#6486);
#5547=AXIS2_PLACEMENT_3D('',#8076,#6490,#6491);
#5548=AXIS2_PLACEMENT_3D('',#8077,#6492,#6493);
#5549=AXIS2_PLACEMENT_3D('',#8081,#6495,#6496);
#5550=AXIS2_PLACEMENT_3D('',#8082,#6497,#6498);
#5551=AXIS2_PLACEMENT_3D('',#8088,#6502,#6503);
#5552=AXIS2_PLACEMENT_3D('',#8089,#6504,#6505);
#5553=AXIS2_PLACEMENT_3D('',#8093,#6507,#6508);
#5554=AXIS2_PLACEMENT_3D('',#8094,#6509,#6510);
#5555=AXIS2_PLACEMENT_3D('',#8095,#6511,#6512);
#5556=AXIS2_PLACEMENT_3D('',#8100,#6514,#6515);
#5557=AXIS2_PLACEMENT_3D('',#8103,#6517,#6518);
#5558=AXIS2_PLACEMENT_3D('',#8109,#6522,#6523);
#5559=AXIS2_PLACEMENT_3D('',#8110,#6524,#6525);
#5560=AXIS2_PLACEMENT_3D('',#8114,#6527,#6528);
#5561=AXIS2_PLACEMENT_3D('',#8115,#6529,#6530);
#5562=AXIS2_PLACEMENT_3D('',#8121,#6534,#6535);
#5563=AXIS2_PLACEMENT_3D('',#8122,#6536,#6537);
#5564=AXIS2_PLACEMENT_3D('',#8126,#6539,#6540);
#5565=AXIS2_PLACEMENT_3D('',#8127,#6541,#6542);
#5566=AXIS2_PLACEMENT_3D('',#8133,#6546,#6547);
#5567=AXIS2_PLACEMENT_3D('',#8134,#6548,#6549);
#5568=AXIS2_PLACEMENT_3D('',#8138,#6551,#6552);
#5569=AXIS2_PLACEMENT_3D('',#8139,#6553,#6554);
#5570=AXIS2_PLACEMENT_3D('',#8140,#6555,#6556);
#5571=AXIS2_PLACEMENT_3D('',#8145,#6558,#6559);
#5572=AXIS2_PLACEMENT_3D('',#8148,#6561,#6562);
#5573=AXIS2_PLACEMENT_3D('',#8154,#6566,#6567);
#5574=AXIS2_PLACEMENT_3D('',#8155,#6568,#6569);
#5575=AXIS2_PLACEMENT_3D('',#8159,#6571,#6572);
#5576=AXIS2_PLACEMENT_3D('',#8160,#6573,#6574);
#5577=AXIS2_PLACEMENT_3D('',#8166,#6578,#6579);
#5578=AXIS2_PLACEMENT_3D('',#8167,#6580,#6581);
#5579=AXIS2_PLACEMENT_3D('',#8171,#6583,#6584);
#5580=AXIS2_PLACEMENT_3D('',#8172,#6585,#6586);
#5581=AXIS2_PLACEMENT_3D('',#8178,#6590,#6591);
#5582=AXIS2_PLACEMENT_3D('',#8179,#6592,#6593);
#5583=AXIS2_PLACEMENT_3D('',#8183,#6595,#6596);
#5584=AXIS2_PLACEMENT_3D('',#8184,#6597,#6598);
#5585=AXIS2_PLACEMENT_3D('',#8185,#6599,#6600);
#5586=AXIS2_PLACEMENT_3D('',#8190,#6602,#6603);
#5587=AXIS2_PLACEMENT_3D('',#8193,#6605,#6606);
#5588=AXIS2_PLACEMENT_3D('',#8199,#6610,#6611);
#5589=AXIS2_PLACEMENT_3D('',#8200,#6612,#6613);
#5590=AXIS2_PLACEMENT_3D('',#8204,#6615,#6616);
#5591=AXIS2_PLACEMENT_3D('',#8205,#6617,#6618);
#5592=AXIS2_PLACEMENT_3D('',#8211,#6622,#6623);
#5593=AXIS2_PLACEMENT_3D('',#8212,#6624,#6625);
#5594=AXIS2_PLACEMENT_3D('',#8216,#6627,#6628);
#5595=AXIS2_PLACEMENT_3D('',#8217,#6629,#6630);
#5596=AXIS2_PLACEMENT_3D('',#8223,#6634,#6635);
#5597=AXIS2_PLACEMENT_3D('',#8224,#6636,#6637);
#5598=AXIS2_PLACEMENT_3D('',#8228,#6639,#6640);
#5599=AXIS2_PLACEMENT_3D('',#8229,#6641,#6642);
#5600=AXIS2_PLACEMENT_3D('',#8230,#6643,#6644);
#5601=AXIS2_PLACEMENT_3D('',#8235,#6646,#6647);
#5602=AXIS2_PLACEMENT_3D('',#8238,#6649,#6650);
#5603=AXIS2_PLACEMENT_3D('',#8244,#6654,#6655);
#5604=AXIS2_PLACEMENT_3D('',#8245,#6656,#6657);
#5605=AXIS2_PLACEMENT_3D('',#8249,#6659,#6660);
#5606=AXIS2_PLACEMENT_3D('',#8250,#6661,#6662);
#5607=AXIS2_PLACEMENT_3D('',#8256,#6666,#6667);
#5608=AXIS2_PLACEMENT_3D('',#8257,#6668,#6669);
#5609=AXIS2_PLACEMENT_3D('',#8261,#6671,#6672);
#5610=AXIS2_PLACEMENT_3D('',#8262,#6673,#6674);
#5611=AXIS2_PLACEMENT_3D('',#8268,#6678,#6679);
#5612=AXIS2_PLACEMENT_3D('',#8269,#6680,#6681);
#5613=AXIS2_PLACEMENT_3D('',#8273,#6683,#6684);
#5614=AXIS2_PLACEMENT_3D('',#8274,#6685,#6686);
#5615=AXIS2_PLACEMENT_3D('',#8275,#6687,#6688);
#5616=AXIS2_PLACEMENT_3D('',#8280,#6690,#6691);
#5617=AXIS2_PLACEMENT_3D('',#8283,#6693,#6694);
#5618=AXIS2_PLACEMENT_3D('',#8289,#6698,#6699);
#5619=AXIS2_PLACEMENT_3D('',#8290,#6700,#6701);
#5620=AXIS2_PLACEMENT_3D('',#8294,#6703,#6704);
#5621=AXIS2_PLACEMENT_3D('',#8295,#6705,#6706);
#5622=AXIS2_PLACEMENT_3D('',#8301,#6710,#6711);
#5623=AXIS2_PLACEMENT_3D('',#8302,#6712,#6713);
#5624=AXIS2_PLACEMENT_3D('',#8306,#6715,#6716);
#5625=AXIS2_PLACEMENT_3D('',#8307,#6717,#6718);
#5626=AXIS2_PLACEMENT_3D('',#8313,#6722,#6723);
#5627=AXIS2_PLACEMENT_3D('',#8314,#6724,#6725);
#5628=AXIS2_PLACEMENT_3D('',#8318,#6727,#6728);
#5629=AXIS2_PLACEMENT_3D('',#8319,#6729,#6730);
#5630=AXIS2_PLACEMENT_3D('',#8320,#6731,#6732);
#5631=AXIS2_PLACEMENT_3D('',#8325,#6734,#6735);
#5632=AXIS2_PLACEMENT_3D('',#8328,#6737,#6738);
#5633=AXIS2_PLACEMENT_3D('',#8334,#6742,#6743);
#5634=AXIS2_PLACEMENT_3D('',#8335,#6744,#6745);
#5635=AXIS2_PLACEMENT_3D('',#8339,#6747,#6748);
#5636=AXIS2_PLACEMENT_3D('',#8340,#6749,#6750);
#5637=AXIS2_PLACEMENT_3D('',#8346,#6754,#6755);
#5638=AXIS2_PLACEMENT_3D('',#8347,#6756,#6757);
#5639=AXIS2_PLACEMENT_3D('',#8351,#6759,#6760);
#5640=AXIS2_PLACEMENT_3D('',#8352,#6761,#6762);
#5641=AXIS2_PLACEMENT_3D('',#8358,#6766,#6767);
#5642=AXIS2_PLACEMENT_3D('',#8359,#6768,#6769);
#5643=AXIS2_PLACEMENT_3D('',#8363,#6771,#6772);
#5644=AXIS2_PLACEMENT_3D('',#8364,#6773,#6774);
#5645=AXIS2_PLACEMENT_3D('',#8365,#6775,#6776);
#5646=AXIS2_PLACEMENT_3D('',#8370,#6778,#6779);
#5647=AXIS2_PLACEMENT_3D('',#8373,#6781,#6782);
#5648=AXIS2_PLACEMENT_3D('',#8379,#6786,#6787);
#5649=AXIS2_PLACEMENT_3D('',#8380,#6788,#6789);
#5650=AXIS2_PLACEMENT_3D('',#8384,#6791,#6792);
#5651=AXIS2_PLACEMENT_3D('',#8385,#6793,#6794);
#5652=AXIS2_PLACEMENT_3D('',#8391,#6798,#6799);
#5653=AXIS2_PLACEMENT_3D('',#8392,#6800,#6801);
#5654=AXIS2_PLACEMENT_3D('',#8396,#6803,#6804);
#5655=AXIS2_PLACEMENT_3D('',#8397,#6805,#6806);
#5656=AXIS2_PLACEMENT_3D('',#8403,#6810,#6811);
#5657=AXIS2_PLACEMENT_3D('',#8404,#6812,#6813);
#5658=AXIS2_PLACEMENT_3D('',#8408,#6815,#6816);
#5659=AXIS2_PLACEMENT_3D('',#8409,#6817,#6818);
#5660=AXIS2_PLACEMENT_3D('',#8410,#6819,#6820);
#5661=AXIS2_PLACEMENT_3D('',#8415,#6822,#6823);
#5662=AXIS2_PLACEMENT_3D('',#8418,#6825,#6826);
#5663=AXIS2_PLACEMENT_3D('',#8424,#6830,#6831);
#5664=AXIS2_PLACEMENT_3D('',#8425,#6832,#6833);
#5665=AXIS2_PLACEMENT_3D('',#8429,#6835,#6836);
#5666=AXIS2_PLACEMENT_3D('',#8430,#6837,#6838);
#5667=AXIS2_PLACEMENT_3D('',#8436,#6842,#6843);
#5668=AXIS2_PLACEMENT_3D('',#8437,#6844,#6845);
#5669=AXIS2_PLACEMENT_3D('',#8441,#6847,#6848);
#5670=AXIS2_PLACEMENT_3D('',#8442,#6849,#6850);
#5671=AXIS2_PLACEMENT_3D('',#8448,#6854,#6855);
#5672=AXIS2_PLACEMENT_3D('',#8449,#6856,#6857);
#5673=AXIS2_PLACEMENT_3D('',#8453,#6859,#6860);
#5674=AXIS2_PLACEMENT_3D('',#8454,#6861,#6862);
#5675=AXIS2_PLACEMENT_3D('',#8455,#6863,#6864);
#5676=AXIS2_PLACEMENT_3D('',#8460,#6866,#6867);
#5677=AXIS2_PLACEMENT_3D('',#8463,#6869,#6870);
#5678=AXIS2_PLACEMENT_3D('',#8469,#6874,#6875);
#5679=AXIS2_PLACEMENT_3D('',#8470,#6876,#6877);
#5680=AXIS2_PLACEMENT_3D('',#8474,#6879,#6880);
#5681=AXIS2_PLACEMENT_3D('',#8475,#6881,#6882);
#5682=AXIS2_PLACEMENT_3D('',#8481,#6886,#6887);
#5683=AXIS2_PLACEMENT_3D('',#8482,#6888,#6889);
#5684=AXIS2_PLACEMENT_3D('',#8486,#6891,#6892);
#5685=AXIS2_PLACEMENT_3D('',#8487,#6893,#6894);
#5686=AXIS2_PLACEMENT_3D('',#8493,#6898,#6899);
#5687=AXIS2_PLACEMENT_3D('',#8494,#6900,#6901);
#5688=AXIS2_PLACEMENT_3D('',#8498,#6903,#6904);
#5689=AXIS2_PLACEMENT_3D('',#8499,#6905,#6906);
#5690=AXIS2_PLACEMENT_3D('',#8500,#6907,#6908);
#5691=AXIS2_PLACEMENT_3D('',#8505,#6910,#6911);
#5692=AXIS2_PLACEMENT_3D('',#8508,#6913,#6914);
#5693=AXIS2_PLACEMENT_3D('',#8514,#6918,#6919);
#5694=AXIS2_PLACEMENT_3D('',#8515,#6920,#6921);
#5695=AXIS2_PLACEMENT_3D('',#8519,#6923,#6924);
#5696=AXIS2_PLACEMENT_3D('',#8520,#6925,#6926);
#5697=AXIS2_PLACEMENT_3D('',#8526,#6930,#6931);
#5698=AXIS2_PLACEMENT_3D('',#8527,#6932,#6933);
#5699=AXIS2_PLACEMENT_3D('',#8531,#6935,#6936);
#5700=AXIS2_PLACEMENT_3D('',#8532,#6937,#6938);
#5701=AXIS2_PLACEMENT_3D('',#8538,#6942,#6943);
#5702=AXIS2_PLACEMENT_3D('',#8539,#6944,#6945);
#5703=AXIS2_PLACEMENT_3D('',#8543,#6947,#6948);
#5704=AXIS2_PLACEMENT_3D('',#8544,#6949,#6950);
#5705=AXIS2_PLACEMENT_3D('',#8545,#6951,#6952);
#5706=AXIS2_PLACEMENT_3D('',#8550,#6954,#6955);
#5707=AXIS2_PLACEMENT_3D('',#8553,#6957,#6958);
#5708=AXIS2_PLACEMENT_3D('',#8559,#6962,#6963);
#5709=AXIS2_PLACEMENT_3D('',#8560,#6964,#6965);
#5710=AXIS2_PLACEMENT_3D('',#8564,#6967,#6968);
#5711=AXIS2_PLACEMENT_3D('',#8565,#6969,#6970);
#5712=AXIS2_PLACEMENT_3D('',#8571,#6974,#6975);
#5713=AXIS2_PLACEMENT_3D('',#8572,#6976,#6977);
#5714=AXIS2_PLACEMENT_3D('',#8576,#6979,#6980);
#5715=AXIS2_PLACEMENT_3D('',#8577,#6981,#6982);
#5716=AXIS2_PLACEMENT_3D('',#8583,#6986,#6987);
#5717=AXIS2_PLACEMENT_3D('',#8584,#6988,#6989);
#5718=AXIS2_PLACEMENT_3D('',#8588,#6991,#6992);
#5719=AXIS2_PLACEMENT_3D('',#8589,#6993,#6994);
#5720=AXIS2_PLACEMENT_3D('',#8590,#6995,#6996);
#5721=AXIS2_PLACEMENT_3D('',#8595,#6998,#6999);
#5722=AXIS2_PLACEMENT_3D('',#8598,#7001,#7002);
#5723=AXIS2_PLACEMENT_3D('',#8604,#7006,#7007);
#5724=AXIS2_PLACEMENT_3D('',#8605,#7008,#7009);
#5725=AXIS2_PLACEMENT_3D('',#8609,#7011,#7012);
#5726=AXIS2_PLACEMENT_3D('',#8610,#7013,#7014);
#5727=AXIS2_PLACEMENT_3D('',#8616,#7018,#7019);
#5728=AXIS2_PLACEMENT_3D('',#8617,#7020,#7021);
#5729=AXIS2_PLACEMENT_3D('',#8621,#7023,#7024);
#5730=AXIS2_PLACEMENT_3D('',#8622,#7025,#7026);
#5731=AXIS2_PLACEMENT_3D('',#8628,#7030,#7031);
#5732=AXIS2_PLACEMENT_3D('',#8629,#7032,#7033);
#5733=AXIS2_PLACEMENT_3D('',#8633,#7035,#7036);
#5734=AXIS2_PLACEMENT_3D('',#8634,#7037,#7038);
#5735=AXIS2_PLACEMENT_3D('',#8635,#7039,#7040);
#5736=AXIS2_PLACEMENT_3D('',#8640,#7042,#7043);
#5737=AXIS2_PLACEMENT_3D('',#8643,#7045,#7046);
#5738=AXIS2_PLACEMENT_3D('',#8649,#7050,#7051);
#5739=AXIS2_PLACEMENT_3D('',#8650,#7052,#7053);
#5740=AXIS2_PLACEMENT_3D('',#8654,#7055,#7056);
#5741=AXIS2_PLACEMENT_3D('',#8655,#7057,#7058);
#5742=AXIS2_PLACEMENT_3D('',#8661,#7062,#7063);
#5743=AXIS2_PLACEMENT_3D('',#8662,#7064,#7065);
#5744=AXIS2_PLACEMENT_3D('',#8666,#7067,#7068);
#5745=AXIS2_PLACEMENT_3D('',#8667,#7069,#7070);
#5746=AXIS2_PLACEMENT_3D('',#8673,#7074,#7075);
#5747=AXIS2_PLACEMENT_3D('',#8674,#7076,#7077);
#5748=AXIS2_PLACEMENT_3D('',#8678,#7079,#7080);
#5749=AXIS2_PLACEMENT_3D('',#8679,#7081,#7082);
#5750=AXIS2_PLACEMENT_3D('',#8680,#7083,#7084);
#5751=AXIS2_PLACEMENT_3D('',#8685,#7086,#7087);
#5752=AXIS2_PLACEMENT_3D('',#8688,#7089,#7090);
#5753=AXIS2_PLACEMENT_3D('',#8694,#7094,#7095);
#5754=AXIS2_PLACEMENT_3D('',#8695,#7096,#7097);
#5755=AXIS2_PLACEMENT_3D('',#8699,#7099,#7100);
#5756=AXIS2_PLACEMENT_3D('',#8700,#7101,#7102);
#5757=AXIS2_PLACEMENT_3D('',#8706,#7106,#7107);
#5758=AXIS2_PLACEMENT_3D('',#8707,#7108,#7109);
#5759=AXIS2_PLACEMENT_3D('',#8711,#7111,#7112);
#5760=AXIS2_PLACEMENT_3D('',#8712,#7113,#7114);
#5761=AXIS2_PLACEMENT_3D('',#8718,#7118,#7119);
#5762=AXIS2_PLACEMENT_3D('',#8719,#7120,#7121);
#5763=AXIS2_PLACEMENT_3D('',#8723,#7123,#7124);
#5764=AXIS2_PLACEMENT_3D('',#8724,#7125,#7126);
#5765=AXIS2_PLACEMENT_3D('',#8725,#7127,#7128);
#5766=AXIS2_PLACEMENT_3D('',#8730,#7130,#7131);
#5767=AXIS2_PLACEMENT_3D('',#8733,#7133,#7134);
#5768=AXIS2_PLACEMENT_3D('',#8739,#7138,#7139);
#5769=AXIS2_PLACEMENT_3D('',#8740,#7140,#7141);
#5770=AXIS2_PLACEMENT_3D('',#8744,#7143,#7144);
#5771=AXIS2_PLACEMENT_3D('',#8745,#7145,#7146);
#5772=AXIS2_PLACEMENT_3D('',#8751,#7150,#7151);
#5773=AXIS2_PLACEMENT_3D('',#8752,#7152,#7153);
#5774=AXIS2_PLACEMENT_3D('',#8756,#7155,#7156);
#5775=AXIS2_PLACEMENT_3D('',#8757,#7157,#7158);
#5776=AXIS2_PLACEMENT_3D('',#8763,#7162,#7163);
#5777=AXIS2_PLACEMENT_3D('',#8764,#7164,#7165);
#5778=AXIS2_PLACEMENT_3D('',#8768,#7167,#7168);
#5779=AXIS2_PLACEMENT_3D('',#8769,#7169,#7170);
#5780=AXIS2_PLACEMENT_3D('',#8770,#7171,#7172);
#5781=AXIS2_PLACEMENT_3D('',#8775,#7174,#7175);
#5782=AXIS2_PLACEMENT_3D('',#8778,#7177,#7178);
#5783=AXIS2_PLACEMENT_3D('',#8784,#7182,#7183);
#5784=AXIS2_PLACEMENT_3D('',#8785,#7184,#7185);
#5785=AXIS2_PLACEMENT_3D('',#8789,#7187,#7188);
#5786=AXIS2_PLACEMENT_3D('',#8790,#7189,#7190);
#5787=AXIS2_PLACEMENT_3D('',#8796,#7194,#7195);
#5788=AXIS2_PLACEMENT_3D('',#8797,#7196,#7197);
#5789=AXIS2_PLACEMENT_3D('',#8801,#7199,#7200);
#5790=AXIS2_PLACEMENT_3D('',#8802,#7201,#7202);
#5791=AXIS2_PLACEMENT_3D('',#8808,#7206,#7207);
#5792=AXIS2_PLACEMENT_3D('',#8809,#7208,#7209);
#5793=AXIS2_PLACEMENT_3D('',#8813,#7211,#7212);
#5794=AXIS2_PLACEMENT_3D('',#8814,#7213,#7214);
#5795=AXIS2_PLACEMENT_3D('',#8815,#7215,#7216);
#5796=AXIS2_PLACEMENT_3D('',#8820,#7218,#7219);
#5797=AXIS2_PLACEMENT_3D('',#8823,#7221,#7222);
#5798=AXIS2_PLACEMENT_3D('',#8829,#7226,#7227);
#5799=AXIS2_PLACEMENT_3D('',#8830,#7228,#7229);
#5800=AXIS2_PLACEMENT_3D('',#8834,#7231,#7232);
#5801=AXIS2_PLACEMENT_3D('',#8835,#7233,#7234);
#5802=AXIS2_PLACEMENT_3D('',#8841,#7238,#7239);
#5803=AXIS2_PLACEMENT_3D('',#8842,#7240,#7241);
#5804=AXIS2_PLACEMENT_3D('',#8846,#7243,#7244);
#5805=AXIS2_PLACEMENT_3D('',#8847,#7245,#7246);
#5806=AXIS2_PLACEMENT_3D('',#8853,#7250,#7251);
#5807=AXIS2_PLACEMENT_3D('',#8854,#7252,#7253);
#5808=AXIS2_PLACEMENT_3D('',#8858,#7255,#7256);
#5809=AXIS2_PLACEMENT_3D('',#8859,#7257,#7258);
#5810=AXIS2_PLACEMENT_3D('',#8862,#7261,#7262);
#5811=AXIS2_PLACEMENT_3D('',#8865,#7265,#7266);
#5812=AXIS2_PLACEMENT_3D('',#8868,#7269,#7270);
#5813=AXIS2_PLACEMENT_3D('',#8871,#7273,#7274);
#5814=AXIS2_PLACEMENT_3D('',#8874,#7277,#7278);
#5815=AXIS2_PLACEMENT_3D('',#8877,#7281,#7282);
#5816=AXIS2_PLACEMENT_3D('',#8880,#7285,#7286);
#5817=AXIS2_PLACEMENT_3D('',#8883,#7289,#7290);
#5818=AXIS2_PLACEMENT_3D('',#8886,#7293,#7294);
#5819=AXIS2_PLACEMENT_3D('',#8889,#7297,#7298);
#5820=AXIS2_PLACEMENT_3D('',#8892,#7301,#7302);
#5821=AXIS2_PLACEMENT_3D('',#8895,#7305,#7306);
#5822=AXIS2_PLACEMENT_3D('',#8898,#7309,#7310);
#5823=AXIS2_PLACEMENT_3D('',#8901,#7313,#7314);
#5824=AXIS2_PLACEMENT_3D('',#8904,#7317,#7318);
#5825=AXIS2_PLACEMENT_3D('',#8907,#7321,#7322);
#5826=AXIS2_PLACEMENT_3D('',#8910,#7325,#7326);
#5827=AXIS2_PLACEMENT_3D('',#8913,#7329,#7330);
#5828=AXIS2_PLACEMENT_3D('',#8916,#7333,#7334);
#5829=AXIS2_PLACEMENT_3D('',#8919,#7337,#7338);
#5830=AXIS2_PLACEMENT_3D('',#8922,#7341,#7342);
#5831=AXIS2_PLACEMENT_3D('',#8925,#7345,#7346);
#5832=AXIS2_PLACEMENT_3D('',#8928,#7349,#7350);
#5833=AXIS2_PLACEMENT_3D('',#8931,#7353,#7354);
#5834=AXIS2_PLACEMENT_3D('',#8934,#7357,#7358);
#5835=AXIS2_PLACEMENT_3D('',#8937,#7361,#7362);
#5836=AXIS2_PLACEMENT_3D('',#8940,#7365,#7366);
#5837=AXIS2_PLACEMENT_3D('',#8943,#7369,#7370);
#5838=AXIS2_PLACEMENT_3D('',#8944,#7371,#7372);
#5839=AXIS2_PLACEMENT_3D('',#8945,#7373,#7374);
#5840=AXIS2_PLACEMENT_3D('',#8946,#7375,#7376);
#5841=AXIS2_PLACEMENT_3D('',#8947,#7377,#7378);
#5842=AXIS2_PLACEMENT_3D('',#8948,#7379,#7380);
#5843=AXIS2_PLACEMENT_3D('',#8950,#7381,#7382);
#5844=AXIS2_PLACEMENT_3D('',#8952,#7383,#7384);
#5845=AXIS2_PLACEMENT_3D('',#8954,#7385,#7386);
#5846=AXIS2_PLACEMENT_3D('',#8956,#7387,#7388);
#5847=AXIS2_PLACEMENT_3D('',#8958,#7389,#7390);
#5848=AXIS2_PLACEMENT_3D('',#8959,#7391,#7392);
#5849=AXIS2_PLACEMENT_3D('',#8961,#7393,#7394);
#5850=AXIS2_PLACEMENT_3D('',#8963,#7395,#7396);
#5851=AXIS2_PLACEMENT_3D('',#8965,#7397,#7398);
#5852=AXIS2_PLACEMENT_3D('',#8967,#7399,#7400);
#5853=AXIS2_PLACEMENT_3D('',#8969,#7401,#7402);
#5854=AXIS2_PLACEMENT_3D('',#8970,#7403,#7404);
#5855=AXIS2_PLACEMENT_3D('',#8972,#7405,#7406);
#5856=AXIS2_PLACEMENT_3D('',#8973,#7407,#7408);
#5857=AXIS2_PLACEMENT_3D('',#8975,#7409,#7410);
#5858=AXIS2_PLACEMENT_3D('',#8976,#7411,#7412);
#5859=AXIS2_PLACEMENT_3D('',#8978,#7413,#7414);
#5860=AXIS2_PLACEMENT_3D('',#8979,#7415,#7416);
#5861=AXIS2_PLACEMENT_3D('',#8981,#7417,#7418);
#5862=AXIS2_PLACEMENT_3D('',#8982,#7419,#7420);
#5863=AXIS2_PLACEMENT_3D('',#8984,#7421,#7422);
#5864=AXIS2_PLACEMENT_3D('',#8985,#7423,#7424);
#5865=AXIS2_PLACEMENT_3D('',#8986,#7425,#7426);
#5866=AXIS2_PLACEMENT_3D('',#8987,#7427,#7428);
#5867=AXIS2_PLACEMENT_3D('',#8988,#7429,#7430);
#5868=AXIS2_PLACEMENT_3D('',#8989,#7431,#7432);
#5869=AXIS2_PLACEMENT_3D('',#8990,#7433,#7434);
#5870=AXIS2_PLACEMENT_3D('',#8991,#7435,#7436);
#5871=DIRECTION('',(0.,0.,1.));
#5872=DIRECTION('',(1.,0.,0.));
#5873=DIRECTION('',(0.,0.,-1.));
#5874=DIRECTION('',(-1.,0.,0.));
#5875=DIRECTION('',(0.,0.,-1.));
#5876=DIRECTION('',(0.,0.,1.));
#5877=DIRECTION('',(1.,0.,0.));
#5878=DIRECTION('',(0.,0.,-1.));
#5879=DIRECTION('',(0.,0.,1.));
#5880=DIRECTION('',(1.,0.,0.));
#5881=DIRECTION('',(-1.,0.,0.));
#5882=DIRECTION('',(0.,0.,1.));
#5883=DIRECTION('',(0.,1.,0.));
#5884=DIRECTION('',(0.,0.,-1.));
#5885=DIRECTION('',(0.,1.,0.));
#5886=DIRECTION('',(0.,0.,-1.));
#5887=DIRECTION('',(0.,0.,-1.));
#5888=DIRECTION('',(-1.,0.,0.));
#5889=DIRECTION('',(0.,0.,1.));
#5890=DIRECTION('',(1.,0.,0.));
#5891=DIRECTION('',(0.,0.,-1.));
#5892=DIRECTION('',(0.,0.,1.));
#5893=DIRECTION('',(1.,0.,0.));
#5894=DIRECTION('',(0.,-1.,0.));
#5895=DIRECTION('',(0.,0.,-1.));
#5896=DIRECTION('',(-1.,0.,0.));
#5897=DIRECTION('',(0.,0.,-1.));
#5898=DIRECTION('',(-1.,0.,0.));
#5899=DIRECTION('',(0.,0.,-1.));
#5900=DIRECTION('',(-1.,0.,0.));
#5901=DIRECTION('',(0.,0.,1.));
#5902=DIRECTION('',(1.,0.,0.));
#5903=DIRECTION('',(0.,0.,-1.));
#5904=DIRECTION('',(0.,0.,1.));
#5905=DIRECTION('',(1.,0.,0.));
#5906=DIRECTION('',(-0.881479968611872,-0.472221415160318,0.));
#5907=DIRECTION('',(0.472221415160318,-0.881479968611872,0.));
#5908=DIRECTION('',(-0.472221415160318,0.881479968611872,0.));
#5909=DIRECTION('',(0.,0.,-1.));
#5910=DIRECTION('',(-0.472221415160318,0.881479968611872,0.));
#5911=DIRECTION('',(0.,0.,-1.));
#5912=DIRECTION('',(-1.,0.,0.));
#5913=DIRECTION('',(0.,0.,1.));
#5914=DIRECTION('',(1.,0.,0.));
#5915=DIRECTION('',(0.,0.,-1.));
#5916=DIRECTION('',(0.,0.,1.));
#5917=DIRECTION('',(1.,0.,0.));
#5918=DIRECTION('',(-0.183969363772402,-0.982931977907514,0.));
#5919=DIRECTION('',(0.982931977907514,-0.183969363772402,0.));
#5920=DIRECTION('',(-0.982931977907514,0.183969363772402,0.));
#5921=DIRECTION('',(0.,0.,-1.));
#5922=DIRECTION('',(-0.982931977907514,0.183969363772402,0.));
#5923=DIRECTION('',(0.,0.,-1.));
#5924=DIRECTION('',(-1.,0.,0.));
#5925=DIRECTION('',(0.,0.,1.));
#5926=DIRECTION('',(1.,0.,0.));
#5927=DIRECTION('',(0.,0.,-1.));
#5928=DIRECTION('',(0.,0.,1.));
#5929=DIRECTION('',(1.,0.,0.));
#5930=DIRECTION('',(-0.500000001128066,-0.86602540313315,0.));
#5931=DIRECTION('',(0.86602540313315,-0.500000001128066,0.));
#5932=DIRECTION('',(-0.86602540313315,0.500000001128066,0.));
#5933=DIRECTION('',(0.,0.,-1.));
#5934=DIRECTION('',(-0.86602540313315,0.500000001128066,0.));
#5935=DIRECTION('',(0.,0.,-1.));
#5936=DIRECTION('',(-1.,0.,0.));
#5937=DIRECTION('',(0.,0.,1.));
#5938=DIRECTION('',(1.,0.,0.));
#5939=DIRECTION('',(0.,0.,-1.));
#5940=DIRECTION('',(0.,0.,1.));
#5941=DIRECTION('',(1.,0.,0.));
#5942=DIRECTION('',(0.866025403276253,-0.500000000880203,0.));
#5943=DIRECTION('',(0.500000000880203,0.866025403276253,0.));
#5944=DIRECTION('',(-0.500000000880203,-0.866025403276253,0.));
#5945=DIRECTION('',(0.,0.,-1.));
#5946=DIRECTION('',(-0.500000000880203,-0.866025403276253,0.));
#5947=DIRECTION('',(0.,0.,-1.));
#5948=DIRECTION('',(-1.,0.,0.));
#5949=DIRECTION('',(0.,0.,1.));
#5950=DIRECTION('',(1.,0.,0.));
#5951=DIRECTION('',(0.,0.,-1.));
#5952=DIRECTION('',(0.,0.,1.));
#5953=DIRECTION('',(1.,0.,0.));
#5954=DIRECTION('',(1.,0.,0.));
#5955=DIRECTION('',(0.,0.,-1.));
#5956=DIRECTION('',(0.,-1.,0.));
#5957=DIRECTION('',(0.,0.,-1.));
#5958=DIRECTION('',(0.,1.,0.));
#5959=DIRECTION('',(0.,0.,1.));
#5960=DIRECTION('',(0.,-1.,0.));
#5961=DIRECTION('',(0.,-1.,0.));
#5962=DIRECTION('',(0.,0.,-1.));
#5963=DIRECTION('',(1.,0.,0.));
#5964=DIRECTION('',(-1.,0.,0.));
#5965=DIRECTION('',(-1.,0.,0.));
#5966=DIRECTION('',(0.,0.,1.));
#5967=DIRECTION('',(0.,0.,-1.));
#5968=DIRECTION('',(0.,-1.,0.));
#5969=DIRECTION('',(0.,1.,0.));
#5970=DIRECTION('',(0.,1.,0.));
#5971=DIRECTION('',(0.,0.,1.));
#5972=DIRECTION('',(1.,0.,0.));
#5973=DIRECTION('',(0.,0.,-1.));
#5974=DIRECTION('',(1.,0.,0.));
#5975=DIRECTION('',(0.,0.,1.));
#5976=DIRECTION('',(1.,0.,0.));
#5977=DIRECTION('',(0.,0.,-1.));
#5978=DIRECTION('',(-1.,0.,0.));
#5979=DIRECTION('',(0.,0.,1.));
#5980=DIRECTION('',(1.,0.,0.));
#5981=DIRECTION('',(0.,0.,-1.));
#5982=DIRECTION('',(0.,0.,1.));
#5983=DIRECTION('',(1.,0.,0.));
#5984=DIRECTION('',(0.707106781186553,0.707106781186542,0.));
#5985=DIRECTION('',(-0.707106781186542,0.707106781186554,0.));
#5986=DIRECTION('',(0.707106781186542,-0.707106781186554,0.));
#5987=DIRECTION('',(0.,0.,-1.));
#5988=DIRECTION('',(0.707106781186542,-0.707106781186554,0.));
#5989=DIRECTION('',(0.,0.,-1.));
#5990=DIRECTION('',(-1.,0.,0.));
#5991=DIRECTION('',(0.,0.,1.));
#5992=DIRECTION('',(1.,0.,0.));
#5993=DIRECTION('',(0.,0.,-1.));
#5994=DIRECTION('',(0.,0.,1.));
#5995=DIRECTION('',(1.,0.,0.));
#5996=DIRECTION('',(0.,1.,0.));
#5997=DIRECTION('',(0.,0.,1.));
#5998=DIRECTION('',(1.,0.,0.));
#5999=DIRECTION('',(0.,0.,-1.));
#6000=DIRECTION('',(1.,0.,0.));
#6001=DIRECTION('',(0.,0.,-1.));
#6002=DIRECTION('',(-1.,0.,0.));
#6003=DIRECTION('',(0.,0.,1.));
#6004=DIRECTION('',(1.,0.,0.));
#6005=DIRECTION('',(0.,0.,-1.));
#6006=DIRECTION('',(0.,0.,1.));
#6007=DIRECTION('',(1.,0.,0.));
#6008=DIRECTION('',(-0.847998309779694,0.52999893076381,0.));
#6009=DIRECTION('',(-0.52999893076381,-0.847998309779694,0.));
#6010=DIRECTION('',(0.52999893076381,0.847998309779694,0.));
#6011=DIRECTION('',(0.,0.,-1.));
#6012=DIRECTION('',(0.52999893076381,0.847998309779694,0.));
#6013=DIRECTION('',(0.,0.,-1.));
#6014=DIRECTION('',(-1.,0.,0.));
#6015=DIRECTION('',(0.,0.,1.));
#6016=DIRECTION('',(1.,0.,0.));
#6017=DIRECTION('',(0.,0.,-1.));
#6018=DIRECTION('',(0.,0.,1.));
#6019=DIRECTION('',(1.,0.,0.));
#6020=DIRECTION('',(0.,1.,0.));
#6021=DIRECTION('',(0.,0.,1.));
#6022=DIRECTION('',(1.,0.,0.));
#6023=DIRECTION('',(0.,0.,-1.));
#6024=DIRECTION('',(1.,0.,0.));
#6025=DIRECTION('',(0.,0.,-1.));
#6026=DIRECTION('',(-1.,0.,0.));
#6027=DIRECTION('',(0.,0.,1.));
#6028=DIRECTION('',(1.,0.,0.));
#6029=DIRECTION('',(0.,0.,-1.));
#6030=DIRECTION('',(0.,0.,1.));
#6031=DIRECTION('',(1.,0.,0.));
#6032=DIRECTION('',(0.,0.,-1.));
#6033=DIRECTION('',(-0.965925826326351,0.258819044963378,0.));
#6034=DIRECTION('',(-0.258819044963378,-0.965925826326351,0.));
#6035=DIRECTION('',(0.258819044963378,0.965925826326351,0.));
#6036=DIRECTION('',(0.,0.,-1.));
#6037=DIRECTION('',(0.258819044963378,0.965925826326351,0.));
#6038=DIRECTION('',(0.,0.,-1.));
#6039=DIRECTION('',(-1.,0.,0.));
#6040=DIRECTION('',(0.,0.,1.));
#6041=DIRECTION('',(1.,0.,0.));
#6042=DIRECTION('',(0.,0.,-1.));
#6043=DIRECTION('',(0.,0.,1.));
#6044=DIRECTION('',(1.,0.,0.));
#6045=DIRECTION('',(0.258819044963378,0.965925826326351,0.));
#6046=DIRECTION('',(-0.965925826326352,0.258819044963378,0.));
#6047=DIRECTION('',(0.965925826326352,-0.258819044963378,0.));
#6048=DIRECTION('',(0.,0.,-1.));
#6049=DIRECTION('',(0.965925826326352,-0.258819044963378,0.));
#6050=DIRECTION('',(0.,0.,-1.));
#6051=DIRECTION('',(-1.,0.,0.));
#6052=DIRECTION('',(0.,0.,1.));
#6053=DIRECTION('',(1.,0.,0.));
#6054=DIRECTION('',(0.,0.,-1.));
#6055=DIRECTION('',(0.,0.,1.));
#6056=DIRECTION('',(1.,0.,0.));
#6057=DIRECTION('',(0.965925826326351,-0.258819044963378,0.));
#6058=DIRECTION('',(0.258819044963378,0.965925826326351,0.));
#6059=DIRECTION('',(-0.258819044963378,-0.965925826326351,0.));
#6060=DIRECTION('',(0.,0.,-1.));
#6061=DIRECTION('',(-0.258819044963378,-0.965925826326351,0.));
#6062=DIRECTION('',(0.,0.,-1.));
#6063=DIRECTION('',(-1.,0.,0.));
#6064=DIRECTION('',(0.,0.,1.));
#6065=DIRECTION('',(1.,0.,0.));
#6066=DIRECTION('',(0.,0.,-1.));
#6067=DIRECTION('',(0.,0.,1.));
#6068=DIRECTION('',(1.,0.,0.));
#6069=DIRECTION('',(0.,0.,-1.));
#6070=DIRECTION('',(-1.,0.,0.));
#6071=DIRECTION('',(0.,0.,1.));
#6072=DIRECTION('',(1.,0.,0.));
#6073=DIRECTION('',(0.,0.,-1.));
#6074=DIRECTION('',(0.,0.,1.));
#6075=DIRECTION('',(1.,0.,0.));
#6076=DIRECTION('',(0.,0.,-1.));
#6077=DIRECTION('',(-1.,0.,0.));
#6078=DIRECTION('',(0.,0.,1.));
#6079=DIRECTION('',(0.,1.,0.));
#6080=DIRECTION('',(0.,0.,-1.));
#6081=DIRECTION('',(0.,1.,0.));
#6082=DIRECTION('',(0.,0.,-1.));
#6083=DIRECTION('',(-1.,0.,0.));
#6084=DIRECTION('',(0.,0.,1.));
#6085=DIRECTION('',(1.,0.,0.));
#6086=DIRECTION('',(0.,0.,-1.));
#6087=DIRECTION('',(0.,0.,1.));
#6088=DIRECTION('',(1.,0.,0.));
#6089=DIRECTION('',(0.,1.,0.));
#6090=DIRECTION('',(0.,0.,1.));
#6091=DIRECTION('',(1.,0.,0.));
#6092=DIRECTION('',(0.,0.,-1.));
#6093=DIRECTION('',(1.,0.,0.));
#6094=DIRECTION('',(0.,0.,-1.));
#6095=DIRECTION('',(-1.,0.,0.));
#6096=DIRECTION('',(0.,0.,1.));
#6097=DIRECTION('',(1.,0.,0.));
#6098=DIRECTION('',(0.,0.,-1.));
#6099=DIRECTION('',(0.,0.,1.));
#6100=DIRECTION('',(1.,0.,0.));
#6101=DIRECTION('',(1.,0.,0.));
#6102=DIRECTION('',(0.,0.,-1.));
#6103=DIRECTION('',(0.,-1.,0.));
#6104=DIRECTION('',(0.,0.,-1.));
#6105=DIRECTION('',(0.,-1.,0.));
#6106=DIRECTION('',(0.,0.,-1.));
#6107=DIRECTION('',(-1.,0.,0.));
#6108=DIRECTION('',(0.,0.,1.));
#6109=DIRECTION('',(1.,0.,0.));
#6110=DIRECTION('',(0.,0.,-1.));
#6111=DIRECTION('',(0.,0.,1.));
#6112=DIRECTION('',(1.,0.,0.));
#6113=DIRECTION('',(0.,0.,-1.));
#6114=DIRECTION('',(-1.,0.,0.));
#6115=DIRECTION('',(0.,0.,1.));
#6116=DIRECTION('',(1.,0.,0.));
#6117=DIRECTION('',(0.,0.,-1.));
#6118=DIRECTION('',(0.,0.,1.));
#6119=DIRECTION('',(1.,0.,0.));
#6120=DIRECTION('',(0.,0.,-1.));
#6121=DIRECTION('',(-1.,0.,0.));
#6122=DIRECTION('',(0.,0.,1.));
#6123=DIRECTION('',(0.,1.,0.));
#6124=DIRECTION('',(0.,0.,-1.));
#6125=DIRECTION('',(0.,1.,0.));
#6126=DIRECTION('',(0.,0.,-1.));
#6127=DIRECTION('',(-1.,0.,0.));
#6128=DIRECTION('',(0.,0.,1.));
#6129=DIRECTION('',(1.,0.,0.));
#6130=DIRECTION('',(0.,0.,-1.));
#6131=DIRECTION('',(0.,0.,1.));
#6132=DIRECTION('',(1.,0.,0.));
#6133=DIRECTION('',(0.,1.,0.));
#6134=DIRECTION('',(0.,0.,1.));
#6135=DIRECTION('',(1.,0.,0.));
#6136=DIRECTION('',(0.,0.,-1.));
#6137=DIRECTION('',(1.,0.,0.));
#6138=DIRECTION('',(0.,0.,-1.));
#6139=DIRECTION('',(-1.,0.,0.));
#6140=DIRECTION('',(0.,0.,1.));
#6141=DIRECTION('',(1.,0.,0.));
#6142=DIRECTION('',(0.,0.,-1.));
#6143=DIRECTION('',(0.,0.,1.));
#6144=DIRECTION('',(1.,0.,0.));
#6145=DIRECTION('',(1.,0.,0.));
#6146=DIRECTION('',(0.,0.,-1.));
#6147=DIRECTION('',(0.,-1.,0.));
#6148=DIRECTION('',(0.,0.,-1.));
#6149=DIRECTION('',(0.,-1.,0.));
#6150=DIRECTION('',(0.,0.,-1.));
#6151=DIRECTION('',(-1.,0.,0.));
#6152=DIRECTION('',(0.,0.,1.));
#6153=DIRECTION('',(1.,0.,0.));
#6154=DIRECTION('',(0.,0.,-1.));
#6155=DIRECTION('',(0.,0.,1.));
#6156=DIRECTION('',(1.,0.,0.));
#6157=DIRECTION('',(0.,0.,-1.));
#6158=DIRECTION('',(-1.,0.,0.));
#6159=DIRECTION('',(0.,0.,1.));
#6160=DIRECTION('',(1.,0.,0.));
#6161=DIRECTION('',(0.,0.,-1.));
#6162=DIRECTION('',(0.,0.,1.));
#6163=DIRECTION('',(1.,0.,0.));
#6164=DIRECTION('',(0.,0.,-1.));
#6165=DIRECTION('',(-1.,0.,0.));
#6166=DIRECTION('',(0.,0.,1.));
#6167=DIRECTION('',(0.,1.,0.));
#6168=DIRECTION('',(0.,0.,-1.));
#6169=DIRECTION('',(0.,1.,0.));
#6170=DIRECTION('',(0.,0.,-1.));
#6171=DIRECTION('',(-1.,0.,0.));
#6172=DIRECTION('',(0.,0.,1.));
#6173=DIRECTION('',(1.,0.,0.));
#6174=DIRECTION('',(0.,0.,-1.));
#6175=DIRECTION('',(0.,0.,1.));
#6176=DIRECTION('',(1.,0.,0.));
#6177=DIRECTION('',(0.,1.,0.));
#6178=DIRECTION('',(0.,0.,1.));
#6179=DIRECTION('',(1.,0.,0.));
#6180=DIRECTION('',(0.,0.,-1.));
#6181=DIRECTION('',(1.,0.,0.));
#6182=DIRECTION('',(0.,0.,-1.));
#6183=DIRECTION('',(-1.,0.,0.));
#6184=DIRECTION('',(0.,0.,1.));
#6185=DIRECTION('',(1.,0.,0.));
#6186=DIRECTION('',(0.,0.,-1.));
#6187=DIRECTION('',(0.,0.,1.));
#6188=DIRECTION('',(1.,0.,0.));
#6189=DIRECTION('',(1.,0.,0.));
#6190=DIRECTION('',(0.,0.,-1.));
#6191=DIRECTION('',(0.,-1.,0.));
#6192=DIRECTION('',(0.,0.,-1.));
#6193=DIRECTION('',(0.,-1.,0.));
#6194=DIRECTION('',(0.,0.,-1.));
#6195=DIRECTION('',(-1.,0.,0.));
#6196=DIRECTION('',(0.,0.,1.));
#6197=DIRECTION('',(1.,0.,0.));
#6198=DIRECTION('',(0.,0.,-1.));
#6199=DIRECTION('',(0.,0.,1.));
#6200=DIRECTION('',(1.,0.,0.));
#6201=DIRECTION('',(0.,0.,-1.));
#6202=DIRECTION('',(-1.,0.,0.));
#6203=DIRECTION('',(0.,0.,1.));
#6204=DIRECTION('',(1.,0.,0.));
#6205=DIRECTION('',(0.,0.,-1.));
#6206=DIRECTION('',(0.,0.,1.));
#6207=DIRECTION('',(1.,0.,0.));
#6208=DIRECTION('',(0.,0.,-1.));
#6209=DIRECTION('',(-1.,0.,0.));
#6210=DIRECTION('',(0.,0.,1.));
#6211=DIRECTION('',(0.,1.,0.));
#6212=DIRECTION('',(0.,0.,-1.));
#6213=DIRECTION('',(0.,1.,0.));
#6214=DIRECTION('',(0.,0.,-1.));
#6215=DIRECTION('',(-1.,0.,0.));
#6216=DIRECTION('',(0.,0.,1.));
#6217=DIRECTION('',(1.,0.,0.));
#6218=DIRECTION('',(0.,0.,-1.));
#6219=DIRECTION('',(0.,0.,1.));
#6220=DIRECTION('',(1.,0.,0.));
#6221=DIRECTION('',(0.,1.,0.));
#6222=DIRECTION('',(0.,0.,1.));
#6223=DIRECTION('',(1.,0.,0.));
#6224=DIRECTION('',(0.,0.,-1.));
#6225=DIRECTION('',(1.,0.,0.));
#6226=DIRECTION('',(0.,0.,-1.));
#6227=DIRECTION('',(-1.,0.,0.));
#6228=DIRECTION('',(0.,0.,1.));
#6229=DIRECTION('',(1.,0.,0.));
#6230=DIRECTION('',(0.,0.,-1.));
#6231=DIRECTION('',(0.,0.,1.));
#6232=DIRECTION('',(1.,0.,0.));
#6233=DIRECTION('',(1.,0.,0.));
#6234=DIRECTION('',(0.,0.,-1.));
#6235=DIRECTION('',(0.,-1.,0.));
#6236=DIRECTION('',(0.,0.,-1.));
#6237=DIRECTION('',(0.,-1.,0.));
#6238=DIRECTION('',(0.,0.,-1.));
#6239=DIRECTION('',(-1.,0.,0.));
#6240=DIRECTION('',(0.,0.,1.));
#6241=DIRECTION('',(1.,0.,0.));
#6242=DIRECTION('',(0.,0.,-1.));
#6243=DIRECTION('',(0.,0.,1.));
#6244=DIRECTION('',(1.,0.,0.));
#6245=DIRECTION('',(0.,0.,-1.));
#6246=DIRECTION('',(-1.,0.,0.));
#6247=DIRECTION('',(0.,0.,1.));
#6248=DIRECTION('',(1.,0.,0.));
#6249=DIRECTION('',(0.,0.,-1.));
#6250=DIRECTION('',(0.,0.,1.));
#6251=DIRECTION('',(1.,0.,0.));
#6252=DIRECTION('',(0.,0.,-1.));
#6253=DIRECTION('',(-1.,0.,0.));
#6254=DIRECTION('',(0.,0.,1.));
#6255=DIRECTION('',(0.,1.,0.));
#6256=DIRECTION('',(0.,0.,-1.));
#6257=DIRECTION('',(0.,1.,0.));
#6258=DIRECTION('',(0.,0.,-1.));
#6259=DIRECTION('',(-1.,0.,0.));
#6260=DIRECTION('',(0.,0.,1.));
#6261=DIRECTION('',(1.,0.,0.));
#6262=DIRECTION('',(0.,0.,-1.));
#6263=DIRECTION('',(0.,0.,1.));
#6264=DIRECTION('',(1.,0.,0.));
#6265=DIRECTION('',(0.,1.,0.));
#6266=DIRECTION('',(0.,0.,1.));
#6267=DIRECTION('',(1.,0.,0.));
#6268=DIRECTION('',(0.,0.,-1.));
#6269=DIRECTION('',(1.,0.,0.));
#6270=DIRECTION('',(0.,0.,-1.));
#6271=DIRECTION('',(-1.,0.,0.));
#6272=DIRECTION('',(0.,0.,1.));
#6273=DIRECTION('',(1.,0.,0.));
#6274=DIRECTION('',(0.,0.,-1.));
#6275=DIRECTION('',(0.,0.,1.));
#6276=DIRECTION('',(1.,0.,0.));
#6277=DIRECTION('',(1.,0.,0.));
#6278=DIRECTION('',(0.,0.,-1.));
#6279=DIRECTION('',(0.,-1.,0.));
#6280=DIRECTION('',(0.,0.,-1.));
#6281=DIRECTION('',(0.,-1.,0.));
#6282=DIRECTION('',(0.,0.,-1.));
#6283=DIRECTION('',(-1.,0.,0.));
#6284=DIRECTION('',(0.,0.,1.));
#6285=DIRECTION('',(1.,0.,0.));
#6286=DIRECTION('',(0.,0.,-1.));
#6287=DIRECTION('',(0.,0.,1.));
#6288=DIRECTION('',(1.,0.,0.));
#6289=DIRECTION('',(0.,0.,-1.));
#6290=DIRECTION('',(-1.,0.,0.));
#6291=DIRECTION('',(0.,0.,1.));
#6292=DIRECTION('',(1.,0.,0.));
#6293=DIRECTION('',(0.,0.,-1.));
#6294=DIRECTION('',(0.,0.,1.));
#6295=DIRECTION('',(1.,0.,0.));
#6296=DIRECTION('',(0.,0.,-1.));
#6297=DIRECTION('',(-1.,0.,0.));
#6298=DIRECTION('',(0.,0.,1.));
#6299=DIRECTION('',(0.,1.,0.));
#6300=DIRECTION('',(0.,0.,-1.));
#6301=DIRECTION('',(0.,1.,0.));
#6302=DIRECTION('',(0.,0.,-1.));
#6303=DIRECTION('',(-1.,0.,0.));
#6304=DIRECTION('',(0.,0.,1.));
#6305=DIRECTION('',(1.,0.,0.));
#6306=DIRECTION('',(0.,0.,-1.));
#6307=DIRECTION('',(0.,0.,1.));
#6308=DIRECTION('',(1.,0.,0.));
#6309=DIRECTION('',(0.,1.,0.));
#6310=DIRECTION('',(0.,0.,1.));
#6311=DIRECTION('',(1.,0.,0.));
#6312=DIRECTION('',(0.,0.,-1.));
#6313=DIRECTION('',(1.,0.,0.));
#6314=DIRECTION('',(0.,0.,-1.));
#6315=DIRECTION('',(-1.,0.,0.));
#6316=DIRECTION('',(0.,0.,1.));
#6317=DIRECTION('',(1.,0.,0.));
#6318=DIRECTION('',(0.,0.,-1.));
#6319=DIRECTION('',(0.,0.,1.));
#6320=DIRECTION('',(1.,0.,0.));
#6321=DIRECTION('',(1.,0.,0.));
#6322=DIRECTION('',(0.,0.,-1.));
#6323=DIRECTION('',(0.,-1.,0.));
#6324=DIRECTION('',(0.,0.,-1.));
#6325=DIRECTION('',(0.,-1.,0.));
#6326=DIRECTION('',(0.,0.,-1.));
#6327=DIRECTION('',(-1.,0.,0.));
#6328=DIRECTION('',(0.,0.,1.));
#6329=DIRECTION('',(1.,0.,0.));
#6330=DIRECTION('',(0.,0.,-1.));
#6331=DIRECTION('',(0.,0.,1.));
#6332=DIRECTION('',(1.,0.,0.));
#6333=DIRECTION('',(0.,0.,-1.));
#6334=DIRECTION('',(-1.,0.,0.));
#6335=DIRECTION('',(0.,0.,1.));
#6336=DIRECTION('',(1.,0.,0.));
#6337=DIRECTION('',(0.,0.,-1.));
#6338=DIRECTION('',(0.,0.,1.));
#6339=DIRECTION('',(1.,0.,0.));
#6340=DIRECTION('',(0.,0.,-1.));
#6341=DIRECTION('',(-1.,0.,0.));
#6342=DIRECTION('',(0.,0.,1.));
#6343=DIRECTION('',(0.,1.,0.));
#6344=DIRECTION('',(0.,0.,-1.));
#6345=DIRECTION('',(0.,1.,0.));
#6346=DIRECTION('',(0.,0.,-1.));
#6347=DIRECTION('',(-1.,0.,0.));
#6348=DIRECTION('',(0.,0.,1.));
#6349=DIRECTION('',(1.,0.,0.));
#6350=DIRECTION('',(0.,0.,-1.));
#6351=DIRECTION('',(0.,0.,1.));
#6352=DIRECTION('',(1.,0.,0.));
#6353=DIRECTION('',(0.,1.,0.));
#6354=DIRECTION('',(0.,0.,1.));
#6355=DIRECTION('',(1.,0.,0.));
#6356=DIRECTION('',(0.,0.,-1.));
#6357=DIRECTION('',(1.,0.,0.));
#6358=DIRECTION('',(0.,0.,-1.));
#6359=DIRECTION('',(-1.,0.,0.));
#6360=DIRECTION('',(0.,0.,1.));
#6361=DIRECTION('',(1.,0.,0.));
#6362=DIRECTION('',(0.,0.,-1.));
#6363=DIRECTION('',(0.,0.,1.));
#6364=DIRECTION('',(1.,0.,0.));
#6365=DIRECTION('',(1.,0.,0.));
#6366=DIRECTION('',(0.,0.,-1.));
#6367=DIRECTION('',(0.,-1.,0.));
#6368=DIRECTION('',(0.,0.,-1.));
#6369=DIRECTION('',(0.,-1.,0.));
#6370=DIRECTION('',(0.,0.,-1.));
#6371=DIRECTION('',(-1.,0.,0.));
#6372=DIRECTION('',(0.,0.,1.));
#6373=DIRECTION('',(1.,0.,0.));
#6374=DIRECTION('',(0.,0.,-1.));
#6375=DIRECTION('',(0.,0.,1.));
#6376=DIRECTION('',(1.,0.,0.));
#6377=DIRECTION('',(0.,0.,-1.));
#6378=DIRECTION('',(-1.,0.,0.));
#6379=DIRECTION('',(0.,0.,1.));
#6380=DIRECTION('',(1.,0.,0.));
#6381=DIRECTION('',(0.,0.,-1.));
#6382=DIRECTION('',(0.,0.,1.));
#6383=DIRECTION('',(1.,0.,0.));
#6384=DIRECTION('',(0.,0.,-1.));
#6385=DIRECTION('',(-1.,0.,0.));
#6386=DIRECTION('',(0.,0.,1.));
#6387=DIRECTION('',(0.,1.,0.));
#6388=DIRECTION('',(0.,0.,-1.));
#6389=DIRECTION('',(0.,1.,0.));
#6390=DIRECTION('',(0.,0.,-1.));
#6391=DIRECTION('',(-1.,0.,0.));
#6392=DIRECTION('',(0.,0.,1.));
#6393=DIRECTION('',(1.,0.,0.));
#6394=DIRECTION('',(0.,0.,-1.));
#6395=DIRECTION('',(0.,0.,1.));
#6396=DIRECTION('',(1.,0.,0.));
#6397=DIRECTION('',(0.,1.,0.));
#6398=DIRECTION('',(0.,0.,1.));
#6399=DIRECTION('',(1.,0.,0.));
#6400=DIRECTION('',(0.,0.,-1.));
#6401=DIRECTION('',(1.,0.,0.));
#6402=DIRECTION('',(0.,0.,-1.));
#6403=DIRECTION('',(-1.,0.,0.));
#6404=DIRECTION('',(0.,0.,1.));
#6405=DIRECTION('',(1.,0.,0.));
#6406=DIRECTION('',(0.,0.,-1.));
#6407=DIRECTION('',(0.,0.,1.));
#6408=DIRECTION('',(1.,0.,0.));
#6409=DIRECTION('',(1.,0.,0.));
#6410=DIRECTION('',(0.,0.,-1.));
#6411=DIRECTION('',(0.,-1.,0.));
#6412=DIRECTION('',(0.,0.,-1.));
#6413=DIRECTION('',(0.,-1.,0.));
#6414=DIRECTION('',(0.,0.,-1.));
#6415=DIRECTION('',(-1.,0.,0.));
#6416=DIRECTION('',(0.,0.,1.));
#6417=DIRECTION('',(1.,0.,0.));
#6418=DIRECTION('',(0.,0.,-1.));
#6419=DIRECTION('',(0.,0.,1.));
#6420=DIRECTION('',(1.,0.,0.));
#6421=DIRECTION('',(0.,0.,-1.));
#6422=DIRECTION('',(-1.,0.,0.));
#6423=DIRECTION('',(0.,0.,1.));
#6424=DIRECTION('',(1.,0.,0.));
#6425=DIRECTION('',(0.,0.,-1.));
#6426=DIRECTION('',(0.,0.,1.));
#6427=DIRECTION('',(1.,0.,0.));
#6428=DIRECTION('',(0.,0.,-1.));
#6429=DIRECTION('',(-1.,0.,0.));
#6430=DIRECTION('',(0.,0.,1.));
#6431=DIRECTION('',(0.,1.,0.));
#6432=DIRECTION('',(0.,0.,-1.));
#6433=DIRECTION('',(0.,1.,0.));
#6434=DIRECTION('',(0.,0.,-1.));
#6435=DIRECTION('',(-1.,0.,0.));
#6436=DIRECTION('',(0.,0.,1.));
#6437=DIRECTION('',(1.,0.,0.));
#6438=DIRECTION('',(0.,0.,-1.));
#6439=DIRECTION('',(0.,0.,1.));
#6440=DIRECTION('',(1.,0.,0.));
#6441=DIRECTION('',(0.,1.,0.));
#6442=DIRECTION('',(0.,0.,1.));
#6443=DIRECTION('',(1.,0.,0.));
#6444=DIRECTION('',(0.,0.,-1.));
#6445=DIRECTION('',(1.,0.,0.));
#6446=DIRECTION('',(0.,0.,-1.));
#6447=DIRECTION('',(-1.,0.,0.));
#6448=DIRECTION('',(0.,0.,1.));
#6449=DIRECTION('',(1.,0.,0.));
#6450=DIRECTION('',(0.,0.,-1.));
#6451=DIRECTION('',(0.,0.,1.));
#6452=DIRECTION('',(1.,0.,0.));
#6453=DIRECTION('',(1.,0.,0.));
#6454=DIRECTION('',(0.,0.,-1.));
#6455=DIRECTION('',(0.,-1.,0.));
#6456=DIRECTION('',(0.,0.,-1.));
#6457=DIRECTION('',(0.,-1.,0.));
#6458=DIRECTION('',(0.,0.,-1.));
#6459=DIRECTION('',(-1.,0.,0.));
#6460=DIRECTION('',(0.,0.,1.));
#6461=DIRECTION('',(1.,0.,0.));
#6462=DIRECTION('',(0.,0.,-1.));
#6463=DIRECTION('',(0.,0.,1.));
#6464=DIRECTION('',(1.,0.,0.));
#6465=DIRECTION('',(0.,0.,-1.));
#6466=DIRECTION('',(-1.,0.,0.));
#6467=DIRECTION('',(0.,0.,1.));
#6468=DIRECTION('',(1.,0.,0.));
#6469=DIRECTION('',(0.,0.,-1.));
#6470=DIRECTION('',(0.,0.,1.));
#6471=DIRECTION('',(1.,0.,0.));
#6472=DIRECTION('',(0.,0.,-1.));
#6473=DIRECTION('',(-1.,0.,0.));
#6474=DIRECTION('',(0.,0.,1.));
#6475=DIRECTION('',(0.,1.,0.));
#6476=DIRECTION('',(0.,0.,-1.));
#6477=DIRECTION('',(0.,1.,0.));
#6478=DIRECTION('',(0.,0.,-1.));
#6479=DIRECTION('',(-1.,0.,0.));
#6480=DIRECTION('',(0.,0.,1.));
#6481=DIRECTION('',(1.,0.,0.));
#6482=DIRECTION('',(0.,0.,-1.));
#6483=DIRECTION('',(0.,0.,1.));
#6484=DIRECTION('',(1.,0.,0.));
#6485=DIRECTION('',(0.,1.,0.));
#6486=DIRECTION('',(0.,0.,1.));
#6487=DIRECTION('',(1.,0.,0.));
#6488=DIRECTION('',(0.,0.,-1.));
#6489=DIRECTION('',(1.,0.,0.));
#6490=DIRECTION('',(0.,0.,-1.));
#6491=DIRECTION('',(-1.,0.,0.));
#6492=DIRECTION('',(0.,0.,1.));
#6493=DIRECTION('',(1.,0.,0.));
#6494=DIRECTION('',(0.,0.,-1.));
#6495=DIRECTION('',(0.,0.,1.));
#6496=DIRECTION('',(1.,0.,0.));
#6497=DIRECTION('',(1.,0.,0.));
#6498=DIRECTION('',(0.,0.,-1.));
#6499=DIRECTION('',(0.,-1.,0.));
#6500=DIRECTION('',(0.,0.,-1.));
#6501=DIRECTION('',(0.,-1.,0.));
#6502=DIRECTION('',(0.,0.,-1.));
#6503=DIRECTION('',(-1.,0.,0.));
#6504=DIRECTION('',(0.,0.,1.));
#6505=DIRECTION('',(1.,0.,0.));
#6506=DIRECTION('',(0.,0.,-1.));
#6507=DIRECTION('',(0.,0.,1.));
#6508=DIRECTION('',(1.,0.,0.));
#6509=DIRECTION('',(0.,0.,-1.));
#6510=DIRECTION('',(-1.,0.,0.));
#6511=DIRECTION('',(0.,0.,1.));
#6512=DIRECTION('',(1.,0.,0.));
#6513=DIRECTION('',(0.,0.,-1.));
#6514=DIRECTION('',(0.,0.,1.));
#6515=DIRECTION('',(1.,0.,0.));
#6516=DIRECTION('',(0.,0.,-1.));
#6517=DIRECTION('',(-1.,0.,0.));
#6518=DIRECTION('',(0.,0.,1.));
#6519=DIRECTION('',(0.,1.,0.));
#6520=DIRECTION('',(0.,0.,-1.));
#6521=DIRECTION('',(0.,1.,0.));
#6522=DIRECTION('',(0.,0.,-1.));
#6523=DIRECTION('',(-1.,0.,0.));
#6524=DIRECTION('',(0.,0.,1.));
#6525=DIRECTION('',(1.,0.,0.));
#6526=DIRECTION('',(0.,0.,-1.));
#6527=DIRECTION('',(0.,0.,1.));
#6528=DIRECTION('',(1.,0.,0.));
#6529=DIRECTION('',(0.,1.,0.));
#6530=DIRECTION('',(0.,0.,1.));
#6531=DIRECTION('',(1.,0.,0.));
#6532=DIRECTION('',(0.,0.,-1.));
#6533=DIRECTION('',(1.,0.,0.));
#6534=DIRECTION('',(0.,0.,-1.));
#6535=DIRECTION('',(-1.,0.,0.));
#6536=DIRECTION('',(0.,0.,1.));
#6537=DIRECTION('',(1.,0.,0.));
#6538=DIRECTION('',(0.,0.,-1.));
#6539=DIRECTION('',(0.,0.,1.));
#6540=DIRECTION('',(1.,0.,0.));
#6541=DIRECTION('',(1.,0.,0.));
#6542=DIRECTION('',(0.,0.,-1.));
#6543=DIRECTION('',(0.,-1.,0.));
#6544=DIRECTION('',(0.,0.,-1.));
#6545=DIRECTION('',(0.,-1.,0.));
#6546=DIRECTION('',(0.,0.,-1.));
#6547=DIRECTION('',(-1.,0.,0.));
#6548=DIRECTION('',(0.,0.,1.));
#6549=DIRECTION('',(1.,0.,0.));
#6550=DIRECTION('',(0.,0.,-1.));
#6551=DIRECTION('',(0.,0.,1.));
#6552=DIRECTION('',(1.,0.,0.));
#6553=DIRECTION('',(0.,0.,-1.));
#6554=DIRECTION('',(-1.,0.,0.));
#6555=DIRECTION('',(0.,0.,1.));
#6556=DIRECTION('',(1.,0.,0.));
#6557=DIRECTION('',(0.,0.,-1.));
#6558=DIRECTION('',(0.,0.,1.));
#6559=DIRECTION('',(1.,0.,0.));
#6560=DIRECTION('',(0.,0.,-1.));
#6561=DIRECTION('',(-1.,0.,0.));
#6562=DIRECTION('',(0.,0.,1.));
#6563=DIRECTION('',(0.,1.,0.));
#6564=DIRECTION('',(0.,0.,-1.));
#6565=DIRECTION('',(0.,1.,0.));
#6566=DIRECTION('',(0.,0.,-1.));
#6567=DIRECTION('',(-1.,0.,0.));
#6568=DIRECTION('',(0.,0.,1.));
#6569=DIRECTION('',(1.,0.,0.));
#6570=DIRECTION('',(0.,0.,-1.));
#6571=DIRECTION('',(0.,0.,1.));
#6572=DIRECTION('',(1.,0.,0.));
#6573=DIRECTION('',(0.,1.,0.));
#6574=DIRECTION('',(0.,0.,1.));
#6575=DIRECTION('',(1.,0.,0.));
#6576=DIRECTION('',(0.,0.,-1.));
#6577=DIRECTION('',(1.,0.,0.));
#6578=DIRECTION('',(0.,0.,-1.));
#6579=DIRECTION('',(-1.,0.,0.));
#6580=DIRECTION('',(0.,0.,1.));
#6581=DIRECTION('',(1.,0.,0.));
#6582=DIRECTION('',(0.,0.,-1.));
#6583=DIRECTION('',(0.,0.,1.));
#6584=DIRECTION('',(1.,0.,0.));
#6585=DIRECTION('',(1.,0.,0.));
#6586=DIRECTION('',(0.,0.,-1.));
#6587=DIRECTION('',(0.,-1.,0.));
#6588=DIRECTION('',(0.,0.,-1.));
#6589=DIRECTION('',(0.,-1.,0.));
#6590=DIRECTION('',(0.,0.,-1.));
#6591=DIRECTION('',(-1.,0.,0.));
#6592=DIRECTION('',(0.,0.,1.));
#6593=DIRECTION('',(1.,0.,0.));
#6594=DIRECTION('',(0.,0.,-1.));
#6595=DIRECTION('',(0.,0.,1.));
#6596=DIRECTION('',(1.,0.,0.));
#6597=DIRECTION('',(0.,0.,-1.));
#6598=DIRECTION('',(-1.,0.,0.));
#6599=DIRECTION('',(0.,0.,1.));
#6600=DIRECTION('',(1.,0.,0.));
#6601=DIRECTION('',(0.,0.,-1.));
#6602=DIRECTION('',(0.,0.,1.));
#6603=DIRECTION('',(1.,0.,0.));
#6604=DIRECTION('',(0.,0.,-1.));
#6605=DIRECTION('',(-1.,0.,0.));
#6606=DIRECTION('',(0.,0.,1.));
#6607=DIRECTION('',(0.,1.,0.));
#6608=DIRECTION('',(0.,0.,-1.));
#6609=DIRECTION('',(0.,1.,0.));
#6610=DIRECTION('',(0.,0.,-1.));
#6611=DIRECTION('',(-1.,0.,0.));
#6612=DIRECTION('',(0.,0.,1.));
#6613=DIRECTION('',(1.,0.,0.));
#6614=DIRECTION('',(0.,0.,-1.));
#6615=DIRECTION('',(0.,0.,1.));
#6616=DIRECTION('',(1.,0.,0.));
#6617=DIRECTION('',(0.,1.,0.));
#6618=DIRECTION('',(0.,0.,1.));
#6619=DIRECTION('',(1.,0.,0.));
#6620=DIRECTION('',(0.,0.,-1.));
#6621=DIRECTION('',(1.,0.,0.));
#6622=DIRECTION('',(0.,0.,-1.));
#6623=DIRECTION('',(-1.,0.,0.));
#6624=DIRECTION('',(0.,0.,1.));
#6625=DIRECTION('',(1.,0.,0.));
#6626=DIRECTION('',(0.,0.,-1.));
#6627=DIRECTION('',(0.,0.,1.));
#6628=DIRECTION('',(1.,0.,0.));
#6629=DIRECTION('',(1.,0.,0.));
#6630=DIRECTION('',(0.,0.,-1.));
#6631=DIRECTION('',(0.,-1.,0.));
#6632=DIRECTION('',(0.,0.,-1.));
#6633=DIRECTION('',(0.,-1.,0.));
#6634=DIRECTION('',(0.,0.,-1.));
#6635=DIRECTION('',(-1.,0.,0.));
#6636=DIRECTION('',(0.,0.,1.));
#6637=DIRECTION('',(1.,0.,0.));
#6638=DIRECTION('',(0.,0.,-1.));
#6639=DIRECTION('',(0.,0.,1.));
#6640=DIRECTION('',(1.,0.,0.));
#6641=DIRECTION('',(0.,0.,-1.));
#6642=DIRECTION('',(-1.,0.,0.));
#6643=DIRECTION('',(0.,0.,1.));
#6644=DIRECTION('',(1.,0.,0.));
#6645=DIRECTION('',(0.,0.,-1.));
#6646=DIRECTION('',(0.,0.,1.));
#6647=DIRECTION('',(1.,0.,0.));
#6648=DIRECTION('',(0.,0.,-1.));
#6649=DIRECTION('',(-1.,0.,0.));
#6650=DIRECTION('',(0.,0.,1.));
#6651=DIRECTION('',(0.,1.,0.));
#6652=DIRECTION('',(0.,0.,-1.));
#6653=DIRECTION('',(0.,1.,0.));
#6654=DIRECTION('',(0.,0.,-1.));
#6655=DIRECTION('',(-1.,0.,0.));
#6656=DIRECTION('',(0.,0.,1.));
#6657=DIRECTION('',(1.,0.,0.));
#6658=DIRECTION('',(0.,0.,-1.));
#6659=DIRECTION('',(0.,0.,1.));
#6660=DIRECTION('',(1.,0.,0.));
#6661=DIRECTION('',(0.,1.,0.));
#6662=DIRECTION('',(0.,0.,1.));
#6663=DIRECTION('',(1.,0.,0.));
#6664=DIRECTION('',(0.,0.,-1.));
#6665=DIRECTION('',(1.,0.,0.));
#6666=DIRECTION('',(0.,0.,-1.));
#6667=DIRECTION('',(-1.,0.,0.));
#6668=DIRECTION('',(0.,0.,1.));
#6669=DIRECTION('',(1.,0.,0.));
#6670=DIRECTION('',(0.,0.,-1.));
#6671=DIRECTION('',(0.,0.,1.));
#6672=DIRECTION('',(1.,0.,0.));
#6673=DIRECTION('',(1.,0.,0.));
#6674=DIRECTION('',(0.,0.,-1.));
#6675=DIRECTION('',(0.,-1.,0.));
#6676=DIRECTION('',(0.,0.,-1.));
#6677=DIRECTION('',(0.,-1.,0.));
#6678=DIRECTION('',(0.,0.,-1.));
#6679=DIRECTION('',(-1.,0.,0.));
#6680=DIRECTION('',(0.,0.,1.));
#6681=DIRECTION('',(1.,0.,0.));
#6682=DIRECTION('',(0.,0.,-1.));
#6683=DIRECTION('',(0.,0.,1.));
#6684=DIRECTION('',(1.,0.,0.));
#6685=DIRECTION('',(0.,0.,-1.));
#6686=DIRECTION('',(-1.,0.,0.));
#6687=DIRECTION('',(0.,0.,1.));
#6688=DIRECTION('',(1.,0.,0.));
#6689=DIRECTION('',(0.,0.,-1.));
#6690=DIRECTION('',(0.,0.,1.));
#6691=DIRECTION('',(1.,0.,0.));
#6692=DIRECTION('',(0.,0.,-1.));
#6693=DIRECTION('',(-1.,0.,0.));
#6694=DIRECTION('',(0.,0.,1.));
#6695=DIRECTION('',(0.,1.,0.));
#6696=DIRECTION('',(0.,0.,-1.));
#6697=DIRECTION('',(0.,1.,0.));
#6698=DIRECTION('',(0.,0.,-1.));
#6699=DIRECTION('',(-1.,0.,0.));
#6700=DIRECTION('',(0.,0.,1.));
#6701=DIRECTION('',(1.,0.,0.));
#6702=DIRECTION('',(0.,0.,-1.));
#6703=DIRECTION('',(0.,0.,1.));
#6704=DIRECTION('',(1.,0.,0.));
#6705=DIRECTION('',(0.,1.,0.));
#6706=DIRECTION('',(0.,0.,1.));
#6707=DIRECTION('',(1.,0.,0.));
#6708=DIRECTION('',(0.,0.,-1.));
#6709=DIRECTION('',(1.,0.,0.));
#6710=DIRECTION('',(0.,0.,-1.));
#6711=DIRECTION('',(-1.,0.,0.));
#6712=DIRECTION('',(0.,0.,1.));
#6713=DIRECTION('',(1.,0.,0.));
#6714=DIRECTION('',(0.,0.,-1.));
#6715=DIRECTION('',(0.,0.,1.));
#6716=DIRECTION('',(1.,0.,0.));
#6717=DIRECTION('',(1.,0.,0.));
#6718=DIRECTION('',(0.,0.,-1.));
#6719=DIRECTION('',(0.,-1.,0.));
#6720=DIRECTION('',(0.,0.,-1.));
#6721=DIRECTION('',(0.,-1.,0.));
#6722=DIRECTION('',(0.,0.,-1.));
#6723=DIRECTION('',(-1.,0.,0.));
#6724=DIRECTION('',(0.,0.,1.));
#6725=DIRECTION('',(1.,0.,0.));
#6726=DIRECTION('',(0.,0.,-1.));
#6727=DIRECTION('',(0.,0.,1.));
#6728=DIRECTION('',(1.,0.,0.));
#6729=DIRECTION('',(0.,0.,-1.));
#6730=DIRECTION('',(-1.,0.,0.));
#6731=DIRECTION('',(0.,0.,1.));
#6732=DIRECTION('',(1.,0.,0.));
#6733=DIRECTION('',(0.,0.,-1.));
#6734=DIRECTION('',(0.,0.,1.));
#6735=DIRECTION('',(1.,0.,0.));
#6736=DIRECTION('',(0.,0.,-1.));
#6737=DIRECTION('',(-1.,0.,0.));
#6738=DIRECTION('',(0.,0.,1.));
#6739=DIRECTION('',(0.,1.,0.));
#6740=DIRECTION('',(0.,0.,-1.));
#6741=DIRECTION('',(0.,1.,0.));
#6742=DIRECTION('',(0.,0.,-1.));
#6743=DIRECTION('',(-1.,0.,0.));
#6744=DIRECTION('',(0.,0.,1.));
#6745=DIRECTION('',(1.,0.,0.));
#6746=DIRECTION('',(0.,0.,-1.));
#6747=DIRECTION('',(0.,0.,1.));
#6748=DIRECTION('',(1.,0.,0.));
#6749=DIRECTION('',(0.,1.,0.));
#6750=DIRECTION('',(0.,0.,1.));
#6751=DIRECTION('',(1.,0.,0.));
#6752=DIRECTION('',(0.,0.,-1.));
#6753=DIRECTION('',(1.,0.,0.));
#6754=DIRECTION('',(0.,0.,-1.));
#6755=DIRECTION('',(-1.,0.,0.));
#6756=DIRECTION('',(0.,0.,1.));
#6757=DIRECTION('',(1.,0.,0.));
#6758=DIRECTION('',(0.,0.,-1.));
#6759=DIRECTION('',(0.,0.,1.));
#6760=DIRECTION('',(1.,0.,0.));
#6761=DIRECTION('',(1.,0.,0.));
#6762=DIRECTION('',(0.,0.,-1.));
#6763=DIRECTION('',(0.,-1.,0.));
#6764=DIRECTION('',(0.,0.,-1.));
#6765=DIRECTION('',(0.,-1.,0.));
#6766=DIRECTION('',(0.,0.,-1.));
#6767=DIRECTION('',(-1.,0.,0.));
#6768=DIRECTION('',(0.,0.,1.));
#6769=DIRECTION('',(1.,0.,0.));
#6770=DIRECTION('',(0.,0.,-1.));
#6771=DIRECTION('',(0.,0.,1.));
#6772=DIRECTION('',(1.,0.,0.));
#6773=DIRECTION('',(0.,0.,-1.));
#6774=DIRECTION('',(-1.,0.,0.));
#6775=DIRECTION('',(0.,0.,1.));
#6776=DIRECTION('',(1.,0.,0.));
#6777=DIRECTION('',(0.,0.,-1.));
#6778=DIRECTION('',(0.,0.,1.));
#6779=DIRECTION('',(1.,0.,0.));
#6780=DIRECTION('',(0.,0.,-1.));
#6781=DIRECTION('',(-1.,0.,0.));
#6782=DIRECTION('',(0.,0.,1.));
#6783=DIRECTION('',(0.,1.,0.));
#6784=DIRECTION('',(0.,0.,-1.));
#6785=DIRECTION('',(0.,1.,0.));
#6786=DIRECTION('',(0.,0.,-1.));
#6787=DIRECTION('',(-1.,0.,0.));
#6788=DIRECTION('',(0.,0.,1.));
#6789=DIRECTION('',(1.,0.,0.));
#6790=DIRECTION('',(0.,0.,-1.));
#6791=DIRECTION('',(0.,0.,1.));
#6792=DIRECTION('',(1.,0.,0.));
#6793=DIRECTION('',(0.,1.,0.));
#6794=DIRECTION('',(0.,0.,1.));
#6795=DIRECTION('',(1.,0.,0.));
#6796=DIRECTION('',(0.,0.,-1.));
#6797=DIRECTION('',(1.,0.,0.));
#6798=DIRECTION('',(0.,0.,-1.));
#6799=DIRECTION('',(-1.,0.,0.));
#6800=DIRECTION('',(0.,0.,1.));
#6801=DIRECTION('',(1.,0.,0.));
#6802=DIRECTION('',(0.,0.,-1.));
#6803=DIRECTION('',(0.,0.,1.));
#6804=DIRECTION('',(1.,0.,0.));
#6805=DIRECTION('',(1.,0.,0.));
#6806=DIRECTION('',(0.,0.,-1.));
#6807=DIRECTION('',(0.,-1.,0.));
#6808=DIRECTION('',(0.,0.,-1.));
#6809=DIRECTION('',(0.,-1.,0.));
#6810=DIRECTION('',(0.,0.,-1.));
#6811=DIRECTION('',(-1.,0.,0.));
#6812=DIRECTION('',(0.,0.,1.));
#6813=DIRECTION('',(1.,0.,0.));
#6814=DIRECTION('',(0.,0.,-1.));
#6815=DIRECTION('',(0.,0.,1.));
#6816=DIRECTION('',(1.,0.,0.));
#6817=DIRECTION('',(0.,0.,-1.));
#6818=DIRECTION('',(-1.,0.,0.));
#6819=DIRECTION('',(0.,0.,1.));
#6820=DIRECTION('',(1.,0.,0.));
#6821=DIRECTION('',(0.,0.,-1.));
#6822=DIRECTION('',(0.,0.,1.));
#6823=DIRECTION('',(1.,0.,0.));
#6824=DIRECTION('',(0.,0.,-1.));
#6825=DIRECTION('',(-1.,0.,0.));
#6826=DIRECTION('',(0.,0.,1.));
#6827=DIRECTION('',(0.,1.,0.));
#6828=DIRECTION('',(0.,0.,-1.));
#6829=DIRECTION('',(0.,1.,0.));
#6830=DIRECTION('',(0.,0.,-1.));
#6831=DIRECTION('',(-1.,0.,0.));
#6832=DIRECTION('',(0.,0.,1.));
#6833=DIRECTION('',(1.,0.,0.));
#6834=DIRECTION('',(0.,0.,-1.));
#6835=DIRECTION('',(0.,0.,1.));
#6836=DIRECTION('',(1.,0.,0.));
#6837=DIRECTION('',(0.,1.,0.));
#6838=DIRECTION('',(0.,0.,1.));
#6839=DIRECTION('',(1.,0.,0.));
#6840=DIRECTION('',(0.,0.,-1.));
#6841=DIRECTION('',(1.,0.,0.));
#6842=DIRECTION('',(0.,0.,-1.));
#6843=DIRECTION('',(-1.,0.,0.));
#6844=DIRECTION('',(0.,0.,1.));
#6845=DIRECTION('',(1.,0.,0.));
#6846=DIRECTION('',(0.,0.,-1.));
#6847=DIRECTION('',(0.,0.,1.));
#6848=DIRECTION('',(1.,0.,0.));
#6849=DIRECTION('',(1.,0.,0.));
#6850=DIRECTION('',(0.,0.,-1.));
#6851=DIRECTION('',(0.,-1.,0.));
#6852=DIRECTION('',(0.,0.,-1.));
#6853=DIRECTION('',(0.,-1.,0.));
#6854=DIRECTION('',(0.,0.,-1.));
#6855=DIRECTION('',(-1.,0.,0.));
#6856=DIRECTION('',(0.,0.,1.));
#6857=DIRECTION('',(1.,0.,0.));
#6858=DIRECTION('',(0.,0.,-1.));
#6859=DIRECTION('',(0.,0.,1.));
#6860=DIRECTION('',(1.,0.,0.));
#6861=DIRECTION('',(0.,0.,-1.));
#6862=DIRECTION('',(-1.,0.,0.));
#6863=DIRECTION('',(0.,0.,1.));
#6864=DIRECTION('',(1.,0.,0.));
#6865=DIRECTION('',(0.,0.,-1.));
#6866=DIRECTION('',(0.,0.,1.));
#6867=DIRECTION('',(1.,0.,0.));
#6868=DIRECTION('',(0.,0.,-1.));
#6869=DIRECTION('',(-1.,0.,0.));
#6870=DIRECTION('',(0.,0.,1.));
#6871=DIRECTION('',(0.,1.,0.));
#6872=DIRECTION('',(0.,0.,-1.));
#6873=DIRECTION('',(0.,1.,0.));
#6874=DIRECTION('',(0.,0.,-1.));
#6875=DIRECTION('',(-1.,0.,0.));
#6876=DIRECTION('',(0.,0.,1.));
#6877=DIRECTION('',(1.,0.,0.));
#6878=DIRECTION('',(0.,0.,-1.));
#6879=DIRECTION('',(0.,0.,1.));
#6880=DIRECTION('',(1.,0.,0.));
#6881=DIRECTION('',(0.,1.,0.));
#6882=DIRECTION('',(0.,0.,1.));
#6883=DIRECTION('',(1.,0.,0.));
#6884=DIRECTION('',(0.,0.,-1.));
#6885=DIRECTION('',(1.,0.,0.));
#6886=DIRECTION('',(0.,0.,-1.));
#6887=DIRECTION('',(-1.,0.,0.));
#6888=DIRECTION('',(0.,0.,1.));
#6889=DIRECTION('',(1.,0.,0.));
#6890=DIRECTION('',(0.,0.,-1.));
#6891=DIRECTION('',(0.,0.,1.));
#6892=DIRECTION('',(1.,0.,0.));
#6893=DIRECTION('',(1.,0.,0.));
#6894=DIRECTION('',(0.,0.,-1.));
#6895=DIRECTION('',(0.,-1.,0.));
#6896=DIRECTION('',(0.,0.,-1.));
#6897=DIRECTION('',(0.,-1.,0.));
#6898=DIRECTION('',(0.,0.,-1.));
#6899=DIRECTION('',(-1.,0.,0.));
#6900=DIRECTION('',(0.,0.,1.));
#6901=DIRECTION('',(1.,0.,0.));
#6902=DIRECTION('',(0.,0.,-1.));
#6903=DIRECTION('',(0.,0.,1.));
#6904=DIRECTION('',(1.,0.,0.));
#6905=DIRECTION('',(0.,0.,-1.));
#6906=DIRECTION('',(-1.,0.,0.));
#6907=DIRECTION('',(0.,0.,1.));
#6908=DIRECTION('',(1.,0.,0.));
#6909=DIRECTION('',(0.,0.,-1.));
#6910=DIRECTION('',(0.,0.,1.));
#6911=DIRECTION('',(1.,0.,0.));
#6912=DIRECTION('',(0.,0.,-1.));
#6913=DIRECTION('',(-1.,0.,0.));
#6914=DIRECTION('',(0.,0.,1.));
#6915=DIRECTION('',(0.,1.,0.));
#6916=DIRECTION('',(0.,0.,-1.));
#6917=DIRECTION('',(0.,1.,0.));
#6918=DIRECTION('',(0.,0.,-1.));
#6919=DIRECTION('',(-1.,0.,0.));
#6920=DIRECTION('',(0.,0.,1.));
#6921=DIRECTION('',(1.,0.,0.));
#6922=DIRECTION('',(0.,0.,-1.));
#6923=DIRECTION('',(0.,0.,1.));
#6924=DIRECTION('',(1.,0.,0.));
#6925=DIRECTION('',(0.,1.,0.));
#6926=DIRECTION('',(0.,0.,1.));
#6927=DIRECTION('',(1.,0.,0.));
#6928=DIRECTION('',(0.,0.,-1.));
#6929=DIRECTION('',(1.,0.,0.));
#6930=DIRECTION('',(0.,0.,-1.));
#6931=DIRECTION('',(-1.,0.,0.));
#6932=DIRECTION('',(0.,0.,1.));
#6933=DIRECTION('',(1.,0.,0.));
#6934=DIRECTION('',(0.,0.,-1.));
#6935=DIRECTION('',(0.,0.,1.));
#6936=DIRECTION('',(1.,0.,0.));
#6937=DIRECTION('',(1.,0.,0.));
#6938=DIRECTION('',(0.,0.,-1.));
#6939=DIRECTION('',(0.,-1.,0.));
#6940=DIRECTION('',(0.,0.,-1.));
#6941=DIRECTION('',(0.,-1.,0.));
#6942=DIRECTION('',(0.,0.,-1.));
#6943=DIRECTION('',(-1.,0.,0.));
#6944=DIRECTION('',(0.,0.,1.));
#6945=DIRECTION('',(1.,0.,0.));
#6946=DIRECTION('',(0.,0.,-1.));
#6947=DIRECTION('',(0.,0.,1.));
#6948=DIRECTION('',(1.,0.,0.));
#6949=DIRECTION('',(0.,0.,-1.));
#6950=DIRECTION('',(-1.,0.,0.));
#6951=DIRECTION('',(0.,0.,1.));
#6952=DIRECTION('',(1.,0.,0.));
#6953=DIRECTION('',(0.,0.,-1.));
#6954=DIRECTION('',(0.,0.,1.));
#6955=DIRECTION('',(1.,0.,0.));
#6956=DIRECTION('',(0.,0.,-1.));
#6957=DIRECTION('',(-1.,0.,0.));
#6958=DIRECTION('',(0.,0.,1.));
#6959=DIRECTION('',(0.,1.,0.));
#6960=DIRECTION('',(0.,0.,-1.));
#6961=DIRECTION('',(0.,1.,0.));
#6962=DIRECTION('',(0.,0.,-1.));
#6963=DIRECTION('',(-1.,0.,0.));
#6964=DIRECTION('',(0.,0.,1.));
#6965=DIRECTION('',(1.,0.,0.));
#6966=DIRECTION('',(0.,0.,-1.));
#6967=DIRECTION('',(0.,0.,1.));
#6968=DIRECTION('',(1.,0.,0.));
#6969=DIRECTION('',(0.,1.,0.));
#6970=DIRECTION('',(0.,0.,1.));
#6971=DIRECTION('',(1.,0.,0.));
#6972=DIRECTION('',(0.,0.,-1.));
#6973=DIRECTION('',(1.,0.,0.));
#6974=DIRECTION('',(0.,0.,-1.));
#6975=DIRECTION('',(-1.,0.,0.));
#6976=DIRECTION('',(0.,0.,1.));
#6977=DIRECTION('',(1.,0.,0.));
#6978=DIRECTION('',(0.,0.,-1.));
#6979=DIRECTION('',(0.,0.,1.));
#6980=DIRECTION('',(1.,0.,0.));
#6981=DIRECTION('',(1.,0.,0.));
#6982=DIRECTION('',(0.,0.,-1.));
#6983=DIRECTION('',(0.,-1.,0.));
#6984=DIRECTION('',(0.,0.,-1.));
#6985=DIRECTION('',(0.,-1.,0.));
#6986=DIRECTION('',(0.,0.,-1.));
#6987=DIRECTION('',(-1.,0.,0.));
#6988=DIRECTION('',(0.,0.,1.));
#6989=DIRECTION('',(1.,0.,0.));
#6990=DIRECTION('',(0.,0.,-1.));
#6991=DIRECTION('',(0.,0.,1.));
#6992=DIRECTION('',(1.,0.,0.));
#6993=DIRECTION('',(0.,0.,-1.));
#6994=DIRECTION('',(-1.,0.,0.));
#6995=DIRECTION('',(0.,0.,1.));
#6996=DIRECTION('',(1.,0.,0.));
#6997=DIRECTION('',(0.,0.,-1.));
#6998=DIRECTION('',(0.,0.,1.));
#6999=DIRECTION('',(1.,0.,0.));
#7000=DIRECTION('',(0.,0.,-1.));
#7001=DIRECTION('',(-1.,0.,0.));
#7002=DIRECTION('',(0.,0.,1.));
#7003=DIRECTION('',(0.,1.,0.));
#7004=DIRECTION('',(0.,0.,-1.));
#7005=DIRECTION('',(0.,1.,0.));
#7006=DIRECTION('',(0.,0.,-1.));
#7007=DIRECTION('',(-1.,0.,0.));
#7008=DIRECTION('',(0.,0.,1.));
#7009=DIRECTION('',(1.,0.,0.));
#7010=DIRECTION('',(0.,0.,-1.));
#7011=DIRECTION('',(0.,0.,1.));
#7012=DIRECTION('',(1.,0.,0.));
#7013=DIRECTION('',(0.,1.,0.));
#7014=DIRECTION('',(0.,0.,1.));
#7015=DIRECTION('',(1.,0.,0.));
#7016=DIRECTION('',(0.,0.,-1.));
#7017=DIRECTION('',(1.,0.,0.));
#7018=DIRECTION('',(0.,0.,-1.));
#7019=DIRECTION('',(-1.,0.,0.));
#7020=DIRECTION('',(0.,0.,1.));
#7021=DIRECTION('',(1.,0.,0.));
#7022=DIRECTION('',(0.,0.,-1.));
#7023=DIRECTION('',(0.,0.,1.));
#7024=DIRECTION('',(1.,0.,0.));
#7025=DIRECTION('',(1.,0.,0.));
#7026=DIRECTION('',(0.,0.,-1.));
#7027=DIRECTION('',(0.,-1.,0.));
#7028=DIRECTION('',(0.,0.,-1.));
#7029=DIRECTION('',(0.,-1.,0.));
#7030=DIRECTION('',(0.,0.,-1.));
#7031=DIRECTION('',(-1.,0.,0.));
#7032=DIRECTION('',(0.,0.,1.));
#7033=DIRECTION('',(1.,0.,0.));
#7034=DIRECTION('',(0.,0.,-1.));
#7035=DIRECTION('',(0.,0.,1.));
#7036=DIRECTION('',(1.,0.,0.));
#7037=DIRECTION('',(0.,0.,-1.));
#7038=DIRECTION('',(-1.,0.,0.));
#7039=DIRECTION('',(0.,0.,1.));
#7040=DIRECTION('',(1.,0.,0.));
#7041=DIRECTION('',(0.,0.,-1.));
#7042=DIRECTION('',(0.,0.,1.));
#7043=DIRECTION('',(1.,0.,0.));
#7044=DIRECTION('',(0.,0.,-1.));
#7045=DIRECTION('',(-1.,0.,0.));
#7046=DIRECTION('',(0.,0.,1.));
#7047=DIRECTION('',(0.,1.,0.));
#7048=DIRECTION('',(0.,0.,-1.));
#7049=DIRECTION('',(0.,1.,0.));
#7050=DIRECTION('',(0.,0.,-1.));
#7051=DIRECTION('',(-1.,0.,0.));
#7052=DIRECTION('',(0.,0.,1.));
#7053=DIRECTION('',(1.,0.,0.));
#7054=DIRECTION('',(0.,0.,-1.));
#7055=DIRECTION('',(0.,0.,1.));
#7056=DIRECTION('',(1.,0.,0.));
#7057=DIRECTION('',(0.,1.,0.));
#7058=DIRECTION('',(0.,0.,1.));
#7059=DIRECTION('',(1.,0.,0.));
#7060=DIRECTION('',(0.,0.,-1.));
#7061=DIRECTION('',(1.,0.,0.));
#7062=DIRECTION('',(0.,0.,-1.));
#7063=DIRECTION('',(-1.,0.,0.));
#7064=DIRECTION('',(0.,0.,1.));
#7065=DIRECTION('',(1.,0.,0.));
#7066=DIRECTION('',(0.,0.,-1.));
#7067=DIRECTION('',(0.,0.,1.));
#7068=DIRECTION('',(1.,0.,0.));
#7069=DIRECTION('',(1.,0.,0.));
#7070=DIRECTION('',(0.,0.,-1.));
#7071=DIRECTION('',(0.,-1.,0.));
#7072=DIRECTION('',(0.,0.,-1.));
#7073=DIRECTION('',(0.,-1.,0.));
#7074=DIRECTION('',(0.,0.,-1.));
#7075=DIRECTION('',(-1.,0.,0.));
#7076=DIRECTION('',(0.,0.,1.));
#7077=DIRECTION('',(1.,0.,0.));
#7078=DIRECTION('',(0.,0.,-1.));
#7079=DIRECTION('',(0.,0.,1.));
#7080=DIRECTION('',(1.,0.,0.));
#7081=DIRECTION('',(0.,0.,-1.));
#7082=DIRECTION('',(-1.,0.,0.));
#7083=DIRECTION('',(0.,0.,1.));
#7084=DIRECTION('',(1.,0.,0.));
#7085=DIRECTION('',(0.,0.,-1.));
#7086=DIRECTION('',(0.,0.,1.));
#7087=DIRECTION('',(1.,0.,0.));
#7088=DIRECTION('',(0.,0.,-1.));
#7089=DIRECTION('',(-1.,0.,0.));
#7090=DIRECTION('',(0.,0.,1.));
#7091=DIRECTION('',(0.,1.,0.));
#7092=DIRECTION('',(0.,0.,-1.));
#7093=DIRECTION('',(0.,1.,0.));
#7094=DIRECTION('',(0.,0.,-1.));
#7095=DIRECTION('',(-1.,0.,0.));
#7096=DIRECTION('',(0.,0.,1.));
#7097=DIRECTION('',(1.,0.,0.));
#7098=DIRECTION('',(0.,0.,-1.));
#7099=DIRECTION('',(0.,0.,1.));
#7100=DIRECTION('',(1.,0.,0.));
#7101=DIRECTION('',(0.,1.,0.));
#7102=DIRECTION('',(0.,0.,1.));
#7103=DIRECTION('',(1.,0.,0.));
#7104=DIRECTION('',(0.,0.,-1.));
#7105=DIRECTION('',(1.,0.,0.));
#7106=DIRECTION('',(0.,0.,-1.));
#7107=DIRECTION('',(-1.,0.,0.));
#7108=DIRECTION('',(0.,0.,1.));
#7109=DIRECTION('',(1.,0.,0.));
#7110=DIRECTION('',(0.,0.,-1.));
#7111=DIRECTION('',(0.,0.,1.));
#7112=DIRECTION('',(1.,0.,0.));
#7113=DIRECTION('',(1.,0.,0.));
#7114=DIRECTION('',(0.,0.,-1.));
#7115=DIRECTION('',(0.,-1.,0.));
#7116=DIRECTION('',(0.,0.,-1.));
#7117=DIRECTION('',(0.,-1.,0.));
#7118=DIRECTION('',(0.,0.,-1.));
#7119=DIRECTION('',(-1.,0.,0.));
#7120=DIRECTION('',(0.,0.,1.));
#7121=DIRECTION('',(1.,0.,0.));
#7122=DIRECTION('',(0.,0.,-1.));
#7123=DIRECTION('',(0.,0.,1.));
#7124=DIRECTION('',(1.,0.,0.));
#7125=DIRECTION('',(0.,0.,-1.));
#7126=DIRECTION('',(-1.,0.,0.));
#7127=DIRECTION('',(0.,0.,1.));
#7128=DIRECTION('',(1.,0.,0.));
#7129=DIRECTION('',(0.,0.,-1.));
#7130=DIRECTION('',(0.,0.,1.));
#7131=DIRECTION('',(1.,0.,0.));
#7132=DIRECTION('',(0.,0.,-1.));
#7133=DIRECTION('',(-1.,0.,0.));
#7134=DIRECTION('',(0.,0.,1.));
#7135=DIRECTION('',(0.,1.,0.));
#7136=DIRECTION('',(0.,0.,-1.));
#7137=DIRECTION('',(0.,1.,0.));
#7138=DIRECTION('',(0.,0.,-1.));
#7139=DIRECTION('',(-1.,0.,0.));
#7140=DIRECTION('',(0.,0.,1.));
#7141=DIRECTION('',(1.,0.,0.));
#7142=DIRECTION('',(0.,0.,-1.));
#7143=DIRECTION('',(0.,0.,1.));
#7144=DIRECTION('',(1.,0.,0.));
#7145=DIRECTION('',(0.,1.,0.));
#7146=DIRECTION('',(0.,0.,1.));
#7147=DIRECTION('',(1.,0.,0.));
#7148=DIRECTION('',(0.,0.,-1.));
#7149=DIRECTION('',(1.,0.,0.));
#7150=DIRECTION('',(0.,0.,-1.));
#7151=DIRECTION('',(-1.,0.,0.));
#7152=DIRECTION('',(0.,0.,1.));
#7153=DIRECTION('',(1.,0.,0.));
#7154=DIRECTION('',(0.,0.,-1.));
#7155=DIRECTION('',(0.,0.,1.));
#7156=DIRECTION('',(1.,0.,0.));
#7157=DIRECTION('',(1.,0.,0.));
#7158=DIRECTION('',(0.,0.,-1.));
#7159=DIRECTION('',(0.,-1.,0.));
#7160=DIRECTION('',(0.,0.,-1.));
#7161=DIRECTION('',(0.,-1.,0.));
#7162=DIRECTION('',(0.,0.,-1.));
#7163=DIRECTION('',(-1.,0.,0.));
#7164=DIRECTION('',(0.,0.,1.));
#7165=DIRECTION('',(1.,0.,0.));
#7166=DIRECTION('',(0.,0.,-1.));
#7167=DIRECTION('',(0.,0.,1.));
#7168=DIRECTION('',(1.,0.,0.));
#7169=DIRECTION('',(0.,0.,-1.));
#7170=DIRECTION('',(-1.,0.,0.));
#7171=DIRECTION('',(0.,0.,1.));
#7172=DIRECTION('',(1.,0.,0.));
#7173=DIRECTION('',(0.,0.,-1.));
#7174=DIRECTION('',(0.,0.,1.));
#7175=DIRECTION('',(1.,0.,0.));
#7176=DIRECTION('',(0.,0.,-1.));
#7177=DIRECTION('',(-1.,0.,0.));
#7178=DIRECTION('',(0.,0.,1.));
#7179=DIRECTION('',(0.,1.,0.));
#7180=DIRECTION('',(0.,0.,-1.));
#7181=DIRECTION('',(0.,1.,0.));
#7182=DIRECTION('',(0.,0.,-1.));
#7183=DIRECTION('',(-1.,0.,0.));
#7184=DIRECTION('',(0.,0.,1.));
#7185=DIRECTION('',(1.,0.,0.));
#7186=DIRECTION('',(0.,0.,-1.));
#7187=DIRECTION('',(0.,0.,1.));
#7188=DIRECTION('',(1.,0.,0.));
#7189=DIRECTION('',(0.,1.,0.));
#7190=DIRECTION('',(0.,0.,1.));
#7191=DIRECTION('',(1.,0.,0.));
#7192=DIRECTION('',(0.,0.,-1.));
#7193=DIRECTION('',(1.,0.,0.));
#7194=DIRECTION('',(0.,0.,-1.));
#7195=DIRECTION('',(-1.,0.,0.));
#7196=DIRECTION('',(0.,0.,1.));
#7197=DIRECTION('',(1.,0.,0.));
#7198=DIRECTION('',(0.,0.,-1.));
#7199=DIRECTION('',(0.,0.,1.));
#7200=DIRECTION('',(1.,0.,0.));
#7201=DIRECTION('',(1.,0.,0.));
#7202=DIRECTION('',(0.,0.,-1.));
#7203=DIRECTION('',(0.,-1.,0.));
#7204=DIRECTION('',(0.,0.,-1.));
#7205=DIRECTION('',(0.,-1.,0.));
#7206=DIRECTION('',(0.,0.,-1.));
#7207=DIRECTION('',(-1.,0.,0.));
#7208=DIRECTION('',(0.,0.,1.));
#7209=DIRECTION('',(1.,0.,0.));
#7210=DIRECTION('',(0.,0.,-1.));
#7211=DIRECTION('',(0.,0.,1.));
#7212=DIRECTION('',(1.,0.,0.));
#7213=DIRECTION('',(0.,0.,-1.));
#7214=DIRECTION('',(-1.,0.,0.));
#7215=DIRECTION('',(0.,0.,1.));
#7216=DIRECTION('',(1.,0.,0.));
#7217=DIRECTION('',(0.,0.,-1.));
#7218=DIRECTION('',(0.,0.,1.));
#7219=DIRECTION('',(1.,0.,0.));
#7220=DIRECTION('',(0.,0.,-1.));
#7221=DIRECTION('',(-0.866025402838329,0.500000001638709,0.));
#7222=DIRECTION('',(-0.500000001638709,-0.866025402838329,0.));
#7223=DIRECTION('',(0.500000001638709,0.866025402838329,0.));
#7224=DIRECTION('',(0.,0.,-1.));
#7225=DIRECTION('',(0.500000001638709,0.866025402838329,0.));
#7226=DIRECTION('',(0.,0.,-1.));
#7227=DIRECTION('',(-1.,0.,0.));
#7228=DIRECTION('',(0.,0.,1.));
#7229=DIRECTION('',(1.,0.,0.));
#7230=DIRECTION('',(0.,0.,-1.));
#7231=DIRECTION('',(0.,0.,1.));
#7232=DIRECTION('',(1.,0.,0.));
#7233=DIRECTION('',(0.50000000163871,0.866025402838329,0.));
#7234=DIRECTION('',(-0.866025402838329,0.50000000163871,0.));
#7235=DIRECTION('',(0.866025402838329,-0.50000000163871,0.));
#7236=DIRECTION('',(0.,0.,-1.));
#7237=DIRECTION('',(0.866025402838329,-0.50000000163871,0.));
#7238=DIRECTION('',(0.,0.,-1.));
#7239=DIRECTION('',(-1.,0.,0.));
#7240=DIRECTION('',(0.,0.,1.));
#7241=DIRECTION('',(1.,0.,0.));
#7242=DIRECTION('',(0.,0.,-1.));
#7243=DIRECTION('',(0.,0.,1.));
#7244=DIRECTION('',(1.,0.,0.));
#7245=DIRECTION('',(0.866025402838329,-0.50000000163871,0.));
#7246=DIRECTION('',(0.50000000163871,0.866025402838329,0.));
#7247=DIRECTION('',(-0.50000000163871,-0.866025402838329,0.));
#7248=DIRECTION('',(0.,0.,-1.));
#7249=DIRECTION('',(-0.50000000163871,-0.866025402838329,0.));
#7250=DIRECTION('',(0.,0.,-1.));
#7251=DIRECTION('',(-1.,0.,0.));
#7252=DIRECTION('',(0.,0.,1.));
#7253=DIRECTION('',(1.,0.,0.));
#7254=DIRECTION('',(0.,0.,-1.));
#7255=DIRECTION('',(0.,0.,1.));
#7256=DIRECTION('',(1.,0.,0.));
#7257=DIRECTION('',(-0.258819044963378,-0.965925826326351,0.));
#7258=DIRECTION('',(0.965925826326352,-0.258819044963378,0.));
#7259=DIRECTION('',(-0.965925826326351,0.258819044963378,0.));
#7260=DIRECTION('',(-0.965925826326351,0.258819044963378,0.));
#7261=DIRECTION('',(0.,-1.,0.));
#7262=DIRECTION('',(0.,0.,-1.));
#7263=DIRECTION('',(-1.,0.,0.));
#7264=DIRECTION('',(-1.,0.,0.));
#7265=DIRECTION('',(0.,-1.,0.));
#7266=DIRECTION('',(0.,0.,-1.));
#7267=DIRECTION('',(-1.,0.,0.));
#7268=DIRECTION('',(-1.,0.,0.));
#7269=DIRECTION('',(0.,-1.,0.));
#7270=DIRECTION('',(0.,0.,-1.));
#7271=DIRECTION('',(-1.,0.,0.));
#7272=DIRECTION('',(-1.,0.,0.));
#7273=DIRECTION('',(0.,-1.,0.));
#7274=DIRECTION('',(0.,0.,-1.));
#7275=DIRECTION('',(-1.,0.,0.));
#7276=DIRECTION('',(-1.,0.,0.));
#7277=DIRECTION('',(0.,-1.,0.));
#7278=DIRECTION('',(0.,0.,-1.));
#7279=DIRECTION('',(-1.,0.,0.));
#7280=DIRECTION('',(-1.,0.,0.));
#7281=DIRECTION('',(0.,-1.,0.));
#7282=DIRECTION('',(0.,0.,-1.));
#7283=DIRECTION('',(-1.,0.,0.));
#7284=DIRECTION('',(-1.,0.,0.));
#7285=DIRECTION('',(0.,-1.,0.));
#7286=DIRECTION('',(0.,0.,-1.));
#7287=DIRECTION('',(-1.,0.,0.));
#7288=DIRECTION('',(-1.,0.,0.));
#7289=DIRECTION('',(0.,-1.,0.));
#7290=DIRECTION('',(0.,0.,-1.));
#7291=DIRECTION('',(-1.,0.,0.));
#7292=DIRECTION('',(-1.,0.,0.));
#7293=DIRECTION('',(0.,-1.,0.));
#7294=DIRECTION('',(0.,0.,-1.));
#7295=DIRECTION('',(-1.,0.,0.));
#7296=DIRECTION('',(-1.,0.,0.));
#7297=DIRECTION('',(0.,-1.,0.));
#7298=DIRECTION('',(0.,0.,-1.));
#7299=DIRECTION('',(-1.,0.,0.));
#7300=DIRECTION('',(-1.,0.,0.));
#7301=DIRECTION('',(0.,-1.,0.));
#7302=DIRECTION('',(0.,0.,-1.));
#7303=DIRECTION('',(-1.,0.,0.));
#7304=DIRECTION('',(-1.,0.,0.));
#7305=DIRECTION('',(0.,-1.,0.));
#7306=DIRECTION('',(0.,0.,-1.));
#7307=DIRECTION('',(-1.,0.,0.));
#7308=DIRECTION('',(-1.,0.,0.));
#7309=DIRECTION('',(0.,-1.,0.));
#7310=DIRECTION('',(0.,0.,-1.));
#7311=DIRECTION('',(-1.,0.,0.));
#7312=DIRECTION('',(-1.,0.,0.));
#7313=DIRECTION('',(0.,-1.,0.));
#7314=DIRECTION('',(0.,0.,-1.));
#7315=DIRECTION('',(-1.,0.,0.));
#7316=DIRECTION('',(-1.,0.,0.));
#7317=DIRECTION('',(0.,-1.,0.));
#7318=DIRECTION('',(0.,0.,-1.));
#7319=DIRECTION('',(-1.,0.,0.));
#7320=DIRECTION('',(-1.,0.,0.));
#7321=DIRECTION('',(0.,-1.,0.));
#7322=DIRECTION('',(0.,0.,-1.));
#7323=DIRECTION('',(-1.,0.,0.));
#7324=DIRECTION('',(-1.,0.,0.));
#7325=DIRECTION('',(0.,-1.,0.));
#7326=DIRECTION('',(0.,0.,-1.));
#7327=DIRECTION('',(-1.,0.,0.));
#7328=DIRECTION('',(-1.,0.,0.));
#7329=DIRECTION('',(0.,-1.,0.));
#7330=DIRECTION('',(0.,0.,-1.));
#7331=DIRECTION('',(-1.,0.,0.));
#7332=DIRECTION('',(-1.,0.,0.));
#7333=DIRECTION('',(0.,-1.,0.));
#7334=DIRECTION('',(0.,0.,-1.));
#7335=DIRECTION('',(-1.,0.,0.));
#7336=DIRECTION('',(-1.,0.,0.));
#7337=DIRECTION('',(0.,-1.,0.));
#7338=DIRECTION('',(0.,0.,-1.));
#7339=DIRECTION('',(-1.,0.,0.));
#7340=DIRECTION('',(-1.,0.,0.));
#7341=DIRECTION('',(0.,-1.,0.));
#7342=DIRECTION('',(0.,0.,-1.));
#7343=DIRECTION('',(-1.,0.,0.));
#7344=DIRECTION('',(-1.,0.,0.));
#7345=DIRECTION('',(0.,-1.,0.));
#7346=DIRECTION('',(0.,0.,-1.));
#7347=DIRECTION('',(-1.,0.,0.));
#7348=DIRECTION('',(-1.,0.,0.));
#7349=DIRECTION('',(0.,-1.,0.));
#7350=DIRECTION('',(0.,0.,-1.));
#7351=DIRECTION('',(-1.,0.,0.));
#7352=DIRECTION('',(-1.,0.,0.));
#7353=DIRECTION('',(0.,-1.,0.));
#7354=DIRECTION('',(0.,0.,-1.));
#7355=DIRECTION('',(-1.,0.,0.));
#7356=DIRECTION('',(-1.,0.,0.));
#7357=DIRECTION('',(0.,-1.,0.));
#7358=DIRECTION('',(0.,0.,-1.));
#7359=DIRECTION('',(-1.,0.,0.));
#7360=DIRECTION('',(-1.,0.,0.));
#7361=DIRECTION('',(0.,-1.,0.));
#7362=DIRECTION('',(0.,0.,-1.));
#7363=DIRECTION('',(-1.,0.,0.));
#7364=DIRECTION('',(-1.,0.,0.));
#7365=DIRECTION('',(-0.500000001638709,-0.866025402838329,0.));
#7366=DIRECTION('',(0.866025402838329,-0.500000001638709,0.));
#7367=DIRECTION('',(-0.866025402838329,0.500000001638709,0.));
#7368=DIRECTION('',(-0.866025402838329,0.500000001638709,0.));
#7369=DIRECTION('',(0.,0.,-1.));
#7370=DIRECTION('',(-1.,0.,0.));
#7371=DIRECTION('',(0.,0.,1.));
#7372=DIRECTION('',(1.,0.,0.));
#7373=DIRECTION('',(0.,0.,1.));
#7374=DIRECTION('',(1.,0.,0.));
#7375=DIRECTION('',(0.,0.,1.));
#7376=DIRECTION('',(1.,0.,0.));
#7377=DIRECTION('',(0.,0.,1.));
#7378=DIRECTION('',(1.,0.,0.));
#7379=DIRECTION('',(0.,0.,1.));
#7380=DIRECTION('',(1.,0.,0.));
#7381=DIRECTION('',(0.,0.,1.));
#7382=DIRECTION('',(1.,0.,0.));
#7383=DIRECTION('',(0.,0.,1.));
#7384=DIRECTION('',(1.,0.,0.));
#7385=DIRECTION('',(0.,0.,1.));
#7386=DIRECTION('',(1.,0.,0.));
#7387=DIRECTION('',(0.,0.,1.));
#7388=DIRECTION('',(1.,0.,0.));
#7389=DIRECTION('',(0.,0.,1.));
#7390=DIRECTION('',(1.,0.,0.));
#7391=DIRECTION('',(0.,0.,1.));
#7392=DIRECTION('',(1.,0.,0.));
#7393=DIRECTION('',(0.,0.,1.));
#7394=DIRECTION('',(1.,0.,0.));
#7395=DIRECTION('',(0.,0.,1.));
#7396=DIRECTION('',(1.,0.,0.));
#7397=DIRECTION('',(0.,0.,1.));
#7398=DIRECTION('',(1.,0.,0.));
#7399=DIRECTION('',(0.,0.,1.));
#7400=DIRECTION('',(1.,0.,0.));
#7401=DIRECTION('',(0.,0.,1.));
#7402=DIRECTION('',(1.,0.,0.));
#7403=DIRECTION('',(0.,0.,1.));
#7404=DIRECTION('',(1.,0.,0.));
#7405=DIRECTION('',(0.,0.,1.));
#7406=DIRECTION('',(1.,0.,0.));
#7407=DIRECTION('',(0.,0.,1.));
#7408=DIRECTION('',(1.,0.,0.));
#7409=DIRECTION('',(0.,0.,1.));
#7410=DIRECTION('',(1.,0.,0.));
#7411=DIRECTION('',(0.,0.,1.));
#7412=DIRECTION('',(1.,0.,0.));
#7413=DIRECTION('',(0.,0.,1.));
#7414=DIRECTION('',(1.,0.,0.));
#7415=DIRECTION('',(0.,0.,1.));
#7416=DIRECTION('',(1.,0.,0.));
#7417=DIRECTION('',(0.,0.,1.));
#7418=DIRECTION('',(1.,0.,0.));
#7419=DIRECTION('',(0.,0.,1.));
#7420=DIRECTION('',(1.,0.,0.));
#7421=DIRECTION('',(0.,0.,1.));
#7422=DIRECTION('',(1.,0.,0.));
#7423=DIRECTION('',(0.,0.,1.));
#7424=DIRECTION('',(1.,0.,0.));
#7425=DIRECTION('',(0.,0.,1.));
#7426=DIRECTION('',(1.,0.,0.));
#7427=DIRECTION('',(0.,0.,1.));
#7428=DIRECTION('',(1.,0.,0.));
#7429=DIRECTION('',(0.,0.,1.));
#7430=DIRECTION('',(1.,0.,0.));
#7431=DIRECTION('',(0.,0.,1.));
#7432=DIRECTION('',(1.,0.,0.));
#7433=DIRECTION('',(0.,0.,1.));
#7434=DIRECTION('',(1.,0.,0.));
#7435=DIRECTION('',(0.,0.,1.));
#7436=DIRECTION('',(1.,0.,0.));
#7437=CARTESIAN_POINT('',(0.,0.,0.));
#7438=CARTESIAN_POINT('',(0.0485,0.01327910035,0.0016));
#7439=CARTESIAN_POINT('',(0.0475,0.01327910035,0.0016));
#7440=CARTESIAN_POINT('',(0.0475,0.01327910035,0.0006));
#7441=CARTESIAN_POINT('',(0.0475,0.01327910035,0.));
#7442=CARTESIAN_POINT('',(0.0485,0.01327910035,0.0006));
#7443=CARTESIAN_POINT('',(0.0485,0.01227910035,0.0006));
#7444=CARTESIAN_POINT('',(0.0485,0.01227910035,0.0016));
#7445=CARTESIAN_POINT('',(0.0485,0.01227910035,0.));
#7446=CARTESIAN_POINT('',(0.0485,0.01327910035,0.));
#7447=CARTESIAN_POINT('',(-0.0675,0.01027910035,0.0016));
#7448=CARTESIAN_POINT('',(-0.0675,0.01027910035,0.));
#7449=CARTESIAN_POINT('',(-0.0675,-0.02372089965,0.));
#7450=CARTESIAN_POINT('',(-0.0675,0.04427910035,0.));
#7451=CARTESIAN_POINT('',(-0.0675,-0.02372089965,0.0016));
#7452=CARTESIAN_POINT('',(-0.0675,-0.02372089965,0.0016));
#7453=CARTESIAN_POINT('',(-0.0675,0.01027910035,0.0016));
#7454=CARTESIAN_POINT('',(-0.0675,0.04427910035,0.0016));
#7455=CARTESIAN_POINT('',(-0.0675,0.04427910035,0.0016));
#7456=CARTESIAN_POINT('',(-0.0625,-0.02372089965,0.0016));
#7457=CARTESIAN_POINT('',(-0.0625,-0.02372089965,0.));
#7458=CARTESIAN_POINT('',(-0.0625,-0.02872089965,0.));
#7459=CARTESIAN_POINT('',(-0.0625,-0.02872089965,0.0016));
#7460=CARTESIAN_POINT('',(-0.0625,-0.02872089965,0.0016));
#7461=CARTESIAN_POINT('',(-0.0625,-0.02372089965,0.0016));
#7462=CARTESIAN_POINT('',(-0.03699685365,-0.02872089965,0.0016));
#7463=CARTESIAN_POINT('',(-0.03699685365,-0.02872089965,0.));
#7464=CARTESIAN_POINT('',(-0.0114937073,-0.02872089965,0.));
#7465=CARTESIAN_POINT('',(-0.0114937073,-0.02872089965,0.0016));
#7466=CARTESIAN_POINT('',(-0.0114937073,-0.02872089965,0.0016));
#7467=CARTESIAN_POINT('',(-0.03699685365,-0.02872089965,0.0016));
#7468=CARTESIAN_POINT('',(-0.0114937073,-0.03372089965,0.0016));
#7469=CARTESIAN_POINT('',(-0.0114937073,-0.03372089965,0.));
#7470=CARTESIAN_POINT('',(-0.00708630729999999,-0.03135979265,0.));
#7471=CARTESIAN_POINT('',(-0.00708630729999999,-0.03135979265,0.0016));
#7472=CARTESIAN_POINT('',(-0.00708630729999999,-0.03135979265,0.0016));
#7473=CARTESIAN_POINT('',(-0.0114937073,-0.03372089965,0.0016));
#7474=CARTESIAN_POINT('',(-0.00460903805,-0.03598402855,0.0016));
#7475=CARTESIAN_POINT('',(-0.00460903805,-0.03598402855,0.));
#7476=CARTESIAN_POINT('',(-0.00213176880824705,-0.0406082644041179,0.));
#7477=CARTESIAN_POINT('',(-0.00213176880824705,-0.0406082644041179,0.0016));
#7478=CARTESIAN_POINT('',(-0.00213176880824705,-0.0406082644041179,0.0016));
#7479=CARTESIAN_POINT('',(-0.00460903805,-0.03598402855,0.0016));
#7480=CARTESIAN_POINT('',(0.00227563110000001,-0.03824715745,0.0016));
#7481=CARTESIAN_POINT('',(0.00227563110000001,-0.03824715745,0.));
#7482=CARTESIAN_POINT('',(0.00135578409999997,-0.04316181735,0.));
#7483=CARTESIAN_POINT('',(0.00135578409999997,-0.04316181735,0.0016));
#7484=CARTESIAN_POINT('',(0.00135578409999997,-0.04316181735,0.0016));
#7485=CARTESIAN_POINT('',(0.00227563110000001,-0.03824715745,0.0016));
#7486=CARTESIAN_POINT('',(0.01882760175,-0.04643191055,0.0016));
#7487=CARTESIAN_POINT('',(0.01882760175,-0.04643191055,0.));
#7488=CARTESIAN_POINT('',(0.0362994193734632,-0.0497020037893982,0.));
#7489=CARTESIAN_POINT('',(0.0362994193734632,-0.0497020037893982,0.0016));
#7490=CARTESIAN_POINT('',(0.0362994193734632,-0.0497020037893982,0.0016));
#7491=CARTESIAN_POINT('',(0.01882760175,-0.04643191055,0.0016));
#7492=CARTESIAN_POINT('',(0.0353795724000001,-0.0546166636499999,0.0016));
#7493=CARTESIAN_POINT('',(0.0353795724000001,-0.0546166636499999,0.));
#7494=CARTESIAN_POINT('',(0.0378795724,-0.05028653665,0.));
#7495=CARTESIAN_POINT('',(0.0378795724,-0.05028653665,0.0016));
#7496=CARTESIAN_POINT('',(0.0378795724,-0.05028653665,0.0016));
#7497=CARTESIAN_POINT('',(0.0353795724000001,-0.0546166636499999,0.0016));
#7498=CARTESIAN_POINT('',(0.04335518315,-0.053447882,0.0016));
#7499=CARTESIAN_POINT('',(0.04335518315,-0.053447882,0.));
#7500=CARTESIAN_POINT('',(0.0488307938924425,-0.0566092273645589,0.));
#7501=CARTESIAN_POINT('',(0.0488307938924425,-0.0566092273645589,0.0016));
#7502=CARTESIAN_POINT('',(0.0488307938924425,-0.0566092273645589,0.0016));
#7503=CARTESIAN_POINT('',(0.04335518315,-0.053447882,0.0016));
#7504=CARTESIAN_POINT('',(0.0513307939,-0.05227910035,0.0016));
#7505=CARTESIAN_POINT('',(0.0513307939,-0.05227910035,0.));
#7506=CARTESIAN_POINT('',(0.0556609209,-0.05477910035,0.));
#7507=CARTESIAN_POINT('',(0.0556609209,-0.05477910035,0.0016));
#7508=CARTESIAN_POINT('',(0.0556609209,-0.05477910035,0.0016));
#7509=CARTESIAN_POINT('',(0.0513307939,-0.05227910035,0.0016));
#7510=CARTESIAN_POINT('',(0.06124552395,-0.04510628415,0.0016));
#7511=CARTESIAN_POINT('',(0.06124552395,-0.04510628415,0.));
#7512=CARTESIAN_POINT('',(0.0668301270145589,-0.0354334679575575,0.));
#7513=CARTESIAN_POINT('',(0.0668301270145589,-0.0354334679575575,0.0016));
#7514=CARTESIAN_POINT('',(0.0668301270145589,-0.0354334679575575,0.0016));
#7515=CARTESIAN_POINT('',(0.06124552395,-0.04510628415,0.0016));
#7516=CARTESIAN_POINT('',(0.0625,-0.03293346795,0.0016));
#7517=CARTESIAN_POINT('',(0.0625,-0.03293346795,0.));
#7518=CARTESIAN_POINT('',(0.0675,-0.03293346795,0.));
#7519=CARTESIAN_POINT('',(0.0675,-0.03293346795,0.0016));
#7520=CARTESIAN_POINT('',(0.0675,-0.03293346795,0.0016));
#7521=CARTESIAN_POINT('',(0.0625,-0.03293346795,0.0016));
#7522=CARTESIAN_POINT('',(0.0675,-0.0103271838,0.0016));
#7523=CARTESIAN_POINT('',(0.0675,-0.0103271838,0.));
#7524=CARTESIAN_POINT('',(0.0675,0.01227910035,0.));
#7525=CARTESIAN_POINT('',(0.0675,0.01227910035,0.0016));
#7526=CARTESIAN_POINT('',(0.0675,0.01227910035,0.0006));
#7527=CARTESIAN_POINT('',(0.0675,0.0298076226416555,0.0006));
#7528=CARTESIAN_POINT('',(0.0675,0.047336144933311,0.0006));
#7529=CARTESIAN_POINT('',(0.0675,0.047336144933311,0.0006));
#7530=CARTESIAN_POINT('',(0.0675,0.047336144933311,0.0016));
#7531=CARTESIAN_POINT('',(0.0675,-0.0103271838,0.0016));
#7532=CARTESIAN_POINT('',(0.058,0.01227910035,0.0016));
#7533=CARTESIAN_POINT('',(0.0575,0.01227910035,0.0006));
#7534=CARTESIAN_POINT('',(0.058,0.01227910035,0.));
#7535=CARTESIAN_POINT('',(0.0475,0.03277910035,0.0016));
#7536=CARTESIAN_POINT('',(0.0475,0.05227910035,0.0016));
#7537=CARTESIAN_POINT('',(0.0475,0.05227910035,0.0006));
#7538=CARTESIAN_POINT('',(0.0475,0.05227910035,0.));
#7539=CARTESIAN_POINT('',(0.0475,0.03227910035,0.0006));
#7540=CARTESIAN_POINT('',(0.0475,0.03277910035,0.));
#7541=CARTESIAN_POINT('',(0.0402855339,0.05227910035,0.0016));
#7542=CARTESIAN_POINT('',(0.0402855339,0.05227910035,0.));
#7543=CARTESIAN_POINT('',(0.0330710678,0.05227910035,0.));
#7544=CARTESIAN_POINT('',(0.0330710678,0.05227910035,0.0016));
#7545=CARTESIAN_POINT('',(0.0330710678,0.05227910035,0.0016));
#7546=CARTESIAN_POINT('',(0.0402855339,0.05227910035,0.0016));
#7547=CARTESIAN_POINT('',(0.062557044583311,0.05227910035,0.0016));
#7548=CARTESIAN_POINT('',(0.062557044583311,0.05227910035,0.0006));
#7549=CARTESIAN_POINT('',(0.062557044583311,0.05227910035,0.0006));
#7550=CARTESIAN_POINT('',(0.0550285222916555,0.05227910035,0.0006));
#7551=CARTESIAN_POINT('',(0.0330710678,0.05727910035,0.0016));
#7552=CARTESIAN_POINT('',(0.0330710678,0.05727910035,0.));
#7553=CARTESIAN_POINT('',(0.0295355338940673,0.0537435664440673,0.));
#7554=CARTESIAN_POINT('',(0.0295355338940673,0.0537435664440673,0.0016));
#7555=CARTESIAN_POINT('',(0.0295355338940673,0.0537435664440673,0.0016));
#7556=CARTESIAN_POINT('',(0.0330710678,0.05727910035,0.0016));
#7557=CARTESIAN_POINT('',(0.0285,0.05477910035,0.0016));
#7558=CARTESIAN_POINT('',(0.0285,0.05477910035,0.));
#7559=CARTESIAN_POINT('',(0.0274644661,0.05581463425,0.));
#7560=CARTESIAN_POINT('',(0.0274644661,0.05581463425,0.0016));
#7561=CARTESIAN_POINT('',(0.0274644661,0.05581463425,0.0016));
#7562=CARTESIAN_POINT('',(0.0285,0.05477910035,0.0016));
#7563=CARTESIAN_POINT('',(0.0239289322,0.05227910035,0.0016));
#7564=CARTESIAN_POINT('',(0.0239289322,0.05227910035,0.));
#7565=CARTESIAN_POINT('',(0.0239289322,0.05727910035,0.));
#7566=CARTESIAN_POINT('',(0.0239289322,0.05727910035,0.0016));
#7567=CARTESIAN_POINT('',(0.0239289322,0.05727910035,0.0016));
#7568=CARTESIAN_POINT('',(0.0239289322,0.05227910035,0.0016));
#7569=CARTESIAN_POINT('',(0.000350085199999995,0.05727910035,0.0016));
#7570=CARTESIAN_POINT('',(0.000350085199999995,0.05727910035,0.));
#7571=CARTESIAN_POINT('',(-0.0232287618,0.05727910035,0.));
#7572=CARTESIAN_POINT('',(-0.0232287618,0.05727910035,0.0016));
#7573=CARTESIAN_POINT('',(-0.0232287618,0.05727910035,0.0016));
#7574=CARTESIAN_POINT('',(0.000350085199999995,0.05727910035,0.0016));
#7575=CARTESIAN_POINT('',(-0.0232287618,0.05227910035,0.0016));
#7576=CARTESIAN_POINT('',(-0.0232287618,0.05227910035,0.));
#7577=CARTESIAN_POINT('',(-0.0274687534036514,0.0549290949162145,0.));
#7578=CARTESIAN_POINT('',(-0.0274687534036514,0.0549290949162145,0.0016));
#7579=CARTESIAN_POINT('',(-0.0274687534036514,0.0549290949162145,0.0016));
#7580=CARTESIAN_POINT('',(-0.0232287618,0.05227910035,0.0016));
#7581=CARTESIAN_POINT('',(-0.0285,0.05327910035,0.0016));
#7582=CARTESIAN_POINT('',(-0.0285,0.05327910035,0.));
#7583=CARTESIAN_POINT('',(-0.0295312466,0.05162910575,0.));
#7584=CARTESIAN_POINT('',(-0.0295312466,0.05162910575,0.0016));
#7585=CARTESIAN_POINT('',(-0.0295312466,0.05162910575,0.0016));
#7586=CARTESIAN_POINT('',(-0.0285,0.05327910035,0.0016));
#7587=CARTESIAN_POINT('',(-0.0337712382,0.05427910035,0.0016));
#7588=CARTESIAN_POINT('',(-0.0337712382,0.05427910035,0.));
#7589=CARTESIAN_POINT('',(-0.0337712382,0.04927910035,0.));
#7590=CARTESIAN_POINT('',(-0.0337712382,0.04927910035,0.0016));
#7591=CARTESIAN_POINT('',(-0.0337712382,0.04927910035,0.0016));
#7592=CARTESIAN_POINT('',(-0.0337712382,0.05427910035,0.0016));
#7593=CARTESIAN_POINT('',(-0.0481356191,0.04927910035,0.0016));
#7594=CARTESIAN_POINT('',(-0.0481356191,0.04927910035,0.));
#7595=CARTESIAN_POINT('',(-0.0625,0.04927910035,0.));
#7596=CARTESIAN_POINT('',(-0.0625,0.04927910035,0.0016));
#7597=CARTESIAN_POINT('',(-0.0625,0.04927910035,0.0016));
#7598=CARTESIAN_POINT('',(-0.0481356191,0.04927910035,0.0016));
#7599=CARTESIAN_POINT('',(0.0387108417,-0.03062470555,0.0016));
#7600=CARTESIAN_POINT('',(0.0387108417,-0.03062470555,0.));
#7601=CARTESIAN_POINT('',(0.0391938046,-0.03075411505,0.));
#7602=CARTESIAN_POINT('',(0.0388402512,-0.03014174265,0.));
#7603=CARTESIAN_POINT('',(0.0391938046,-0.03075411505,0.0016));
#7604=CARTESIAN_POINT('',(0.0391938046,-0.03075411505,0.0016));
#7605=CARTESIAN_POINT('',(0.0387108417,-0.03062470555,0.0016));
#7606=CARTESIAN_POINT('',(0.0388402512,-0.03014174265,0.0016));
#7607=CARTESIAN_POINT('',(0.0388402512,-0.03014174265,0.0016));
#7608=CARTESIAN_POINT('',(0.0375114808,-0.03703263295,0.0016));
#7609=CARTESIAN_POINT('',(0.0375114808,-0.03703263295,0.));
#7610=CARTESIAN_POINT('',(0.0358291570178877,-0.0433111508548498,0.));
#7611=CARTESIAN_POINT('',(0.0358291570178877,-0.0433111508548498,0.0016));
#7612=CARTESIAN_POINT('',(0.0358291570178877,-0.0433111508548498,0.0016));
#7613=CARTESIAN_POINT('',(0.0375114808,-0.03703263295,0.0016));
#7614=CARTESIAN_POINT('',(0.0353461941,-0.04318174135,0.0016));
#7615=CARTESIAN_POINT('',(0.0353461941,-0.04318174135,0.));
#7616=CARTESIAN_POINT('',(0.0352167846,-0.04366470425,0.));
#7617=CARTESIAN_POINT('',(0.0352167846,-0.04366470425,0.0016));
#7618=CARTESIAN_POINT('',(0.0352167846,-0.04366470425,0.0016));
#7619=CARTESIAN_POINT('',(0.0353461941,-0.04318174135,0.0016));
#7620=CARTESIAN_POINT('',(0.0289382667,-0.04198238045,0.0016));
#7621=CARTESIAN_POINT('',(0.0289382667,-0.04198238045,0.));
#7622=CARTESIAN_POINT('',(0.0226597487951502,-0.0403000566678876,0.));
#7623=CARTESIAN_POINT('',(0.0226597487951502,-0.0403000566678876,0.0016));
#7624=CARTESIAN_POINT('',(0.0226597487951502,-0.0403000566678876,0.0016));
#7625=CARTESIAN_POINT('',(0.0289382667,-0.04198238045,0.0016));
#7626=CARTESIAN_POINT('',(0.0227891583,-0.03981709375,0.0016));
#7627=CARTESIAN_POINT('',(0.0227891583,-0.03981709375,0.));
#7628=CARTESIAN_POINT('',(0.0223061953821124,-0.0396876842451502,0.));
#7629=CARTESIAN_POINT('',(0.0223061953821124,-0.0396876842451502,0.0016));
#7630=CARTESIAN_POINT('',(0.0223061953821124,-0.0396876842451502,0.0016));
#7631=CARTESIAN_POINT('',(0.0227891583,-0.03981709375,0.0016));
#7632=CARTESIAN_POINT('',(0.0239885192,-0.03340916635,0.0016));
#7633=CARTESIAN_POINT('',(0.0239885192,-0.03340916635,0.));
#7634=CARTESIAN_POINT('',(0.025670843,-0.02713064845,0.));
#7635=CARTESIAN_POINT('',(0.025670843,-0.02713064845,0.0016));
#7636=CARTESIAN_POINT('',(0.025670843,-0.02713064845,0.0016));
#7637=CARTESIAN_POINT('',(0.0239885192,-0.03340916635,0.0016));
#7638=CARTESIAN_POINT('',(0.0261538059,-0.02726005795,0.0016));
#7639=CARTESIAN_POINT('',(0.0261538059,-0.02726005795,0.));
#7640=CARTESIAN_POINT('',(0.0262832154048497,-0.0267770950321124,0.));
#7641=CARTESIAN_POINT('',(0.0262832154048497,-0.0267770950321124,0.0016));
#7642=CARTESIAN_POINT('',(0.0262832154048497,-0.0267770950321124,0.0016));
#7643=CARTESIAN_POINT('',(0.0261538059,-0.02726005795,0.0016));
#7644=CARTESIAN_POINT('',(-0.0505,-0.01172089965,0.0016));
#7645=CARTESIAN_POINT('',(-0.0505,-0.01172089965,0.));
#7646=CARTESIAN_POINT('',(-0.05,-0.01172089965,0.));
#7647=CARTESIAN_POINT('',(-0.0505,-0.01122089965,0.));
#7648=CARTESIAN_POINT('',(-0.05,-0.01172089965,0.0016));
#7649=CARTESIAN_POINT('',(-0.05,-0.01172089965,0.0016));
#7650=CARTESIAN_POINT('',(-0.0505,-0.01172089965,0.0016));
#7651=CARTESIAN_POINT('',(-0.0505,-0.01122089965,0.0016));
#7652=CARTESIAN_POINT('',(-0.0505,-0.01122089965,0.0016));
#7653=CARTESIAN_POINT('',(-0.05,-0.01822089965,0.0016));
#7654=CARTESIAN_POINT('',(-0.05,-0.01822089965,0.));
#7655=CARTESIAN_POINT('',(-0.05,-0.02472089965,0.));
#7656=CARTESIAN_POINT('',(-0.05,-0.02472089965,0.0016));
#7657=CARTESIAN_POINT('',(-0.05,-0.02472089965,0.0016));
#7658=CARTESIAN_POINT('',(-0.05,-0.01822089965,0.0016));
#7659=CARTESIAN_POINT('',(-0.0505,-0.02472089965,0.0016));
#7660=CARTESIAN_POINT('',(-0.0505,-0.02472089965,0.));
#7661=CARTESIAN_POINT('',(-0.0505,-0.02522089965,0.));
#7662=CARTESIAN_POINT('',(-0.0505,-0.02522089965,0.0016));
#7663=CARTESIAN_POINT('',(-0.0505,-0.02522089965,0.0016));
#7664=CARTESIAN_POINT('',(-0.0505,-0.02472089965,0.0016));
#7665=CARTESIAN_POINT('',(-0.057,-0.02522089965,0.0016));
#7666=CARTESIAN_POINT('',(-0.057,-0.02522089965,0.));
#7667=CARTESIAN_POINT('',(-0.0635,-0.02522089965,0.));
#7668=CARTESIAN_POINT('',(-0.0635,-0.02522089965,0.0016));
#7669=CARTESIAN_POINT('',(-0.0635,-0.02522089965,0.0016));
#7670=CARTESIAN_POINT('',(-0.057,-0.02522089965,0.0016));
#7671=CARTESIAN_POINT('',(-0.0635,-0.02472089965,0.0016));
#7672=CARTESIAN_POINT('',(-0.0635,-0.02472089965,0.));
#7673=CARTESIAN_POINT('',(-0.064,-0.02472089965,0.));
#7674=CARTESIAN_POINT('',(-0.064,-0.02472089965,0.0016));
#7675=CARTESIAN_POINT('',(-0.064,-0.02472089965,0.0016));
#7676=CARTESIAN_POINT('',(-0.0635,-0.02472089965,0.0016));
#7677=CARTESIAN_POINT('',(-0.064,-0.01822089965,0.0016));
#7678=CARTESIAN_POINT('',(-0.064,-0.01822089965,0.));
#7679=CARTESIAN_POINT('',(-0.064,-0.01172089965,0.));
#7680=CARTESIAN_POINT('',(-0.064,-0.01172089965,0.0016));
#7681=CARTESIAN_POINT('',(-0.064,-0.01172089965,0.0016));
#7682=CARTESIAN_POINT('',(-0.064,-0.01822089965,0.0016));
#7683=CARTESIAN_POINT('',(-0.0635,-0.01172089965,0.0016));
#7684=CARTESIAN_POINT('',(-0.0635,-0.01172089965,0.));
#7685=CARTESIAN_POINT('',(-0.0635,-0.01122089965,0.));
#7686=CARTESIAN_POINT('',(-0.0635,-0.01122089965,0.0016));
#7687=CARTESIAN_POINT('',(-0.0635,-0.01122089965,0.0016));
#7688=CARTESIAN_POINT('',(-0.0635,-0.01172089965,0.0016));
#7689=CARTESIAN_POINT('',(-0.0505,0.00727910035000001,0.0016));
#7690=CARTESIAN_POINT('',(-0.0505,0.00727910035000001,0.));
#7691=CARTESIAN_POINT('',(-0.05,0.00727910034999999,0.));
#7692=CARTESIAN_POINT('',(-0.0505,0.00777910034999999,0.));
#7693=CARTESIAN_POINT('',(-0.05,0.00727910034999999,0.0016));
#7694=CARTESIAN_POINT('',(-0.05,0.00727910034999999,0.0016));
#7695=CARTESIAN_POINT('',(-0.0505,0.00727910035000001,0.0016));
#7696=CARTESIAN_POINT('',(-0.0505,0.00777910034999999,0.0016));
#7697=CARTESIAN_POINT('',(-0.0505,0.00777910034999999,0.0016));
#7698=CARTESIAN_POINT('',(-0.05,0.000779100349999994,0.0016));
#7699=CARTESIAN_POINT('',(-0.05,0.000779100349999994,0.));
#7700=CARTESIAN_POINT('',(-0.05,-0.00572089965000001,0.));
#7701=CARTESIAN_POINT('',(-0.05,-0.00572089965000001,0.0016));
#7702=CARTESIAN_POINT('',(-0.05,-0.00572089965000001,0.0016));
#7703=CARTESIAN_POINT('',(-0.05,0.000779100349999994,0.0016));
#7704=CARTESIAN_POINT('',(-0.0505,-0.00572089965000002,0.0016));
#7705=CARTESIAN_POINT('',(-0.0505,-0.00572089965000002,0.));
#7706=CARTESIAN_POINT('',(-0.0505,-0.00622089965000001,0.));
#7707=CARTESIAN_POINT('',(-0.0505,-0.00622089965000001,0.0016));
#7708=CARTESIAN_POINT('',(-0.0505,-0.00622089965000001,0.0016));
#7709=CARTESIAN_POINT('',(-0.0505,-0.00572089965000002,0.0016));
#7710=CARTESIAN_POINT('',(-0.057,-0.00622089965000001,0.0016));
#7711=CARTESIAN_POINT('',(-0.057,-0.00622089965000001,0.));
#7712=CARTESIAN_POINT('',(-0.0635,-0.00622089965000001,0.));
#7713=CARTESIAN_POINT('',(-0.0635,-0.00622089965000001,0.0016));
#7714=CARTESIAN_POINT('',(-0.0635,-0.00622089965000001,0.0016));
#7715=CARTESIAN_POINT('',(-0.057,-0.00622089965000001,0.0016));
#7716=CARTESIAN_POINT('',(-0.0635,-0.00572089965000001,0.0016));
#7717=CARTESIAN_POINT('',(-0.0635,-0.00572089965000001,0.));
#7718=CARTESIAN_POINT('',(-0.064,-0.00572089965000001,0.));
#7719=CARTESIAN_POINT('',(-0.064,-0.00572089965000001,0.0016));
#7720=CARTESIAN_POINT('',(-0.064,-0.00572089965000001,0.0016));
#7721=CARTESIAN_POINT('',(-0.0635,-0.00572089965000001,0.0016));
#7722=CARTESIAN_POINT('',(-0.064,0.000779100349999993,0.0016));
#7723=CARTESIAN_POINT('',(-0.064,0.000779100349999993,0.));
#7724=CARTESIAN_POINT('',(-0.064,0.00727910034999999,0.));
#7725=CARTESIAN_POINT('',(-0.064,0.00727910034999999,0.0016));
#7726=CARTESIAN_POINT('',(-0.064,0.00727910034999999,0.0016));
#7727=CARTESIAN_POINT('',(-0.064,0.000779100349999993,0.0016));
#7728=CARTESIAN_POINT('',(-0.0635,0.00727910034999999,0.0016));
#7729=CARTESIAN_POINT('',(-0.0635,0.00727910034999999,0.));
#7730=CARTESIAN_POINT('',(-0.0635,0.00777910034999999,0.));
#7731=CARTESIAN_POINT('',(-0.0635,0.00777910034999999,0.0016));
#7732=CARTESIAN_POINT('',(-0.0635,0.00777910034999999,0.0016));
#7733=CARTESIAN_POINT('',(-0.0635,0.00727910034999999,0.0016));
#7734=CARTESIAN_POINT('',(-0.0505,0.02627910035,0.0016));
#7735=CARTESIAN_POINT('',(-0.0505,0.02627910035,0.));
#7736=CARTESIAN_POINT('',(-0.05,0.02627910035,0.));
#7737=CARTESIAN_POINT('',(-0.0505,0.02677910035,0.));
#7738=CARTESIAN_POINT('',(-0.05,0.02627910035,0.0016));
#7739=CARTESIAN_POINT('',(-0.05,0.02627910035,0.0016));
#7740=CARTESIAN_POINT('',(-0.0505,0.02627910035,0.0016));
#7741=CARTESIAN_POINT('',(-0.0505,0.02677910035,0.0016));
#7742=CARTESIAN_POINT('',(-0.0505,0.02677910035,0.0016));
#7743=CARTESIAN_POINT('',(-0.05,0.01977910035,0.0016));
#7744=CARTESIAN_POINT('',(-0.05,0.01977910035,0.));
#7745=CARTESIAN_POINT('',(-0.05,0.01327910035,0.));
#7746=CARTESIAN_POINT('',(-0.05,0.01327910035,0.0016));
#7747=CARTESIAN_POINT('',(-0.05,0.01327910035,0.0016));
#7748=CARTESIAN_POINT('',(-0.05,0.01977910035,0.0016));
#7749=CARTESIAN_POINT('',(-0.0505,0.01327910035,0.0016));
#7750=CARTESIAN_POINT('',(-0.0505,0.01327910035,0.));
#7751=CARTESIAN_POINT('',(-0.0505,0.01277910035,0.));
#7752=CARTESIAN_POINT('',(-0.0505,0.01277910035,0.0016));
#7753=CARTESIAN_POINT('',(-0.0505,0.01277910035,0.0016));
#7754=CARTESIAN_POINT('',(-0.0505,0.01327910035,0.0016));
#7755=CARTESIAN_POINT('',(-0.057,0.01277910035,0.0016));
#7756=CARTESIAN_POINT('',(-0.057,0.01277910035,0.));
#7757=CARTESIAN_POINT('',(-0.0635,0.01277910035,0.));
#7758=CARTESIAN_POINT('',(-0.0635,0.01277910035,0.0016));
#7759=CARTESIAN_POINT('',(-0.0635,0.01277910035,0.0016));
#7760=CARTESIAN_POINT('',(-0.057,0.01277910035,0.0016));
#7761=CARTESIAN_POINT('',(-0.0635,0.01327910035,0.0016));
#7762=CARTESIAN_POINT('',(-0.0635,0.01327910035,0.));
#7763=CARTESIAN_POINT('',(-0.064,0.01327910035,0.));
#7764=CARTESIAN_POINT('',(-0.064,0.01327910035,0.0016));
#7765=CARTESIAN_POINT('',(-0.064,0.01327910035,0.0016));
#7766=CARTESIAN_POINT('',(-0.0635,0.01327910035,0.0016));
#7767=CARTESIAN_POINT('',(-0.064,0.01977910035,0.0016));
#7768=CARTESIAN_POINT('',(-0.064,0.01977910035,0.));
#7769=CARTESIAN_POINT('',(-0.064,0.02627910035,0.));
#7770=CARTESIAN_POINT('',(-0.064,0.02627910035,0.0016));
#7771=CARTESIAN_POINT('',(-0.064,0.02627910035,0.0016));
#7772=CARTESIAN_POINT('',(-0.064,0.01977910035,0.0016));
#7773=CARTESIAN_POINT('',(-0.0635,0.02627910035,0.0016));
#7774=CARTESIAN_POINT('',(-0.0635,0.02627910035,0.));
#7775=CARTESIAN_POINT('',(-0.0635,0.02677910035,0.));
#7776=CARTESIAN_POINT('',(-0.0635,0.02677910035,0.0016));
#7777=CARTESIAN_POINT('',(-0.0635,0.02677910035,0.0016));
#7778=CARTESIAN_POINT('',(-0.0635,0.02627910035,0.0016));
#7779=CARTESIAN_POINT('',(-0.0505,0.04527910035,0.0016));
#7780=CARTESIAN_POINT('',(-0.0505,0.04527910035,0.));
#7781=CARTESIAN_POINT('',(-0.05,0.04527910035,0.));
#7782=CARTESIAN_POINT('',(-0.0505,0.04577910035,0.));
#7783=CARTESIAN_POINT('',(-0.05,0.04527910035,0.0016));
#7784=CARTESIAN_POINT('',(-0.05,0.04527910035,0.0016));
#7785=CARTESIAN_POINT('',(-0.0505,0.04527910035,0.0016));
#7786=CARTESIAN_POINT('',(-0.0505,0.04577910035,0.0016));
#7787=CARTESIAN_POINT('',(-0.0505,0.04577910035,0.0016));
#7788=CARTESIAN_POINT('',(-0.05,0.03877910035,0.0016));
#7789=CARTESIAN_POINT('',(-0.05,0.03877910035,0.));
#7790=CARTESIAN_POINT('',(-0.05,0.03227910035,0.));
#7791=CARTESIAN_POINT('',(-0.05,0.03227910035,0.0016));
#7792=CARTESIAN_POINT('',(-0.05,0.03227910035,0.0016));
#7793=CARTESIAN_POINT('',(-0.05,0.03877910035,0.0016));
#7794=CARTESIAN_POINT('',(-0.0505,0.03227910035,0.0016));
#7795=CARTESIAN_POINT('',(-0.0505,0.03227910035,0.));
#7796=CARTESIAN_POINT('',(-0.0505,0.03177910035,0.));
#7797=CARTESIAN_POINT('',(-0.0505,0.03177910035,0.0016));
#7798=CARTESIAN_POINT('',(-0.0505,0.03177910035,0.0016));
#7799=CARTESIAN_POINT('',(-0.0505,0.03227910035,0.0016));
#7800=CARTESIAN_POINT('',(-0.057,0.03177910035,0.0016));
#7801=CARTESIAN_POINT('',(-0.057,0.03177910035,0.));
#7802=CARTESIAN_POINT('',(-0.0635,0.03177910035,0.));
#7803=CARTESIAN_POINT('',(-0.0635,0.03177910035,0.0016));
#7804=CARTESIAN_POINT('',(-0.0635,0.03177910035,0.0016));
#7805=CARTESIAN_POINT('',(-0.057,0.03177910035,0.0016));
#7806=CARTESIAN_POINT('',(-0.0635,0.03227910035,0.0016));
#7807=CARTESIAN_POINT('',(-0.0635,0.03227910035,0.));
#7808=CARTESIAN_POINT('',(-0.064,0.03227910035,0.));
#7809=CARTESIAN_POINT('',(-0.064,0.03227910035,0.0016));
#7810=CARTESIAN_POINT('',(-0.064,0.03227910035,0.0016));
#7811=CARTESIAN_POINT('',(-0.0635,0.03227910035,0.0016));
#7812=CARTESIAN_POINT('',(-0.064,0.03877910035,0.0016));
#7813=CARTESIAN_POINT('',(-0.064,0.03877910035,0.));
#7814=CARTESIAN_POINT('',(-0.064,0.04527910035,0.));
#7815=CARTESIAN_POINT('',(-0.064,0.04527910035,0.0016));
#7816=CARTESIAN_POINT('',(-0.064,0.04527910035,0.0016));
#7817=CARTESIAN_POINT('',(-0.064,0.03877910035,0.0016));
#7818=CARTESIAN_POINT('',(-0.0635,0.04527910035,0.0016));
#7819=CARTESIAN_POINT('',(-0.0635,0.04527910035,0.));
#7820=CARTESIAN_POINT('',(-0.0635,0.04577910035,0.));
#7821=CARTESIAN_POINT('',(-0.0635,0.04577910035,0.0016));
#7822=CARTESIAN_POINT('',(-0.0635,0.04577910035,0.0016));
#7823=CARTESIAN_POINT('',(-0.0635,0.04527910035,0.0016));
#7824=CARTESIAN_POINT('',(-0.0315,-0.01172089965,0.0016));
#7825=CARTESIAN_POINT('',(-0.0315,-0.01172089965,0.));
#7826=CARTESIAN_POINT('',(-0.031,-0.01172089965,0.));
#7827=CARTESIAN_POINT('',(-0.0315,-0.01122089965,0.));
#7828=CARTESIAN_POINT('',(-0.031,-0.01172089965,0.0016));
#7829=CARTESIAN_POINT('',(-0.031,-0.01172089965,0.0016));
#7830=CARTESIAN_POINT('',(-0.0315,-0.01172089965,0.0016));
#7831=CARTESIAN_POINT('',(-0.0315,-0.01122089965,0.0016));
#7832=CARTESIAN_POINT('',(-0.0315,-0.01122089965,0.0016));
#7833=CARTESIAN_POINT('',(-0.031,-0.01822089965,0.0016));
#7834=CARTESIAN_POINT('',(-0.031,-0.01822089965,0.));
#7835=CARTESIAN_POINT('',(-0.031,-0.02472089965,0.));
#7836=CARTESIAN_POINT('',(-0.031,-0.02472089965,0.0016));
#7837=CARTESIAN_POINT('',(-0.031,-0.02472089965,0.0016));
#7838=CARTESIAN_POINT('',(-0.031,-0.01822089965,0.0016));
#7839=CARTESIAN_POINT('',(-0.0315,-0.02472089965,0.0016));
#7840=CARTESIAN_POINT('',(-0.0315,-0.02472089965,0.));
#7841=CARTESIAN_POINT('',(-0.0315,-0.02522089965,0.));
#7842=CARTESIAN_POINT('',(-0.0315,-0.02522089965,0.0016));
#7843=CARTESIAN_POINT('',(-0.0315,-0.02522089965,0.0016));
#7844=CARTESIAN_POINT('',(-0.0315,-0.02472089965,0.0016));
#7845=CARTESIAN_POINT('',(-0.038,-0.02522089965,0.0016));
#7846=CARTESIAN_POINT('',(-0.038,-0.02522089965,0.));
#7847=CARTESIAN_POINT('',(-0.0445,-0.02522089965,0.));
#7848=CARTESIAN_POINT('',(-0.0445,-0.02522089965,0.0016));
#7849=CARTESIAN_POINT('',(-0.0445,-0.02522089965,0.0016));
#7850=CARTESIAN_POINT('',(-0.038,-0.02522089965,0.0016));
#7851=CARTESIAN_POINT('',(-0.0445,-0.02472089965,0.0016));
#7852=CARTESIAN_POINT('',(-0.0445,-0.02472089965,0.));
#7853=CARTESIAN_POINT('',(-0.045,-0.02472089965,0.));
#7854=CARTESIAN_POINT('',(-0.045,-0.02472089965,0.0016));
#7855=CARTESIAN_POINT('',(-0.045,-0.02472089965,0.0016));
#7856=CARTESIAN_POINT('',(-0.0445,-0.02472089965,0.0016));
#7857=CARTESIAN_POINT('',(-0.045,-0.01822089965,0.0016));
#7858=CARTESIAN_POINT('',(-0.045,-0.01822089965,0.));
#7859=CARTESIAN_POINT('',(-0.045,-0.01172089965,0.));
#7860=CARTESIAN_POINT('',(-0.045,-0.01172089965,0.0016));
#7861=CARTESIAN_POINT('',(-0.045,-0.01172089965,0.0016));
#7862=CARTESIAN_POINT('',(-0.045,-0.01822089965,0.0016));
#7863=CARTESIAN_POINT('',(-0.0445,-0.01172089965,0.0016));
#7864=CARTESIAN_POINT('',(-0.0445,-0.01172089965,0.));
#7865=CARTESIAN_POINT('',(-0.0445,-0.01122089965,0.));
#7866=CARTESIAN_POINT('',(-0.0445,-0.01122089965,0.0016));
#7867=CARTESIAN_POINT('',(-0.0445,-0.01122089965,0.0016));
#7868=CARTESIAN_POINT('',(-0.0445,-0.01172089965,0.0016));
#7869=CARTESIAN_POINT('',(-0.0315,0.00727910035,0.0016));
#7870=CARTESIAN_POINT('',(-0.0315,0.00727910035,0.));
#7871=CARTESIAN_POINT('',(-0.031,0.00727910034999999,0.));
#7872=CARTESIAN_POINT('',(-0.0315,0.00777910034999999,0.));
#7873=CARTESIAN_POINT('',(-0.031,0.00727910034999999,0.0016));
#7874=CARTESIAN_POINT('',(-0.031,0.00727910034999999,0.0016));
#7875=CARTESIAN_POINT('',(-0.0315,0.00727910035,0.0016));
#7876=CARTESIAN_POINT('',(-0.0315,0.00777910034999999,0.0016));
#7877=CARTESIAN_POINT('',(-0.0315,0.00777910034999999,0.0016));
#7878=CARTESIAN_POINT('',(-0.031,0.000779100349999994,0.0016));
#7879=CARTESIAN_POINT('',(-0.031,0.000779100349999994,0.));
#7880=CARTESIAN_POINT('',(-0.031,-0.00572089965000001,0.));
#7881=CARTESIAN_POINT('',(-0.031,-0.00572089965000001,0.0016));
#7882=CARTESIAN_POINT('',(-0.031,-0.00572089965000001,0.0016));
#7883=CARTESIAN_POINT('',(-0.031,0.000779100349999994,0.0016));
#7884=CARTESIAN_POINT('',(-0.0315,-0.00572089965000001,0.0016));
#7885=CARTESIAN_POINT('',(-0.0315,-0.00572089965000001,0.));
#7886=CARTESIAN_POINT('',(-0.0315,-0.00622089965000001,0.));
#7887=CARTESIAN_POINT('',(-0.0315,-0.00622089965000001,0.0016));
#7888=CARTESIAN_POINT('',(-0.0315,-0.00622089965000001,0.0016));
#7889=CARTESIAN_POINT('',(-0.0315,-0.00572089965000001,0.0016));
#7890=CARTESIAN_POINT('',(-0.038,-0.00622089965000001,0.0016));
#7891=CARTESIAN_POINT('',(-0.038,-0.00622089965000001,0.));
#7892=CARTESIAN_POINT('',(-0.0445,-0.00622089965000001,0.));
#7893=CARTESIAN_POINT('',(-0.0445,-0.00622089965000001,0.0016));
#7894=CARTESIAN_POINT('',(-0.0445,-0.00622089965000001,0.0016));
#7895=CARTESIAN_POINT('',(-0.038,-0.00622089965000001,0.0016));
#7896=CARTESIAN_POINT('',(-0.0445,-0.00572089965,0.0016));
#7897=CARTESIAN_POINT('',(-0.0445,-0.00572089965,0.));
#7898=CARTESIAN_POINT('',(-0.045,-0.00572089965000001,0.));
#7899=CARTESIAN_POINT('',(-0.045,-0.00572089965000001,0.0016));
#7900=CARTESIAN_POINT('',(-0.045,-0.00572089965000001,0.0016));
#7901=CARTESIAN_POINT('',(-0.0445,-0.00572089965,0.0016));
#7902=CARTESIAN_POINT('',(-0.045,0.000779100349999993,0.0016));
#7903=CARTESIAN_POINT('',(-0.045,0.000779100349999993,0.));
#7904=CARTESIAN_POINT('',(-0.045,0.00727910034999999,0.));
#7905=CARTESIAN_POINT('',(-0.045,0.00727910034999999,0.0016));
#7906=CARTESIAN_POINT('',(-0.045,0.00727910034999999,0.0016));
#7907=CARTESIAN_POINT('',(-0.045,0.000779100349999993,0.0016));
#7908=CARTESIAN_POINT('',(-0.0445,0.00727910034999998,0.0016));
#7909=CARTESIAN_POINT('',(-0.0445,0.00727910034999998,0.));
#7910=CARTESIAN_POINT('',(-0.0445,0.00777910034999999,0.));
#7911=CARTESIAN_POINT('',(-0.0445,0.00777910034999999,0.0016));
#7912=CARTESIAN_POINT('',(-0.0445,0.00777910034999999,0.0016));
#7913=CARTESIAN_POINT('',(-0.0445,0.00727910034999998,0.0016));
#7914=CARTESIAN_POINT('',(-0.0315,0.02627910035,0.0016));
#7915=CARTESIAN_POINT('',(-0.0315,0.02627910035,0.));
#7916=CARTESIAN_POINT('',(-0.031,0.02627910035,0.));
#7917=CARTESIAN_POINT('',(-0.0315,0.02677910035,0.));
#7918=CARTESIAN_POINT('',(-0.031,0.02627910035,0.0016));
#7919=CARTESIAN_POINT('',(-0.031,0.02627910035,0.0016));
#7920=CARTESIAN_POINT('',(-0.0315,0.02627910035,0.0016));
#7921=CARTESIAN_POINT('',(-0.0315,0.02677910035,0.0016));
#7922=CARTESIAN_POINT('',(-0.0315,0.02677910035,0.0016));
#7923=CARTESIAN_POINT('',(-0.031,0.01977910035,0.0016));
#7924=CARTESIAN_POINT('',(-0.031,0.01977910035,0.));
#7925=CARTESIAN_POINT('',(-0.031,0.01327910035,0.));
#7926=CARTESIAN_POINT('',(-0.031,0.01327910035,0.0016));
#7927=CARTESIAN_POINT('',(-0.031,0.01327910035,0.0016));
#7928=CARTESIAN_POINT('',(-0.031,0.01977910035,0.0016));
#7929=CARTESIAN_POINT('',(-0.0315,0.01327910035,0.0016));
#7930=CARTESIAN_POINT('',(-0.0315,0.01327910035,0.));
#7931=CARTESIAN_POINT('',(-0.0315,0.01277910035,0.));
#7932=CARTESIAN_POINT('',(-0.0315,0.01277910035,0.0016));
#7933=CARTESIAN_POINT('',(-0.0315,0.01277910035,0.0016));
#7934=CARTESIAN_POINT('',(-0.0315,0.01327910035,0.0016));
#7935=CARTESIAN_POINT('',(-0.038,0.01277910035,0.0016));
#7936=CARTESIAN_POINT('',(-0.038,0.01277910035,0.));
#7937=CARTESIAN_POINT('',(-0.0445,0.01277910035,0.));
#7938=CARTESIAN_POINT('',(-0.0445,0.01277910035,0.0016));
#7939=CARTESIAN_POINT('',(-0.0445,0.01277910035,0.0016));
#7940=CARTESIAN_POINT('',(-0.038,0.01277910035,0.0016));
#7941=CARTESIAN_POINT('',(-0.0445,0.01327910035,0.0016));
#7942=CARTESIAN_POINT('',(-0.0445,0.01327910035,0.));
#7943=CARTESIAN_POINT('',(-0.045,0.01327910035,0.));
#7944=CARTESIAN_POINT('',(-0.045,0.01327910035,0.0016));
#7945=CARTESIAN_POINT('',(-0.045,0.01327910035,0.0016));
#7946=CARTESIAN_POINT('',(-0.0445,0.01327910035,0.0016));
#7947=CARTESIAN_POINT('',(-0.045,0.01977910035,0.0016));
#7948=CARTESIAN_POINT('',(-0.045,0.01977910035,0.));
#7949=CARTESIAN_POINT('',(-0.045,0.02627910035,0.));
#7950=CARTESIAN_POINT('',(-0.045,0.02627910035,0.0016));
#7951=CARTESIAN_POINT('',(-0.045,0.02627910035,0.0016));
#7952=CARTESIAN_POINT('',(-0.045,0.01977910035,0.0016));
#7953=CARTESIAN_POINT('',(-0.0445,0.02627910035,0.0016));
#7954=CARTESIAN_POINT('',(-0.0445,0.02627910035,0.));
#7955=CARTESIAN_POINT('',(-0.0445,0.02677910035,0.));
#7956=CARTESIAN_POINT('',(-0.0445,0.02677910035,0.0016));
#7957=CARTESIAN_POINT('',(-0.0445,0.02677910035,0.0016));
#7958=CARTESIAN_POINT('',(-0.0445,0.02627910035,0.0016));
#7959=CARTESIAN_POINT('',(-0.0315,0.04527910035,0.0016));
#7960=CARTESIAN_POINT('',(-0.0315,0.04527910035,0.));
#7961=CARTESIAN_POINT('',(-0.031,0.04527910035,0.));
#7962=CARTESIAN_POINT('',(-0.0315,0.04577910035,0.));
#7963=CARTESIAN_POINT('',(-0.031,0.04527910035,0.0016));
#7964=CARTESIAN_POINT('',(-0.031,0.04527910035,0.0016));
#7965=CARTESIAN_POINT('',(-0.0315,0.04527910035,0.0016));
#7966=CARTESIAN_POINT('',(-0.0315,0.04577910035,0.0016));
#7967=CARTESIAN_POINT('',(-0.0315,0.04577910035,0.0016));
#7968=CARTESIAN_POINT('',(-0.031,0.03877910035,0.0016));
#7969=CARTESIAN_POINT('',(-0.031,0.03877910035,0.));
#7970=CARTESIAN_POINT('',(-0.031,0.03227910035,0.));
#7971=CARTESIAN_POINT('',(-0.031,0.03227910035,0.0016));
#7972=CARTESIAN_POINT('',(-0.031,0.03227910035,0.0016));
#7973=CARTESIAN_POINT('',(-0.031,0.03877910035,0.0016));
#7974=CARTESIAN_POINT('',(-0.0315,0.03227910035,0.0016));
#7975=CARTESIAN_POINT('',(-0.0315,0.03227910035,0.));
#7976=CARTESIAN_POINT('',(-0.0315,0.03177910035,0.));
#7977=CARTESIAN_POINT('',(-0.0315,0.03177910035,0.0016));
#7978=CARTESIAN_POINT('',(-0.0315,0.03177910035,0.0016));
#7979=CARTESIAN_POINT('',(-0.0315,0.03227910035,0.0016));
#7980=CARTESIAN_POINT('',(-0.038,0.03177910035,0.0016));
#7981=CARTESIAN_POINT('',(-0.038,0.03177910035,0.));
#7982=CARTESIAN_POINT('',(-0.0445,0.03177910035,0.));
#7983=CARTESIAN_POINT('',(-0.0445,0.03177910035,0.0016));
#7984=CARTESIAN_POINT('',(-0.0445,0.03177910035,0.0016));
#7985=CARTESIAN_POINT('',(-0.038,0.03177910035,0.0016));
#7986=CARTESIAN_POINT('',(-0.0445,0.03227910035,0.0016));
#7987=CARTESIAN_POINT('',(-0.0445,0.03227910035,0.));
#7988=CARTESIAN_POINT('',(-0.045,0.03227910035,0.));
#7989=CARTESIAN_POINT('',(-0.045,0.03227910035,0.0016));
#7990=CARTESIAN_POINT('',(-0.045,0.03227910035,0.0016));
#7991=CARTESIAN_POINT('',(-0.0445,0.03227910035,0.0016));
#7992=CARTESIAN_POINT('',(-0.045,0.03877910035,0.0016));
#7993=CARTESIAN_POINT('',(-0.045,0.03877910035,0.));
#7994=CARTESIAN_POINT('',(-0.045,0.04527910035,0.));
#7995=CARTESIAN_POINT('',(-0.045,0.04527910035,0.0016));
#7996=CARTESIAN_POINT('',(-0.045,0.04527910035,0.0016));
#7997=CARTESIAN_POINT('',(-0.045,0.03877910035,0.0016));
#7998=CARTESIAN_POINT('',(-0.0445,0.04527910035,0.0016));
#7999=CARTESIAN_POINT('',(-0.0445,0.04527910035,0.));
#8000=CARTESIAN_POINT('',(-0.0445,0.04577910035,0.));
#8001=CARTESIAN_POINT('',(-0.0445,0.04577910035,0.0016));
#8002=CARTESIAN_POINT('',(-0.0445,0.04577910035,0.0016));
#8003=CARTESIAN_POINT('',(-0.0445,0.04527910035,0.0016));
#8004=CARTESIAN_POINT('',(-0.0125,-0.00672089965000001,0.0016));
#8005=CARTESIAN_POINT('',(-0.0125,-0.00672089965000001,0.));
#8006=CARTESIAN_POINT('',(-0.012,-0.00672089965000001,0.));
#8007=CARTESIAN_POINT('',(-0.0125,-0.00622089965000001,0.));
#8008=CARTESIAN_POINT('',(-0.012,-0.00672089965000001,0.0016));
#8009=CARTESIAN_POINT('',(-0.012,-0.00672089965000001,0.0016));
#8010=CARTESIAN_POINT('',(-0.0125,-0.00672089965000001,0.0016));
#8011=CARTESIAN_POINT('',(-0.0125,-0.00622089965000001,0.0016));
#8012=CARTESIAN_POINT('',(-0.0125,-0.00622089965000001,0.0016));
#8013=CARTESIAN_POINT('',(-0.012,-0.01322089965,0.0016));
#8014=CARTESIAN_POINT('',(-0.012,-0.01322089965,0.));
#8015=CARTESIAN_POINT('',(-0.012,-0.01972089965,0.));
#8016=CARTESIAN_POINT('',(-0.012,-0.01972089965,0.0016));
#8017=CARTESIAN_POINT('',(-0.012,-0.01972089965,0.0016));
#8018=CARTESIAN_POINT('',(-0.012,-0.01322089965,0.0016));
#8019=CARTESIAN_POINT('',(-0.0125,-0.01972089965,0.0016));
#8020=CARTESIAN_POINT('',(-0.0125,-0.01972089965,0.));
#8021=CARTESIAN_POINT('',(-0.0125,-0.02022089965,0.));
#8022=CARTESIAN_POINT('',(-0.0125,-0.02022089965,0.0016));
#8023=CARTESIAN_POINT('',(-0.0125,-0.02022089965,0.0016));
#8024=CARTESIAN_POINT('',(-0.0125,-0.01972089965,0.0016));
#8025=CARTESIAN_POINT('',(-0.019,-0.02022089965,0.0016));
#8026=CARTESIAN_POINT('',(-0.019,-0.02022089965,0.));
#8027=CARTESIAN_POINT('',(-0.0255,-0.02022089965,0.));
#8028=CARTESIAN_POINT('',(-0.0255,-0.02022089965,0.0016));
#8029=CARTESIAN_POINT('',(-0.0255,-0.02022089965,0.0016));
#8030=CARTESIAN_POINT('',(-0.019,-0.02022089965,0.0016));
#8031=CARTESIAN_POINT('',(-0.0255,-0.01972089965,0.0016));
#8032=CARTESIAN_POINT('',(-0.0255,-0.01972089965,0.));
#8033=CARTESIAN_POINT('',(-0.026,-0.01972089965,0.));
#8034=CARTESIAN_POINT('',(-0.026,-0.01972089965,0.0016));
#8035=CARTESIAN_POINT('',(-0.026,-0.01972089965,0.0016));
#8036=CARTESIAN_POINT('',(-0.0255,-0.01972089965,0.0016));
#8037=CARTESIAN_POINT('',(-0.026,-0.01322089965,0.0016));
#8038=CARTESIAN_POINT('',(-0.026,-0.01322089965,0.));
#8039=CARTESIAN_POINT('',(-0.026,-0.00672089965000001,0.));
#8040=CARTESIAN_POINT('',(-0.026,-0.00672089965000001,0.0016));
#8041=CARTESIAN_POINT('',(-0.026,-0.00672089965000001,0.0016));
#8042=CARTESIAN_POINT('',(-0.026,-0.01322089965,0.0016));
#8043=CARTESIAN_POINT('',(-0.0255,-0.00672089965000001,0.0016));
#8044=CARTESIAN_POINT('',(-0.0255,-0.00672089965000001,0.));
#8045=CARTESIAN_POINT('',(-0.0255,-0.00622089965000001,0.));
#8046=CARTESIAN_POINT('',(-0.0255,-0.00622089965000001,0.0016));
#8047=CARTESIAN_POINT('',(-0.0255,-0.00622089965000001,0.0016));
#8048=CARTESIAN_POINT('',(-0.0255,-0.00672089965000001,0.0016));
#8049=CARTESIAN_POINT('',(-0.0125,0.01227910035,0.0016));
#8050=CARTESIAN_POINT('',(-0.0125,0.01227910035,0.));
#8051=CARTESIAN_POINT('',(-0.012,0.01227910035,0.));
#8052=CARTESIAN_POINT('',(-0.0125,0.01277910035,0.));
#8053=CARTESIAN_POINT('',(-0.012,0.01227910035,0.0016));
#8054=CARTESIAN_POINT('',(-0.012,0.01227910035,0.0016));
#8055=CARTESIAN_POINT('',(-0.0125,0.01227910035,0.0016));
#8056=CARTESIAN_POINT('',(-0.0125,0.01277910035,0.0016));
#8057=CARTESIAN_POINT('',(-0.0125,0.01277910035,0.0016));
#8058=CARTESIAN_POINT('',(-0.012,0.00577910034999999,0.0016));
#8059=CARTESIAN_POINT('',(-0.012,0.00577910034999999,0.));
#8060=CARTESIAN_POINT('',(-0.012,-0.000720899650000007,0.));
#8061=CARTESIAN_POINT('',(-0.012,-0.000720899650000007,0.0016));
#8062=CARTESIAN_POINT('',(-0.012,-0.000720899650000007,0.0016));
#8063=CARTESIAN_POINT('',(-0.012,0.00577910034999999,0.0016));
#8064=CARTESIAN_POINT('',(-0.0125,-0.000720899650000007,0.0016));
#8065=CARTESIAN_POINT('',(-0.0125,-0.000720899650000007,0.));
#8066=CARTESIAN_POINT('',(-0.0125,-0.00122089965000001,0.));
#8067=CARTESIAN_POINT('',(-0.0125,-0.00122089965000001,0.0016));
#8068=CARTESIAN_POINT('',(-0.0125,-0.00122089965000001,0.0016));
#8069=CARTESIAN_POINT('',(-0.0125,-0.000720899650000007,0.0016));
#8070=CARTESIAN_POINT('',(-0.019,-0.00122089965000001,0.0016));
#8071=CARTESIAN_POINT('',(-0.019,-0.00122089965000001,0.));
#8072=CARTESIAN_POINT('',(-0.0255,-0.00122089965000001,0.));
#8073=CARTESIAN_POINT('',(-0.0255,-0.00122089965000001,0.0016));
#8074=CARTESIAN_POINT('',(-0.0255,-0.00122089965000001,0.0016));
#8075=CARTESIAN_POINT('',(-0.019,-0.00122089965000001,0.0016));
#8076=CARTESIAN_POINT('',(-0.0255,-0.000720899650000007,0.0016));
#8077=CARTESIAN_POINT('',(-0.0255,-0.000720899650000007,0.));
#8078=CARTESIAN_POINT('',(-0.026,-0.000720899650000007,0.));
#8079=CARTESIAN_POINT('',(-0.026,-0.000720899650000007,0.0016));
#8080=CARTESIAN_POINT('',(-0.026,-0.000720899650000007,0.0016));
#8081=CARTESIAN_POINT('',(-0.0255,-0.000720899650000007,0.0016));
#8082=CARTESIAN_POINT('',(-0.026,0.00577910034999999,0.0016));
#8083=CARTESIAN_POINT('',(-0.026,0.00577910034999999,0.));
#8084=CARTESIAN_POINT('',(-0.026,0.01227910035,0.));
#8085=CARTESIAN_POINT('',(-0.026,0.01227910035,0.0016));
#8086=CARTESIAN_POINT('',(-0.026,0.01227910035,0.0016));
#8087=CARTESIAN_POINT('',(-0.026,0.00577910034999999,0.0016));
#8088=CARTESIAN_POINT('',(-0.0255,0.01227910035,0.0016));
#8089=CARTESIAN_POINT('',(-0.0255,0.01227910035,0.));
#8090=CARTESIAN_POINT('',(-0.0255,0.01277910035,0.));
#8091=CARTESIAN_POINT('',(-0.0255,0.01277910035,0.0016));
#8092=CARTESIAN_POINT('',(-0.0255,0.01277910035,0.0016));
#8093=CARTESIAN_POINT('',(-0.0255,0.01227910035,0.0016));
#8094=CARTESIAN_POINT('',(-0.0125,0.03127910035,0.0016));
#8095=CARTESIAN_POINT('',(-0.0125,0.03127910035,0.));
#8096=CARTESIAN_POINT('',(-0.012,0.03127910035,0.));
#8097=CARTESIAN_POINT('',(-0.0125,0.03177910035,0.));
#8098=CARTESIAN_POINT('',(-0.012,0.03127910035,0.0016));
#8099=CARTESIAN_POINT('',(-0.012,0.03127910035,0.0016));
#8100=CARTESIAN_POINT('',(-0.0125,0.03127910035,0.0016));
#8101=CARTESIAN_POINT('',(-0.0125,0.03177910035,0.0016));
#8102=CARTESIAN_POINT('',(-0.0125,0.03177910035,0.0016));
#8103=CARTESIAN_POINT('',(-0.012,0.02477910035,0.0016));
#8104=CARTESIAN_POINT('',(-0.012,0.02477910035,0.));
#8105=CARTESIAN_POINT('',(-0.012,0.01827910035,0.));
#8106=CARTESIAN_POINT('',(-0.012,0.01827910035,0.0016));
#8107=CARTESIAN_POINT('',(-0.012,0.01827910035,0.0016));
#8108=CARTESIAN_POINT('',(-0.012,0.02477910035,0.0016));
#8109=CARTESIAN_POINT('',(-0.0125,0.01827910035,0.0016));
#8110=CARTESIAN_POINT('',(-0.0125,0.01827910035,0.));
#8111=CARTESIAN_POINT('',(-0.0125,0.01777910035,0.));
#8112=CARTESIAN_POINT('',(-0.0125,0.01777910035,0.0016));
#8113=CARTESIAN_POINT('',(-0.0125,0.01777910035,0.0016));
#8114=CARTESIAN_POINT('',(-0.0125,0.01827910035,0.0016));
#8115=CARTESIAN_POINT('',(-0.019,0.01777910035,0.0016));
#8116=CARTESIAN_POINT('',(-0.019,0.01777910035,0.));
#8117=CARTESIAN_POINT('',(-0.0255,0.01777910035,0.));
#8118=CARTESIAN_POINT('',(-0.0255,0.01777910035,0.0016));
#8119=CARTESIAN_POINT('',(-0.0255,0.01777910035,0.0016));
#8120=CARTESIAN_POINT('',(-0.019,0.01777910035,0.0016));
#8121=CARTESIAN_POINT('',(-0.0255,0.01827910035,0.0016));
#8122=CARTESIAN_POINT('',(-0.0255,0.01827910035,0.));
#8123=CARTESIAN_POINT('',(-0.026,0.01827910035,0.));
#8124=CARTESIAN_POINT('',(-0.026,0.01827910035,0.0016));
#8125=CARTESIAN_POINT('',(-0.026,0.01827910035,0.0016));
#8126=CARTESIAN_POINT('',(-0.0255,0.01827910035,0.0016));
#8127=CARTESIAN_POINT('',(-0.026,0.02477910035,0.0016));
#8128=CARTESIAN_POINT('',(-0.026,0.02477910035,0.));
#8129=CARTESIAN_POINT('',(-0.026,0.03127910035,0.));
#8130=CARTESIAN_POINT('',(-0.026,0.03127910035,0.0016));
#8131=CARTESIAN_POINT('',(-0.026,0.03127910035,0.0016));
#8132=CARTESIAN_POINT('',(-0.026,0.02477910035,0.0016));
#8133=CARTESIAN_POINT('',(-0.0255,0.03127910035,0.0016));
#8134=CARTESIAN_POINT('',(-0.0255,0.03127910035,0.));
#8135=CARTESIAN_POINT('',(-0.0255,0.03177910035,0.));
#8136=CARTESIAN_POINT('',(-0.0255,0.03177910035,0.0016));
#8137=CARTESIAN_POINT('',(-0.0255,0.03177910035,0.0016));
#8138=CARTESIAN_POINT('',(-0.0255,0.03127910035,0.0016));
#8139=CARTESIAN_POINT('',(-0.0125,0.05027910035,0.0016));
#8140=CARTESIAN_POINT('',(-0.0125,0.05027910035,0.));
#8141=CARTESIAN_POINT('',(-0.012,0.05027910035,0.));
#8142=CARTESIAN_POINT('',(-0.0125,0.05077910035,0.));
#8143=CARTESIAN_POINT('',(-0.012,0.05027910035,0.0016));
#8144=CARTESIAN_POINT('',(-0.012,0.05027910035,0.0016));
#8145=CARTESIAN_POINT('',(-0.0125,0.05027910035,0.0016));
#8146=CARTESIAN_POINT('',(-0.0125,0.05077910035,0.0016));
#8147=CARTESIAN_POINT('',(-0.0125,0.05077910035,0.0016));
#8148=CARTESIAN_POINT('',(-0.012,0.04377910035,0.0016));
#8149=CARTESIAN_POINT('',(-0.012,0.04377910035,0.));
#8150=CARTESIAN_POINT('',(-0.012,0.03727910035,0.));
#8151=CARTESIAN_POINT('',(-0.012,0.03727910035,0.0016));
#8152=CARTESIAN_POINT('',(-0.012,0.03727910035,0.0016));
#8153=CARTESIAN_POINT('',(-0.012,0.04377910035,0.0016));
#8154=CARTESIAN_POINT('',(-0.0125,0.03727910035,0.0016));
#8155=CARTESIAN_POINT('',(-0.0125,0.03727910035,0.));
#8156=CARTESIAN_POINT('',(-0.0125,0.03677910035,0.));
#8157=CARTESIAN_POINT('',(-0.0125,0.03677910035,0.0016));
#8158=CARTESIAN_POINT('',(-0.0125,0.03677910035,0.0016));
#8159=CARTESIAN_POINT('',(-0.0125,0.03727910035,0.0016));
#8160=CARTESIAN_POINT('',(-0.019,0.03677910035,0.0016));
#8161=CARTESIAN_POINT('',(-0.019,0.03677910035,0.));
#8162=CARTESIAN_POINT('',(-0.0255,0.03677910035,0.));
#8163=CARTESIAN_POINT('',(-0.0255,0.03677910035,0.0016));
#8164=CARTESIAN_POINT('',(-0.0255,0.03677910035,0.0016));
#8165=CARTESIAN_POINT('',(-0.019,0.03677910035,0.0016));
#8166=CARTESIAN_POINT('',(-0.0255,0.03727910035,0.0016));
#8167=CARTESIAN_POINT('',(-0.0255,0.03727910035,0.));
#8168=CARTESIAN_POINT('',(-0.026,0.03727910035,0.));
#8169=CARTESIAN_POINT('',(-0.026,0.03727910035,0.0016));
#8170=CARTESIAN_POINT('',(-0.026,0.03727910035,0.0016));
#8171=CARTESIAN_POINT('',(-0.0255,0.03727910035,0.0016));
#8172=CARTESIAN_POINT('',(-0.026,0.04377910035,0.0016));
#8173=CARTESIAN_POINT('',(-0.026,0.04377910035,0.));
#8174=CARTESIAN_POINT('',(-0.026,0.05027910035,0.));
#8175=CARTESIAN_POINT('',(-0.026,0.05027910035,0.0016));
#8176=CARTESIAN_POINT('',(-0.026,0.05027910035,0.0016));
#8177=CARTESIAN_POINT('',(-0.026,0.04377910035,0.0016));
#8178=CARTESIAN_POINT('',(-0.0255,0.05027910035,0.0016));
#8179=CARTESIAN_POINT('',(-0.0255,0.05027910035,0.));
#8180=CARTESIAN_POINT('',(-0.0255,0.05077910035,0.));
#8181=CARTESIAN_POINT('',(-0.0255,0.05077910035,0.0016));
#8182=CARTESIAN_POINT('',(-0.0255,0.05077910035,0.0016));
#8183=CARTESIAN_POINT('',(-0.0255,0.05027910035,0.0016));
#8184=CARTESIAN_POINT('',(0.0065,-0.00372089965000001,0.0016));
#8185=CARTESIAN_POINT('',(0.0065,-0.00372089965000001,0.));
#8186=CARTESIAN_POINT('',(0.007,-0.00372089965000001,0.));
#8187=CARTESIAN_POINT('',(0.0065,-0.00322089965000001,0.));
#8188=CARTESIAN_POINT('',(0.007,-0.00372089965000001,0.0016));
#8189=CARTESIAN_POINT('',(0.007,-0.00372089965000001,0.0016));
#8190=CARTESIAN_POINT('',(0.0065,-0.00372089965000001,0.0016));
#8191=CARTESIAN_POINT('',(0.0065,-0.00322089965000001,0.0016));
#8192=CARTESIAN_POINT('',(0.0065,-0.00322089965000001,0.0016));
#8193=CARTESIAN_POINT('',(0.007,-0.01022089965,0.0016));
#8194=CARTESIAN_POINT('',(0.007,-0.01022089965,0.));
#8195=CARTESIAN_POINT('',(0.007,-0.01672089965,0.));
#8196=CARTESIAN_POINT('',(0.007,-0.01672089965,0.0016));
#8197=CARTESIAN_POINT('',(0.007,-0.01672089965,0.0016));
#8198=CARTESIAN_POINT('',(0.007,-0.01022089965,0.0016));
#8199=CARTESIAN_POINT('',(0.0065,-0.01672089965,0.0016));
#8200=CARTESIAN_POINT('',(0.0065,-0.01672089965,0.));
#8201=CARTESIAN_POINT('',(0.0065,-0.01722089965,0.));
#8202=CARTESIAN_POINT('',(0.0065,-0.01722089965,0.0016));
#8203=CARTESIAN_POINT('',(0.0065,-0.01722089965,0.0016));
#8204=CARTESIAN_POINT('',(0.0065,-0.01672089965,0.0016));
#8205=CARTESIAN_POINT('',(0.,-0.01722089965,0.0016));
#8206=CARTESIAN_POINT('',(0.,-0.01722089965,0.));
#8207=CARTESIAN_POINT('',(-0.0065,-0.01722089965,0.));
#8208=CARTESIAN_POINT('',(-0.0065,-0.01722089965,0.0016));
#8209=CARTESIAN_POINT('',(-0.0065,-0.01722089965,0.0016));
#8210=CARTESIAN_POINT('',(0.,-0.01722089965,0.0016));
#8211=CARTESIAN_POINT('',(-0.0065,-0.01672089965,0.0016));
#8212=CARTESIAN_POINT('',(-0.0065,-0.01672089965,0.));
#8213=CARTESIAN_POINT('',(-0.007,-0.01672089965,0.));
#8214=CARTESIAN_POINT('',(-0.007,-0.01672089965,0.0016));
#8215=CARTESIAN_POINT('',(-0.007,-0.01672089965,0.0016));
#8216=CARTESIAN_POINT('',(-0.0065,-0.01672089965,0.0016));
#8217=CARTESIAN_POINT('',(-0.007,-0.01022089965,0.0016));
#8218=CARTESIAN_POINT('',(-0.007,-0.01022089965,0.));
#8219=CARTESIAN_POINT('',(-0.007,-0.00372089965000001,0.));
#8220=CARTESIAN_POINT('',(-0.007,-0.00372089965000001,0.0016));
#8221=CARTESIAN_POINT('',(-0.007,-0.00372089965000001,0.0016));
#8222=CARTESIAN_POINT('',(-0.007,-0.01022089965,0.0016));
#8223=CARTESIAN_POINT('',(-0.0065,-0.00372089965000001,0.0016));
#8224=CARTESIAN_POINT('',(-0.0065,-0.00372089965000001,0.));
#8225=CARTESIAN_POINT('',(-0.0065,-0.00322089965000001,0.));
#8226=CARTESIAN_POINT('',(-0.0065,-0.00322089965000001,0.0016));
#8227=CARTESIAN_POINT('',(-0.0065,-0.00322089965000001,0.0016));
#8228=CARTESIAN_POINT('',(-0.0065,-0.00372089965000001,0.0016));
#8229=CARTESIAN_POINT('',(0.0065,0.01527910035,0.0016));
#8230=CARTESIAN_POINT('',(0.0065,0.01527910035,0.));
#8231=CARTESIAN_POINT('',(0.007,0.01527910035,0.));
#8232=CARTESIAN_POINT('',(0.0065,0.01577910035,0.));
#8233=CARTESIAN_POINT('',(0.007,0.01527910035,0.0016));
#8234=CARTESIAN_POINT('',(0.007,0.01527910035,0.0016));
#8235=CARTESIAN_POINT('',(0.0065,0.01527910035,0.0016));
#8236=CARTESIAN_POINT('',(0.0065,0.01577910035,0.0016));
#8237=CARTESIAN_POINT('',(0.0065,0.01577910035,0.0016));
#8238=CARTESIAN_POINT('',(0.007,0.00877910034999999,0.0016));
#8239=CARTESIAN_POINT('',(0.007,0.00877910034999999,0.));
#8240=CARTESIAN_POINT('',(0.007,0.00227910035,0.));
#8241=CARTESIAN_POINT('',(0.007,0.00227910035,0.0016));
#8242=CARTESIAN_POINT('',(0.007,0.00227910035,0.0016));
#8243=CARTESIAN_POINT('',(0.007,0.00877910034999999,0.0016));
#8244=CARTESIAN_POINT('',(0.0065,0.00227910035,0.0016));
#8245=CARTESIAN_POINT('',(0.0065,0.00227910035,0.));
#8246=CARTESIAN_POINT('',(0.0065,0.00177910034999999,0.));
#8247=CARTESIAN_POINT('',(0.0065,0.00177910034999999,0.0016));
#8248=CARTESIAN_POINT('',(0.0065,0.00177910034999999,0.0016));
#8249=CARTESIAN_POINT('',(0.0065,0.00227910035,0.0016));
#8250=CARTESIAN_POINT('',(0.,0.00177910034999999,0.0016));
#8251=CARTESIAN_POINT('',(0.,0.00177910034999999,0.));
#8252=CARTESIAN_POINT('',(-0.0065,0.00177910034999999,0.));
#8253=CARTESIAN_POINT('',(-0.0065,0.00177910034999999,0.0016));
#8254=CARTESIAN_POINT('',(-0.0065,0.00177910034999999,0.0016));
#8255=CARTESIAN_POINT('',(0.,0.00177910034999999,0.0016));
#8256=CARTESIAN_POINT('',(-0.0065,0.00227910035,0.0016));
#8257=CARTESIAN_POINT('',(-0.0065,0.00227910035,0.));
#8258=CARTESIAN_POINT('',(-0.007,0.00227910035,0.));
#8259=CARTESIAN_POINT('',(-0.007,0.00227910035,0.0016));
#8260=CARTESIAN_POINT('',(-0.007,0.00227910035,0.0016));
#8261=CARTESIAN_POINT('',(-0.0065,0.00227910035,0.0016));
#8262=CARTESIAN_POINT('',(-0.007,0.00877910034999999,0.0016));
#8263=CARTESIAN_POINT('',(-0.007,0.00877910034999999,0.));
#8264=CARTESIAN_POINT('',(-0.007,0.01527910035,0.));
#8265=CARTESIAN_POINT('',(-0.007,0.01527910035,0.0016));
#8266=CARTESIAN_POINT('',(-0.007,0.01527910035,0.0016));
#8267=CARTESIAN_POINT('',(-0.007,0.00877910034999999,0.0016));
#8268=CARTESIAN_POINT('',(-0.0065,0.01527910035,0.0016));
#8269=CARTESIAN_POINT('',(-0.0065,0.01527910035,0.));
#8270=CARTESIAN_POINT('',(-0.0065,0.01577910035,0.));
#8271=CARTESIAN_POINT('',(-0.0065,0.01577910035,0.0016));
#8272=CARTESIAN_POINT('',(-0.0065,0.01577910035,0.0016));
#8273=CARTESIAN_POINT('',(-0.0065,0.01527910035,0.0016));
#8274=CARTESIAN_POINT('',(0.0065,0.03427910035,0.0016));
#8275=CARTESIAN_POINT('',(0.0065,0.03427910035,0.));
#8276=CARTESIAN_POINT('',(0.007,0.03427910035,0.));
#8277=CARTESIAN_POINT('',(0.0065,0.03477910035,0.));
#8278=CARTESIAN_POINT('',(0.007,0.03427910035,0.0016));
#8279=CARTESIAN_POINT('',(0.007,0.03427910035,0.0016));
#8280=CARTESIAN_POINT('',(0.0065,0.03427910035,0.0016));
#8281=CARTESIAN_POINT('',(0.0065,0.03477910035,0.0016));
#8282=CARTESIAN_POINT('',(0.0065,0.03477910035,0.0016));
#8283=CARTESIAN_POINT('',(0.007,0.02777910035,0.0016));
#8284=CARTESIAN_POINT('',(0.007,0.02777910035,0.));
#8285=CARTESIAN_POINT('',(0.007,0.02127910035,0.));
#8286=CARTESIAN_POINT('',(0.007,0.02127910035,0.0016));
#8287=CARTESIAN_POINT('',(0.007,0.02127910035,0.0016));
#8288=CARTESIAN_POINT('',(0.007,0.02777910035,0.0016));
#8289=CARTESIAN_POINT('',(0.0065,0.02127910035,0.0016));
#8290=CARTESIAN_POINT('',(0.0065,0.02127910035,0.));
#8291=CARTESIAN_POINT('',(0.0065,0.02077910035,0.));
#8292=CARTESIAN_POINT('',(0.0065,0.02077910035,0.0016));
#8293=CARTESIAN_POINT('',(0.0065,0.02077910035,0.0016));
#8294=CARTESIAN_POINT('',(0.0065,0.02127910035,0.0016));
#8295=CARTESIAN_POINT('',(0.,0.02077910035,0.0016));
#8296=CARTESIAN_POINT('',(0.,0.02077910035,0.));
#8297=CARTESIAN_POINT('',(-0.0065,0.02077910035,0.));
#8298=CARTESIAN_POINT('',(-0.0065,0.02077910035,0.0016));
#8299=CARTESIAN_POINT('',(-0.0065,0.02077910035,0.0016));
#8300=CARTESIAN_POINT('',(0.,0.02077910035,0.0016));
#8301=CARTESIAN_POINT('',(-0.0065,0.02127910035,0.0016));
#8302=CARTESIAN_POINT('',(-0.0065,0.02127910035,0.));
#8303=CARTESIAN_POINT('',(-0.007,0.02127910035,0.));
#8304=CARTESIAN_POINT('',(-0.007,0.02127910035,0.0016));
#8305=CARTESIAN_POINT('',(-0.007,0.02127910035,0.0016));
#8306=CARTESIAN_POINT('',(-0.0065,0.02127910035,0.0016));
#8307=CARTESIAN_POINT('',(-0.007,0.02777910035,0.0016));
#8308=CARTESIAN_POINT('',(-0.007,0.02777910035,0.));
#8309=CARTESIAN_POINT('',(-0.007,0.03427910035,0.));
#8310=CARTESIAN_POINT('',(-0.007,0.03427910035,0.0016));
#8311=CARTESIAN_POINT('',(-0.007,0.03427910035,0.0016));
#8312=CARTESIAN_POINT('',(-0.007,0.02777910035,0.0016));
#8313=CARTESIAN_POINT('',(-0.0065,0.03427910035,0.0016));
#8314=CARTESIAN_POINT('',(-0.0065,0.03427910035,0.));
#8315=CARTESIAN_POINT('',(-0.0065,0.03477910035,0.));
#8316=CARTESIAN_POINT('',(-0.0065,0.03477910035,0.0016));
#8317=CARTESIAN_POINT('',(-0.0065,0.03477910035,0.0016));
#8318=CARTESIAN_POINT('',(-0.0065,0.03427910035,0.0016));
#8319=CARTESIAN_POINT('',(0.0065,0.05327910035,0.0016));
#8320=CARTESIAN_POINT('',(0.0065,0.05327910035,0.));
#8321=CARTESIAN_POINT('',(0.007,0.05327910035,0.));
#8322=CARTESIAN_POINT('',(0.0065,0.05377910035,0.));
#8323=CARTESIAN_POINT('',(0.007,0.05327910035,0.0016));
#8324=CARTESIAN_POINT('',(0.007,0.05327910035,0.0016));
#8325=CARTESIAN_POINT('',(0.0065,0.05327910035,0.0016));
#8326=CARTESIAN_POINT('',(0.0065,0.05377910035,0.0016));
#8327=CARTESIAN_POINT('',(0.0065,0.05377910035,0.0016));
#8328=CARTESIAN_POINT('',(0.007,0.04677910035,0.0016));
#8329=CARTESIAN_POINT('',(0.007,0.04677910035,0.));
#8330=CARTESIAN_POINT('',(0.007,0.04027910035,0.));
#8331=CARTESIAN_POINT('',(0.007,0.04027910035,0.0016));
#8332=CARTESIAN_POINT('',(0.007,0.04027910035,0.0016));
#8333=CARTESIAN_POINT('',(0.007,0.04677910035,0.0016));
#8334=CARTESIAN_POINT('',(0.0065,0.04027910035,0.0016));
#8335=CARTESIAN_POINT('',(0.0065,0.04027910035,0.));
#8336=CARTESIAN_POINT('',(0.0065,0.03977910035,0.));
#8337=CARTESIAN_POINT('',(0.0065,0.03977910035,0.0016));
#8338=CARTESIAN_POINT('',(0.0065,0.03977910035,0.0016));
#8339=CARTESIAN_POINT('',(0.0065,0.04027910035,0.0016));
#8340=CARTESIAN_POINT('',(0.,0.03977910035,0.0016));
#8341=CARTESIAN_POINT('',(0.,0.03977910035,0.));
#8342=CARTESIAN_POINT('',(-0.0065,0.03977910035,0.));
#8343=CARTESIAN_POINT('',(-0.0065,0.03977910035,0.0016));
#8344=CARTESIAN_POINT('',(-0.0065,0.03977910035,0.0016));
#8345=CARTESIAN_POINT('',(0.,0.03977910035,0.0016));
#8346=CARTESIAN_POINT('',(-0.0065,0.04027910035,0.0016));
#8347=CARTESIAN_POINT('',(-0.0065,0.04027910035,0.));
#8348=CARTESIAN_POINT('',(-0.007,0.04027910035,0.));
#8349=CARTESIAN_POINT('',(-0.007,0.04027910035,0.0016));
#8350=CARTESIAN_POINT('',(-0.007,0.04027910035,0.0016));
#8351=CARTESIAN_POINT('',(-0.0065,0.04027910035,0.0016));
#8352=CARTESIAN_POINT('',(-0.007,0.04677910035,0.0016));
#8353=CARTESIAN_POINT('',(-0.007,0.04677910035,0.));
#8354=CARTESIAN_POINT('',(-0.007,0.05327910035,0.));
#8355=CARTESIAN_POINT('',(-0.007,0.05327910035,0.0016));
#8356=CARTESIAN_POINT('',(-0.007,0.05327910035,0.0016));
#8357=CARTESIAN_POINT('',(-0.007,0.04677910035,0.0016));
#8358=CARTESIAN_POINT('',(-0.0065,0.05327910035,0.0016));
#8359=CARTESIAN_POINT('',(-0.0065,0.05327910035,0.));
#8360=CARTESIAN_POINT('',(-0.0065,0.05377910035,0.));
#8361=CARTESIAN_POINT('',(-0.0065,0.05377910035,0.0016));
#8362=CARTESIAN_POINT('',(-0.0065,0.05377910035,0.0016));
#8363=CARTESIAN_POINT('',(-0.0065,0.05327910035,0.0016));
#8364=CARTESIAN_POINT('',(0.0255,-0.00672089965000001,0.0016));
#8365=CARTESIAN_POINT('',(0.0255,-0.00672089965000001,0.));
#8366=CARTESIAN_POINT('',(0.026,-0.00672089965000001,0.));
#8367=CARTESIAN_POINT('',(0.0255,-0.00622089965000001,0.));
#8368=CARTESIAN_POINT('',(0.026,-0.00672089965000001,0.0016));
#8369=CARTESIAN_POINT('',(0.026,-0.00672089965000001,0.0016));
#8370=CARTESIAN_POINT('',(0.0255,-0.00672089965000001,0.0016));
#8371=CARTESIAN_POINT('',(0.0255,-0.00622089965000001,0.0016));
#8372=CARTESIAN_POINT('',(0.0255,-0.00622089965000001,0.0016));
#8373=CARTESIAN_POINT('',(0.026,-0.01322089965,0.0016));
#8374=CARTESIAN_POINT('',(0.026,-0.01322089965,0.));
#8375=CARTESIAN_POINT('',(0.026,-0.01972089965,0.));
#8376=CARTESIAN_POINT('',(0.026,-0.01972089965,0.0016));
#8377=CARTESIAN_POINT('',(0.026,-0.01972089965,0.0016));
#8378=CARTESIAN_POINT('',(0.026,-0.01322089965,0.0016));
#8379=CARTESIAN_POINT('',(0.0255,-0.01972089965,0.0016));
#8380=CARTESIAN_POINT('',(0.0255,-0.01972089965,0.));
#8381=CARTESIAN_POINT('',(0.0255,-0.02022089965,0.));
#8382=CARTESIAN_POINT('',(0.0255,-0.02022089965,0.0016));
#8383=CARTESIAN_POINT('',(0.0255,-0.02022089965,0.0016));
#8384=CARTESIAN_POINT('',(0.0255,-0.01972089965,0.0016));
#8385=CARTESIAN_POINT('',(0.019,-0.02022089965,0.0016));
#8386=CARTESIAN_POINT('',(0.019,-0.02022089965,0.));
#8387=CARTESIAN_POINT('',(0.0125,-0.02022089965,0.));
#8388=CARTESIAN_POINT('',(0.0125,-0.02022089965,0.0016));
#8389=CARTESIAN_POINT('',(0.0125,-0.02022089965,0.0016));
#8390=CARTESIAN_POINT('',(0.019,-0.02022089965,0.0016));
#8391=CARTESIAN_POINT('',(0.0125,-0.01972089965,0.0016));
#8392=CARTESIAN_POINT('',(0.0125,-0.01972089965,0.));
#8393=CARTESIAN_POINT('',(0.012,-0.01972089965,0.));
#8394=CARTESIAN_POINT('',(0.012,-0.01972089965,0.0016));
#8395=CARTESIAN_POINT('',(0.012,-0.01972089965,0.0016));
#8396=CARTESIAN_POINT('',(0.0125,-0.01972089965,0.0016));
#8397=CARTESIAN_POINT('',(0.012,-0.01322089965,0.0016));
#8398=CARTESIAN_POINT('',(0.012,-0.01322089965,0.));
#8399=CARTESIAN_POINT('',(0.012,-0.00672089965000001,0.));
#8400=CARTESIAN_POINT('',(0.012,-0.00672089965000001,0.0016));
#8401=CARTESIAN_POINT('',(0.012,-0.00672089965000001,0.0016));
#8402=CARTESIAN_POINT('',(0.012,-0.01322089965,0.0016));
#8403=CARTESIAN_POINT('',(0.0125,-0.00672089965000001,0.0016));
#8404=CARTESIAN_POINT('',(0.0125,-0.00672089965000001,0.));
#8405=CARTESIAN_POINT('',(0.0125,-0.00622089965000001,0.));
#8406=CARTESIAN_POINT('',(0.0125,-0.00622089965000001,0.0016));
#8407=CARTESIAN_POINT('',(0.0125,-0.00622089965000001,0.0016));
#8408=CARTESIAN_POINT('',(0.0125,-0.00672089965000001,0.0016));
#8409=CARTESIAN_POINT('',(0.0255,0.01227910035,0.0016));
#8410=CARTESIAN_POINT('',(0.0255,0.01227910035,0.));
#8411=CARTESIAN_POINT('',(0.026,0.01227910035,0.));
#8412=CARTESIAN_POINT('',(0.0255,0.01277910035,0.));
#8413=CARTESIAN_POINT('',(0.026,0.01227910035,0.0016));
#8414=CARTESIAN_POINT('',(0.026,0.01227910035,0.0016));
#8415=CARTESIAN_POINT('',(0.0255,0.01227910035,0.0016));
#8416=CARTESIAN_POINT('',(0.0255,0.01277910035,0.0016));
#8417=CARTESIAN_POINT('',(0.0255,0.01277910035,0.0016));
#8418=CARTESIAN_POINT('',(0.026,0.00577910034999999,0.0016));
#8419=CARTESIAN_POINT('',(0.026,0.00577910034999999,0.));
#8420=CARTESIAN_POINT('',(0.026,-0.000720899650000007,0.));
#8421=CARTESIAN_POINT('',(0.026,-0.000720899650000007,0.0016));
#8422=CARTESIAN_POINT('',(0.026,-0.000720899650000007,0.0016));
#8423=CARTESIAN_POINT('',(0.026,0.00577910034999999,0.0016));
#8424=CARTESIAN_POINT('',(0.0255,-0.000720899650000007,0.0016));
#8425=CARTESIAN_POINT('',(0.0255,-0.000720899650000007,0.));
#8426=CARTESIAN_POINT('',(0.0255,-0.00122089965000001,0.));
#8427=CARTESIAN_POINT('',(0.0255,-0.00122089965000001,0.0016));
#8428=CARTESIAN_POINT('',(0.0255,-0.00122089965000001,0.0016));
#8429=CARTESIAN_POINT('',(0.0255,-0.000720899650000007,0.0016));
#8430=CARTESIAN_POINT('',(0.019,-0.00122089965000001,0.0016));
#8431=CARTESIAN_POINT('',(0.019,-0.00122089965000001,0.));
#8432=CARTESIAN_POINT('',(0.0125,-0.00122089965000001,0.));
#8433=CARTESIAN_POINT('',(0.0125,-0.00122089965000001,0.0016));
#8434=CARTESIAN_POINT('',(0.0125,-0.00122089965000001,0.0016));
#8435=CARTESIAN_POINT('',(0.019,-0.00122089965000001,0.0016));
#8436=CARTESIAN_POINT('',(0.0125,-0.000720899650000007,0.0016));
#8437=CARTESIAN_POINT('',(0.0125,-0.000720899650000007,0.));
#8438=CARTESIAN_POINT('',(0.012,-0.000720899650000007,0.));
#8439=CARTESIAN_POINT('',(0.012,-0.000720899650000007,0.0016));
#8440=CARTESIAN_POINT('',(0.012,-0.000720899650000007,0.0016));
#8441=CARTESIAN_POINT('',(0.0125,-0.000720899650000007,0.0016));
#8442=CARTESIAN_POINT('',(0.012,0.00577910034999999,0.0016));
#8443=CARTESIAN_POINT('',(0.012,0.00577910034999999,0.));
#8444=CARTESIAN_POINT('',(0.012,0.01227910035,0.));
#8445=CARTESIAN_POINT('',(0.012,0.01227910035,0.0016));
#8446=CARTESIAN_POINT('',(0.012,0.01227910035,0.0016));
#8447=CARTESIAN_POINT('',(0.012,0.00577910034999999,0.0016));
#8448=CARTESIAN_POINT('',(0.0125,0.01227910035,0.0016));
#8449=CARTESIAN_POINT('',(0.0125,0.01227910035,0.));
#8450=CARTESIAN_POINT('',(0.0125,0.01277910035,0.));
#8451=CARTESIAN_POINT('',(0.0125,0.01277910035,0.0016));
#8452=CARTESIAN_POINT('',(0.0125,0.01277910035,0.0016));
#8453=CARTESIAN_POINT('',(0.0125,0.01227910035,0.0016));
#8454=CARTESIAN_POINT('',(0.0255,0.03127910035,0.0016));
#8455=CARTESIAN_POINT('',(0.0255,0.03127910035,0.));
#8456=CARTESIAN_POINT('',(0.026,0.03127910035,0.));
#8457=CARTESIAN_POINT('',(0.0255,0.03177910035,0.));
#8458=CARTESIAN_POINT('',(0.026,0.03127910035,0.0016));
#8459=CARTESIAN_POINT('',(0.026,0.03127910035,0.0016));
#8460=CARTESIAN_POINT('',(0.0255,0.03127910035,0.0016));
#8461=CARTESIAN_POINT('',(0.0255,0.03177910035,0.0016));
#8462=CARTESIAN_POINT('',(0.0255,0.03177910035,0.0016));
#8463=CARTESIAN_POINT('',(0.026,0.02477910035,0.0016));
#8464=CARTESIAN_POINT('',(0.026,0.02477910035,0.));
#8465=CARTESIAN_POINT('',(0.026,0.01827910035,0.));
#8466=CARTESIAN_POINT('',(0.026,0.01827910035,0.0016));
#8467=CARTESIAN_POINT('',(0.026,0.01827910035,0.0016));
#8468=CARTESIAN_POINT('',(0.026,0.02477910035,0.0016));
#8469=CARTESIAN_POINT('',(0.0255,0.01827910035,0.0016));
#8470=CARTESIAN_POINT('',(0.0255,0.01827910035,0.));
#8471=CARTESIAN_POINT('',(0.0255,0.01777910035,0.));
#8472=CARTESIAN_POINT('',(0.0255,0.01777910035,0.0016));
#8473=CARTESIAN_POINT('',(0.0255,0.01777910035,0.0016));
#8474=CARTESIAN_POINT('',(0.0255,0.01827910035,0.0016));
#8475=CARTESIAN_POINT('',(0.019,0.01777910035,0.0016));
#8476=CARTESIAN_POINT('',(0.019,0.01777910035,0.));
#8477=CARTESIAN_POINT('',(0.0125,0.01777910035,0.));
#8478=CARTESIAN_POINT('',(0.0125,0.01777910035,0.0016));
#8479=CARTESIAN_POINT('',(0.0125,0.01777910035,0.0016));
#8480=CARTESIAN_POINT('',(0.019,0.01777910035,0.0016));
#8481=CARTESIAN_POINT('',(0.0125,0.01827910035,0.0016));
#8482=CARTESIAN_POINT('',(0.0125,0.01827910035,0.));
#8483=CARTESIAN_POINT('',(0.012,0.01827910035,0.));
#8484=CARTESIAN_POINT('',(0.012,0.01827910035,0.0016));
#8485=CARTESIAN_POINT('',(0.012,0.01827910035,0.0016));
#8486=CARTESIAN_POINT('',(0.0125,0.01827910035,0.0016));
#8487=CARTESIAN_POINT('',(0.012,0.02477910035,0.0016));
#8488=CARTESIAN_POINT('',(0.012,0.02477910035,0.));
#8489=CARTESIAN_POINT('',(0.012,0.03127910035,0.));
#8490=CARTESIAN_POINT('',(0.012,0.03127910035,0.0016));
#8491=CARTESIAN_POINT('',(0.012,0.03127910035,0.0016));
#8492=CARTESIAN_POINT('',(0.012,0.02477910035,0.0016));
#8493=CARTESIAN_POINT('',(0.0125,0.03127910035,0.0016));
#8494=CARTESIAN_POINT('',(0.0125,0.03127910035,0.));
#8495=CARTESIAN_POINT('',(0.0125,0.03177910035,0.));
#8496=CARTESIAN_POINT('',(0.0125,0.03177910035,0.0016));
#8497=CARTESIAN_POINT('',(0.0125,0.03177910035,0.0016));
#8498=CARTESIAN_POINT('',(0.0125,0.03127910035,0.0016));
#8499=CARTESIAN_POINT('',(0.0255,0.05027910035,0.0016));
#8500=CARTESIAN_POINT('',(0.0255,0.05027910035,0.));
#8501=CARTESIAN_POINT('',(0.026,0.05027910035,0.));
#8502=CARTESIAN_POINT('',(0.0255,0.05077910035,0.));
#8503=CARTESIAN_POINT('',(0.026,0.05027910035,0.0016));
#8504=CARTESIAN_POINT('',(0.026,0.05027910035,0.0016));
#8505=CARTESIAN_POINT('',(0.0255,0.05027910035,0.0016));
#8506=CARTESIAN_POINT('',(0.0255,0.05077910035,0.0016));
#8507=CARTESIAN_POINT('',(0.0255,0.05077910035,0.0016));
#8508=CARTESIAN_POINT('',(0.026,0.04377910035,0.0016));
#8509=CARTESIAN_POINT('',(0.026,0.04377910035,0.));
#8510=CARTESIAN_POINT('',(0.026,0.03727910035,0.));
#8511=CARTESIAN_POINT('',(0.026,0.03727910035,0.0016));
#8512=CARTESIAN_POINT('',(0.026,0.03727910035,0.0016));
#8513=CARTESIAN_POINT('',(0.026,0.04377910035,0.0016));
#8514=CARTESIAN_POINT('',(0.0255,0.03727910035,0.0016));
#8515=CARTESIAN_POINT('',(0.0255,0.03727910035,0.));
#8516=CARTESIAN_POINT('',(0.0255,0.03677910035,0.));
#8517=CARTESIAN_POINT('',(0.0255,0.03677910035,0.0016));
#8518=CARTESIAN_POINT('',(0.0255,0.03677910035,0.0016));
#8519=CARTESIAN_POINT('',(0.0255,0.03727910035,0.0016));
#8520=CARTESIAN_POINT('',(0.019,0.03677910035,0.0016));
#8521=CARTESIAN_POINT('',(0.019,0.03677910035,0.));
#8522=CARTESIAN_POINT('',(0.0125,0.03677910035,0.));
#8523=CARTESIAN_POINT('',(0.0125,0.03677910035,0.0016));
#8524=CARTESIAN_POINT('',(0.0125,0.03677910035,0.0016));
#8525=CARTESIAN_POINT('',(0.019,0.03677910035,0.0016));
#8526=CARTESIAN_POINT('',(0.0125,0.03727910035,0.0016));
#8527=CARTESIAN_POINT('',(0.0125,0.03727910035,0.));
#8528=CARTESIAN_POINT('',(0.012,0.03727910035,0.));
#8529=CARTESIAN_POINT('',(0.012,0.03727910035,0.0016));
#8530=CARTESIAN_POINT('',(0.012,0.03727910035,0.0016));
#8531=CARTESIAN_POINT('',(0.0125,0.03727910035,0.0016));
#8532=CARTESIAN_POINT('',(0.012,0.04377910035,0.0016));
#8533=CARTESIAN_POINT('',(0.012,0.04377910035,0.));
#8534=CARTESIAN_POINT('',(0.012,0.05027910035,0.));
#8535=CARTESIAN_POINT('',(0.012,0.05027910035,0.0016));
#8536=CARTESIAN_POINT('',(0.012,0.05027910035,0.0016));
#8537=CARTESIAN_POINT('',(0.012,0.04377910035,0.0016));
#8538=CARTESIAN_POINT('',(0.0125,0.05027910035,0.0016));
#8539=CARTESIAN_POINT('',(0.0125,0.05027910035,0.));
#8540=CARTESIAN_POINT('',(0.0125,0.05077910035,0.));
#8541=CARTESIAN_POINT('',(0.0125,0.05077910035,0.0016));
#8542=CARTESIAN_POINT('',(0.0125,0.05077910035,0.0016));
#8543=CARTESIAN_POINT('',(0.0125,0.05027910035,0.0016));
#8544=CARTESIAN_POINT('',(0.0445,-0.00872089965000002,0.0016));
#8545=CARTESIAN_POINT('',(0.0445,-0.00872089965000002,0.));
#8546=CARTESIAN_POINT('',(0.045,-0.00872089965000001,0.));
#8547=CARTESIAN_POINT('',(0.0445,-0.00822089965000001,0.));
#8548=CARTESIAN_POINT('',(0.045,-0.00872089965000001,0.0016));
#8549=CARTESIAN_POINT('',(0.045,-0.00872089965000001,0.0016));
#8550=CARTESIAN_POINT('',(0.0445,-0.00872089965000002,0.0016));
#8551=CARTESIAN_POINT('',(0.0445,-0.00822089965000001,0.0016));
#8552=CARTESIAN_POINT('',(0.0445,-0.00822089965000001,0.0016));
#8553=CARTESIAN_POINT('',(0.045,-0.01522089965,0.0016));
#8554=CARTESIAN_POINT('',(0.045,-0.01522089965,0.));
#8555=CARTESIAN_POINT('',(0.045,-0.02172089965,0.));
#8556=CARTESIAN_POINT('',(0.045,-0.02172089965,0.0016));
#8557=CARTESIAN_POINT('',(0.045,-0.02172089965,0.0016));
#8558=CARTESIAN_POINT('',(0.045,-0.01522089965,0.0016));
#8559=CARTESIAN_POINT('',(0.0445,-0.02172089965,0.0016));
#8560=CARTESIAN_POINT('',(0.0445,-0.02172089965,0.));
#8561=CARTESIAN_POINT('',(0.0445,-0.02222089965,0.));
#8562=CARTESIAN_POINT('',(0.0445,-0.02222089965,0.0016));
#8563=CARTESIAN_POINT('',(0.0445,-0.02222089965,0.0016));
#8564=CARTESIAN_POINT('',(0.0445,-0.02172089965,0.0016));
#8565=CARTESIAN_POINT('',(0.038,-0.02222089965,0.0016));
#8566=CARTESIAN_POINT('',(0.038,-0.02222089965,0.));
#8567=CARTESIAN_POINT('',(0.0315,-0.02222089965,0.));
#8568=CARTESIAN_POINT('',(0.0315,-0.02222089965,0.0016));
#8569=CARTESIAN_POINT('',(0.0315,-0.02222089965,0.0016));
#8570=CARTESIAN_POINT('',(0.038,-0.02222089965,0.0016));
#8571=CARTESIAN_POINT('',(0.0315,-0.02172089965,0.0016));
#8572=CARTESIAN_POINT('',(0.0315,-0.02172089965,0.));
#8573=CARTESIAN_POINT('',(0.031,-0.02172089965,0.));
#8574=CARTESIAN_POINT('',(0.031,-0.02172089965,0.0016));
#8575=CARTESIAN_POINT('',(0.031,-0.02172089965,0.0016));
#8576=CARTESIAN_POINT('',(0.0315,-0.02172089965,0.0016));
#8577=CARTESIAN_POINT('',(0.031,-0.01522089965,0.0016));
#8578=CARTESIAN_POINT('',(0.031,-0.01522089965,0.));
#8579=CARTESIAN_POINT('',(0.031,-0.00872089965000001,0.));
#8580=CARTESIAN_POINT('',(0.031,-0.00872089965000001,0.0016));
#8581=CARTESIAN_POINT('',(0.031,-0.00872089965000001,0.0016));
#8582=CARTESIAN_POINT('',(0.031,-0.01522089965,0.0016));
#8583=CARTESIAN_POINT('',(0.0315,-0.00872089965,0.0016));
#8584=CARTESIAN_POINT('',(0.0315,-0.00872089965,0.));
#8585=CARTESIAN_POINT('',(0.0315,-0.00822089965000001,0.));
#8586=CARTESIAN_POINT('',(0.0315,-0.00822089965000001,0.0016));
#8587=CARTESIAN_POINT('',(0.0315,-0.00822089965000001,0.0016));
#8588=CARTESIAN_POINT('',(0.0315,-0.00872089965,0.0016));
#8589=CARTESIAN_POINT('',(0.0445,0.01027910035,0.0016));
#8590=CARTESIAN_POINT('',(0.0445,0.01027910035,0.));
#8591=CARTESIAN_POINT('',(0.045,0.01027910035,0.));
#8592=CARTESIAN_POINT('',(0.0445,0.01077910035,0.));
#8593=CARTESIAN_POINT('',(0.045,0.01027910035,0.0016));
#8594=CARTESIAN_POINT('',(0.045,0.01027910035,0.0016));
#8595=CARTESIAN_POINT('',(0.0445,0.01027910035,0.0016));
#8596=CARTESIAN_POINT('',(0.0445,0.01077910035,0.0016));
#8597=CARTESIAN_POINT('',(0.0445,0.01077910035,0.0016));
#8598=CARTESIAN_POINT('',(0.045,0.00377910035,0.0016));
#8599=CARTESIAN_POINT('',(0.045,0.00377910035,0.));
#8600=CARTESIAN_POINT('',(0.045,-0.00272089965000001,0.));
#8601=CARTESIAN_POINT('',(0.045,-0.00272089965000001,0.0016));
#8602=CARTESIAN_POINT('',(0.045,-0.00272089965000001,0.0016));
#8603=CARTESIAN_POINT('',(0.045,0.00377910035,0.0016));
#8604=CARTESIAN_POINT('',(0.0445,-0.00272089965,0.0016));
#8605=CARTESIAN_POINT('',(0.0445,-0.00272089965,0.));
#8606=CARTESIAN_POINT('',(0.0445,-0.00322089965000001,0.));
#8607=CARTESIAN_POINT('',(0.0445,-0.00322089965000001,0.0016));
#8608=CARTESIAN_POINT('',(0.0445,-0.00322089965000001,0.0016));
#8609=CARTESIAN_POINT('',(0.0445,-0.00272089965,0.0016));
#8610=CARTESIAN_POINT('',(0.038,-0.00322089965000001,0.0016));
#8611=CARTESIAN_POINT('',(0.038,-0.00322089965000001,0.));
#8612=CARTESIAN_POINT('',(0.0315,-0.00322089965000001,0.));
#8613=CARTESIAN_POINT('',(0.0315,-0.00322089965000001,0.0016));
#8614=CARTESIAN_POINT('',(0.0315,-0.00322089965000001,0.0016));
#8615=CARTESIAN_POINT('',(0.038,-0.00322089965000001,0.0016));
#8616=CARTESIAN_POINT('',(0.0315,-0.00272089965000002,0.0016));
#8617=CARTESIAN_POINT('',(0.0315,-0.00272089965000002,0.));
#8618=CARTESIAN_POINT('',(0.031,-0.00272089965000001,0.));
#8619=CARTESIAN_POINT('',(0.031,-0.00272089965000001,0.0016));
#8620=CARTESIAN_POINT('',(0.031,-0.00272089965000001,0.0016));
#8621=CARTESIAN_POINT('',(0.0315,-0.00272089965000002,0.0016));
#8622=CARTESIAN_POINT('',(0.031,0.00377910035,0.0016));
#8623=CARTESIAN_POINT('',(0.031,0.00377910035,0.));
#8624=CARTESIAN_POINT('',(0.031,0.01027910035,0.));
#8625=CARTESIAN_POINT('',(0.031,0.01027910035,0.0016));
#8626=CARTESIAN_POINT('',(0.031,0.01027910035,0.0016));
#8627=CARTESIAN_POINT('',(0.031,0.00377910035,0.0016));
#8628=CARTESIAN_POINT('',(0.0315,0.01027910035,0.0016));
#8629=CARTESIAN_POINT('',(0.0315,0.01027910035,0.));
#8630=CARTESIAN_POINT('',(0.0315,0.01077910035,0.));
#8631=CARTESIAN_POINT('',(0.0315,0.01077910035,0.0016));
#8632=CARTESIAN_POINT('',(0.0315,0.01077910035,0.0016));
#8633=CARTESIAN_POINT('',(0.0315,0.01027910035,0.0016));
#8634=CARTESIAN_POINT('',(0.0445,0.02927910035,0.0016));
#8635=CARTESIAN_POINT('',(0.0445,0.02927910035,0.));
#8636=CARTESIAN_POINT('',(0.045,0.02927910035,0.));
#8637=CARTESIAN_POINT('',(0.0445,0.02977910035,0.));
#8638=CARTESIAN_POINT('',(0.045,0.02927910035,0.0016));
#8639=CARTESIAN_POINT('',(0.045,0.02927910035,0.0016));
#8640=CARTESIAN_POINT('',(0.0445,0.02927910035,0.0016));
#8641=CARTESIAN_POINT('',(0.0445,0.02977910035,0.0016));
#8642=CARTESIAN_POINT('',(0.0445,0.02977910035,0.0016));
#8643=CARTESIAN_POINT('',(0.045,0.02277910035,0.0016));
#8644=CARTESIAN_POINT('',(0.045,0.02277910035,0.));
#8645=CARTESIAN_POINT('',(0.045,0.01627910035,0.));
#8646=CARTESIAN_POINT('',(0.045,0.01627910035,0.0016));
#8647=CARTESIAN_POINT('',(0.045,0.01627910035,0.0016));
#8648=CARTESIAN_POINT('',(0.045,0.02277910035,0.0016));
#8649=CARTESIAN_POINT('',(0.0445,0.01627910035,0.0016));
#8650=CARTESIAN_POINT('',(0.0445,0.01627910035,0.));
#8651=CARTESIAN_POINT('',(0.0445,0.01577910035,0.));
#8652=CARTESIAN_POINT('',(0.0445,0.01577910035,0.0016));
#8653=CARTESIAN_POINT('',(0.0445,0.01577910035,0.0016));
#8654=CARTESIAN_POINT('',(0.0445,0.01627910035,0.0016));
#8655=CARTESIAN_POINT('',(0.038,0.01577910035,0.0016));
#8656=CARTESIAN_POINT('',(0.038,0.01577910035,0.));
#8657=CARTESIAN_POINT('',(0.0315,0.01577910035,0.));
#8658=CARTESIAN_POINT('',(0.0315,0.01577910035,0.0016));
#8659=CARTESIAN_POINT('',(0.0315,0.01577910035,0.0016));
#8660=CARTESIAN_POINT('',(0.038,0.01577910035,0.0016));
#8661=CARTESIAN_POINT('',(0.0315,0.01627910035,0.0016));
#8662=CARTESIAN_POINT('',(0.0315,0.01627910035,0.));
#8663=CARTESIAN_POINT('',(0.031,0.01627910035,0.));
#8664=CARTESIAN_POINT('',(0.031,0.01627910035,0.0016));
#8665=CARTESIAN_POINT('',(0.031,0.01627910035,0.0016));
#8666=CARTESIAN_POINT('',(0.0315,0.01627910035,0.0016));
#8667=CARTESIAN_POINT('',(0.031,0.02277910035,0.0016));
#8668=CARTESIAN_POINT('',(0.031,0.02277910035,0.));
#8669=CARTESIAN_POINT('',(0.031,0.02927910035,0.));
#8670=CARTESIAN_POINT('',(0.031,0.02927910035,0.0016));
#8671=CARTESIAN_POINT('',(0.031,0.02927910035,0.0016));
#8672=CARTESIAN_POINT('',(0.031,0.02277910035,0.0016));
#8673=CARTESIAN_POINT('',(0.0315,0.02927910035,0.0016));
#8674=CARTESIAN_POINT('',(0.0315,0.02927910035,0.));
#8675=CARTESIAN_POINT('',(0.0315,0.02977910035,0.));
#8676=CARTESIAN_POINT('',(0.0315,0.02977910035,0.0016));
#8677=CARTESIAN_POINT('',(0.0315,0.02977910035,0.0016));
#8678=CARTESIAN_POINT('',(0.0315,0.02927910035,0.0016));
#8679=CARTESIAN_POINT('',(0.0445,0.04827910035,0.0016));
#8680=CARTESIAN_POINT('',(0.0445,0.04827910035,0.));
#8681=CARTESIAN_POINT('',(0.045,0.04827910035,0.));
#8682=CARTESIAN_POINT('',(0.0445,0.04877910035,0.));
#8683=CARTESIAN_POINT('',(0.045,0.04827910035,0.0016));
#8684=CARTESIAN_POINT('',(0.045,0.04827910035,0.0016));
#8685=CARTESIAN_POINT('',(0.0445,0.04827910035,0.0016));
#8686=CARTESIAN_POINT('',(0.0445,0.04877910035,0.0016));
#8687=CARTESIAN_POINT('',(0.0445,0.04877910035,0.0016));
#8688=CARTESIAN_POINT('',(0.045,0.04177910035,0.0016));
#8689=CARTESIAN_POINT('',(0.045,0.04177910035,0.));
#8690=CARTESIAN_POINT('',(0.045,0.03527910035,0.));
#8691=CARTESIAN_POINT('',(0.045,0.03527910035,0.0016));
#8692=CARTESIAN_POINT('',(0.045,0.03527910035,0.0016));
#8693=CARTESIAN_POINT('',(0.045,0.04177910035,0.0016));
#8694=CARTESIAN_POINT('',(0.0445,0.03527910035,0.0016));
#8695=CARTESIAN_POINT('',(0.0445,0.03527910035,0.));
#8696=CARTESIAN_POINT('',(0.0445,0.03477910035,0.));
#8697=CARTESIAN_POINT('',(0.0445,0.03477910035,0.0016));
#8698=CARTESIAN_POINT('',(0.0445,0.03477910035,0.0016));
#8699=CARTESIAN_POINT('',(0.0445,0.03527910035,0.0016));
#8700=CARTESIAN_POINT('',(0.038,0.03477910035,0.0016));
#8701=CARTESIAN_POINT('',(0.038,0.03477910035,0.));
#8702=CARTESIAN_POINT('',(0.0315,0.03477910035,0.));
#8703=CARTESIAN_POINT('',(0.0315,0.03477910035,0.0016));
#8704=CARTESIAN_POINT('',(0.0315,0.03477910035,0.0016));
#8705=CARTESIAN_POINT('',(0.038,0.03477910035,0.0016));
#8706=CARTESIAN_POINT('',(0.0315,0.03527910035,0.0016));
#8707=CARTESIAN_POINT('',(0.0315,0.03527910035,0.));
#8708=CARTESIAN_POINT('',(0.031,0.03527910035,0.));
#8709=CARTESIAN_POINT('',(0.031,0.03527910035,0.0016));
#8710=CARTESIAN_POINT('',(0.031,0.03527910035,0.0016));
#8711=CARTESIAN_POINT('',(0.0315,0.03527910035,0.0016));
#8712=CARTESIAN_POINT('',(0.031,0.04177910035,0.0016));
#8713=CARTESIAN_POINT('',(0.031,0.04177910035,0.));
#8714=CARTESIAN_POINT('',(0.031,0.04827910035,0.));
#8715=CARTESIAN_POINT('',(0.031,0.04827910035,0.0016));
#8716=CARTESIAN_POINT('',(0.031,0.04827910035,0.0016));
#8717=CARTESIAN_POINT('',(0.031,0.04177910035,0.0016));
#8718=CARTESIAN_POINT('',(0.0315,0.04827910035,0.0016));
#8719=CARTESIAN_POINT('',(0.0315,0.04827910035,0.));
#8720=CARTESIAN_POINT('',(0.0315,0.04877910035,0.));
#8721=CARTESIAN_POINT('',(0.0315,0.04877910035,0.0016));
#8722=CARTESIAN_POINT('',(0.0315,0.04877910035,0.0016));
#8723=CARTESIAN_POINT('',(0.0315,0.04827910035,0.0016));
#8724=CARTESIAN_POINT('',(0.016,-0.02572089965,0.0016));
#8725=CARTESIAN_POINT('',(0.016,-0.02572089965,0.));
#8726=CARTESIAN_POINT('',(0.0165,-0.02572089965,0.));
#8727=CARTESIAN_POINT('',(0.016,-0.02522089965,0.));
#8728=CARTESIAN_POINT('',(0.0165,-0.02572089965,0.0016));
#8729=CARTESIAN_POINT('',(0.0165,-0.02572089965,0.0016));
#8730=CARTESIAN_POINT('',(0.016,-0.02572089965,0.0016));
#8731=CARTESIAN_POINT('',(0.016,-0.02522089965,0.0016));
#8732=CARTESIAN_POINT('',(0.016,-0.02522089965,0.0016));
#8733=CARTESIAN_POINT('',(0.0165,-0.03222089965,0.0016));
#8734=CARTESIAN_POINT('',(0.0165,-0.03222089965,0.));
#8735=CARTESIAN_POINT('',(0.0165,-0.03872089965,0.));
#8736=CARTESIAN_POINT('',(0.0165,-0.03872089965,0.0016));
#8737=CARTESIAN_POINT('',(0.0165,-0.03872089965,0.0016));
#8738=CARTESIAN_POINT('',(0.0165,-0.03222089965,0.0016));
#8739=CARTESIAN_POINT('',(0.016,-0.03872089965,0.0016));
#8740=CARTESIAN_POINT('',(0.016,-0.03872089965,0.));
#8741=CARTESIAN_POINT('',(0.016,-0.03922089965,0.));
#8742=CARTESIAN_POINT('',(0.016,-0.03922089965,0.0016));
#8743=CARTESIAN_POINT('',(0.016,-0.03922089965,0.0016));
#8744=CARTESIAN_POINT('',(0.016,-0.03872089965,0.0016));
#8745=CARTESIAN_POINT('',(0.0095,-0.03922089965,0.0016));
#8746=CARTESIAN_POINT('',(0.0095,-0.03922089965,0.));
#8747=CARTESIAN_POINT('',(0.003,-0.03922089965,0.));
#8748=CARTESIAN_POINT('',(0.003,-0.03922089965,0.0016));
#8749=CARTESIAN_POINT('',(0.003,-0.03922089965,0.0016));
#8750=CARTESIAN_POINT('',(0.0095,-0.03922089965,0.0016));
#8751=CARTESIAN_POINT('',(0.003,-0.03872089965,0.0016));
#8752=CARTESIAN_POINT('',(0.003,-0.03872089965,0.));
#8753=CARTESIAN_POINT('',(0.0025,-0.03872089965,0.));
#8754=CARTESIAN_POINT('',(0.0025,-0.03872089965,0.0016));
#8755=CARTESIAN_POINT('',(0.0025,-0.03872089965,0.0016));
#8756=CARTESIAN_POINT('',(0.003,-0.03872089965,0.0016));
#8757=CARTESIAN_POINT('',(0.0025,-0.03222089965,0.0016));
#8758=CARTESIAN_POINT('',(0.0025,-0.03222089965,0.));
#8759=CARTESIAN_POINT('',(0.0025,-0.02572089965,0.));
#8760=CARTESIAN_POINT('',(0.0025,-0.02572089965,0.0016));
#8761=CARTESIAN_POINT('',(0.0025,-0.02572089965,0.0016));
#8762=CARTESIAN_POINT('',(0.0025,-0.03222089965,0.0016));
#8763=CARTESIAN_POINT('',(0.003,-0.02572089965,0.0016));
#8764=CARTESIAN_POINT('',(0.003,-0.02572089965,0.));
#8765=CARTESIAN_POINT('',(0.003,-0.02522089965,0.));
#8766=CARTESIAN_POINT('',(0.003,-0.02522089965,0.0016));
#8767=CARTESIAN_POINT('',(0.003,-0.02522089965,0.0016));
#8768=CARTESIAN_POINT('',(0.003,-0.02572089965,0.0016));
#8769=CARTESIAN_POINT('',(0.0635,-0.00872089965000001,0.0016));
#8770=CARTESIAN_POINT('',(0.0635,-0.00872089965000001,0.));
#8771=CARTESIAN_POINT('',(0.064,-0.00872089965000001,0.));
#8772=CARTESIAN_POINT('',(0.0635,-0.00822089965000001,0.));
#8773=CARTESIAN_POINT('',(0.064,-0.00872089965000001,0.0016));
#8774=CARTESIAN_POINT('',(0.064,-0.00872089965000001,0.0016));
#8775=CARTESIAN_POINT('',(0.0635,-0.00872089965000001,0.0016));
#8776=CARTESIAN_POINT('',(0.0635,-0.00822089965000001,0.0016));
#8777=CARTESIAN_POINT('',(0.0635,-0.00822089965000001,0.0016));
#8778=CARTESIAN_POINT('',(0.064,-0.01522089965,0.0016));
#8779=CARTESIAN_POINT('',(0.064,-0.01522089965,0.));
#8780=CARTESIAN_POINT('',(0.064,-0.02172089965,0.));
#8781=CARTESIAN_POINT('',(0.064,-0.02172089965,0.0016));
#8782=CARTESIAN_POINT('',(0.064,-0.02172089965,0.0016));
#8783=CARTESIAN_POINT('',(0.064,-0.01522089965,0.0016));
#8784=CARTESIAN_POINT('',(0.0635,-0.02172089965,0.0016));
#8785=CARTESIAN_POINT('',(0.0635,-0.02172089965,0.));
#8786=CARTESIAN_POINT('',(0.0635,-0.02222089965,0.));
#8787=CARTESIAN_POINT('',(0.0635,-0.02222089965,0.0016));
#8788=CARTESIAN_POINT('',(0.0635,-0.02222089965,0.0016));
#8789=CARTESIAN_POINT('',(0.0635,-0.02172089965,0.0016));
#8790=CARTESIAN_POINT('',(0.057,-0.02222089965,0.0016));
#8791=CARTESIAN_POINT('',(0.057,-0.02222089965,0.));
#8792=CARTESIAN_POINT('',(0.0505,-0.02222089965,0.));
#8793=CARTESIAN_POINT('',(0.0505,-0.02222089965,0.0016));
#8794=CARTESIAN_POINT('',(0.0505,-0.02222089965,0.0016));
#8795=CARTESIAN_POINT('',(0.057,-0.02222089965,0.0016));
#8796=CARTESIAN_POINT('',(0.0505,-0.02172089965,0.0016));
#8797=CARTESIAN_POINT('',(0.0505,-0.02172089965,0.));
#8798=CARTESIAN_POINT('',(0.05,-0.02172089965,0.));
#8799=CARTESIAN_POINT('',(0.05,-0.02172089965,0.0016));
#8800=CARTESIAN_POINT('',(0.05,-0.02172089965,0.0016));
#8801=CARTESIAN_POINT('',(0.0505,-0.02172089965,0.0016));
#8802=CARTESIAN_POINT('',(0.05,-0.01522089965,0.0016));
#8803=CARTESIAN_POINT('',(0.05,-0.01522089965,0.));
#8804=CARTESIAN_POINT('',(0.05,-0.00872089965000001,0.));
#8805=CARTESIAN_POINT('',(0.05,-0.00872089965000001,0.0016));
#8806=CARTESIAN_POINT('',(0.05,-0.00872089965000001,0.0016));
#8807=CARTESIAN_POINT('',(0.05,-0.01522089965,0.0016));
#8808=CARTESIAN_POINT('',(0.0505,-0.00872089965,0.0016));
#8809=CARTESIAN_POINT('',(0.0505,-0.00872089965,0.));
#8810=CARTESIAN_POINT('',(0.0505,-0.00822089965000001,0.));
#8811=CARTESIAN_POINT('',(0.0505,-0.00822089965000001,0.0016));
#8812=CARTESIAN_POINT('',(0.0505,-0.00822089965000001,0.0016));
#8813=CARTESIAN_POINT('',(0.0505,-0.00872089965,0.0016));
#8814=CARTESIAN_POINT('',(0.0605468193,-0.03831647615,0.0016));
#8815=CARTESIAN_POINT('',(0.0605468193,-0.03831647615,0.));
#8816=CARTESIAN_POINT('',(0.060979832,-0.03856647615,0.));
#8817=CARTESIAN_POINT('',(0.0607968193,-0.03788346345,0.));
#8818=CARTESIAN_POINT('',(0.060979832,-0.03856647615,0.0016));
#8819=CARTESIAN_POINT('',(0.060979832,-0.03856647615,0.0016));
#8820=CARTESIAN_POINT('',(0.0605468193,-0.03831647615,0.0016));
#8821=CARTESIAN_POINT('',(0.0607968193,-0.03788346345,0.0016));
#8822=CARTESIAN_POINT('',(0.0607968193,-0.03788346345,0.0016));
#8823=CARTESIAN_POINT('',(0.057729832,-0.04419564125,0.0016));
#8824=CARTESIAN_POINT('',(0.057729832,-0.04419564125,0.));
#8825=CARTESIAN_POINT('',(0.0544798320014559,-0.0498248063507558,0.));
#8826=CARTESIAN_POINT('',(0.0544798320014559,-0.0498248063507558,0.0016));
#8827=CARTESIAN_POINT('',(0.0544798320014559,-0.0498248063507558,0.0016));
#8828=CARTESIAN_POINT('',(0.057729832,-0.04419564125,0.0016));
#8829=CARTESIAN_POINT('',(0.0540468193,-0.04957480635,0.0016));
#8830=CARTESIAN_POINT('',(0.0540468193,-0.04957480635,0.));
#8831=CARTESIAN_POINT('',(0.0537968193,-0.05000781905,0.));
#8832=CARTESIAN_POINT('',(0.0537968193,-0.05000781905,0.0016));
#8833=CARTESIAN_POINT('',(0.0537968193,-0.05000781905,0.0016));
#8834=CARTESIAN_POINT('',(0.0540468193,-0.04957480635,0.0016));
#8835=CARTESIAN_POINT('',(0.0481676542,-0.04675781905,0.0016));
#8836=CARTESIAN_POINT('',(0.0481676542,-0.04675781905,0.));
#8837=CARTESIAN_POINT('',(0.0425384890992443,-0.0435078190514559,0.));
#8838=CARTESIAN_POINT('',(0.0425384890992443,-0.0435078190514559,0.0016));
#8839=CARTESIAN_POINT('',(0.0425384890992443,-0.0435078190514559,0.0016));
#8840=CARTESIAN_POINT('',(0.0481676542,-0.04675781905,0.0016));
#8841=CARTESIAN_POINT('',(0.0427884891,-0.04307480635,0.0016));
#8842=CARTESIAN_POINT('',(0.0427884891,-0.04307480635,0.));
#8843=CARTESIAN_POINT('',(0.0423554763985441,-0.0428248063492442,0.));
#8844=CARTESIAN_POINT('',(0.0423554763985441,-0.0428248063492442,0.0016));
#8845=CARTESIAN_POINT('',(0.0423554763985441,-0.0428248063492442,0.0016));
#8846=CARTESIAN_POINT('',(0.0427884891,-0.04307480635,0.0016));
#8847=CARTESIAN_POINT('',(0.0456054764,-0.03719564125,0.0016));
#8848=CARTESIAN_POINT('',(0.0456054764,-0.03719564125,0.));
#8849=CARTESIAN_POINT('',(0.0488554764,-0.03156647615,0.));
#8850=CARTESIAN_POINT('',(0.0488554764,-0.03156647615,0.0016));
#8851=CARTESIAN_POINT('',(0.0488554764,-0.03156647615,0.0016));
#8852=CARTESIAN_POINT('',(0.0456054764,-0.03719564125,0.0016));
#8853=CARTESIAN_POINT('',(0.0492884891,-0.03181647615,0.0016));
#8854=CARTESIAN_POINT('',(0.0492884891,-0.03181647615,0.));
#8855=CARTESIAN_POINT('',(0.0495384891007558,-0.0313834634485441,0.));
#8856=CARTESIAN_POINT('',(0.0495384891007558,-0.0313834634485441,0.0016));
#8857=CARTESIAN_POINT('',(0.0495384891007558,-0.0313834634485441,0.0016));
#8858=CARTESIAN_POINT('',(0.0492884891,-0.03181647615,0.0016));
#8859=CARTESIAN_POINT('',(0.0325617333,-0.02845941885,0.0016));
#8860=CARTESIAN_POINT('',(0.0325617333,-0.02845941885,0.));
#8861=CARTESIAN_POINT('',(0.0325617333,-0.02845941885,0.0016));
#8862=CARTESIAN_POINT('',(-0.057,-0.01122089965,0.0016));
#8863=CARTESIAN_POINT('',(-0.057,-0.01122089965,0.));
#8864=CARTESIAN_POINT('',(-0.057,-0.01122089965,0.0016));
#8865=CARTESIAN_POINT('',(-0.057,0.00777910034999999,0.0016));
#8866=CARTESIAN_POINT('',(-0.057,0.00777910034999999,0.));
#8867=CARTESIAN_POINT('',(-0.057,0.00777910034999999,0.0016));
#8868=CARTESIAN_POINT('',(-0.057,0.02677910035,0.0016));
#8869=CARTESIAN_POINT('',(-0.057,0.02677910035,0.));
#8870=CARTESIAN_POINT('',(-0.057,0.02677910035,0.0016));
#8871=CARTESIAN_POINT('',(-0.057,0.04577910035,0.0016));
#8872=CARTESIAN_POINT('',(-0.057,0.04577910035,0.));
#8873=CARTESIAN_POINT('',(-0.057,0.04577910035,0.0016));
#8874=CARTESIAN_POINT('',(-0.038,-0.01122089965,0.0016));
#8875=CARTESIAN_POINT('',(-0.038,-0.01122089965,0.));
#8876=CARTESIAN_POINT('',(-0.038,-0.01122089965,0.0016));
#8877=CARTESIAN_POINT('',(-0.038,0.00777910034999999,0.0016));
#8878=CARTESIAN_POINT('',(-0.038,0.00777910034999999,0.));
#8879=CARTESIAN_POINT('',(-0.038,0.00777910034999999,0.0016));
#8880=CARTESIAN_POINT('',(-0.038,0.02677910035,0.0016));
#8881=CARTESIAN_POINT('',(-0.038,0.02677910035,0.));
#8882=CARTESIAN_POINT('',(-0.038,0.02677910035,0.0016));
#8883=CARTESIAN_POINT('',(-0.038,0.04577910035,0.0016));
#8884=CARTESIAN_POINT('',(-0.038,0.04577910035,0.));
#8885=CARTESIAN_POINT('',(-0.038,0.04577910035,0.0016));
#8886=CARTESIAN_POINT('',(-0.019,-0.00622089965000001,0.0016));
#8887=CARTESIAN_POINT('',(-0.019,-0.00622089965000001,0.));
#8888=CARTESIAN_POINT('',(-0.019,-0.00622089965000001,0.0016));
#8889=CARTESIAN_POINT('',(-0.019,0.01277910035,0.0016));
#8890=CARTESIAN_POINT('',(-0.019,0.01277910035,0.));
#8891=CARTESIAN_POINT('',(-0.019,0.01277910035,0.0016));
#8892=CARTESIAN_POINT('',(-0.019,0.03177910035,0.0016));
#8893=CARTESIAN_POINT('',(-0.019,0.03177910035,0.));
#8894=CARTESIAN_POINT('',(-0.019,0.03177910035,0.0016));
#8895=CARTESIAN_POINT('',(-0.019,0.05077910035,0.0016));
#8896=CARTESIAN_POINT('',(-0.019,0.05077910035,0.));
#8897=CARTESIAN_POINT('',(-0.019,0.05077910035,0.0016));
#8898=CARTESIAN_POINT('',(0.,-0.00322089965000001,0.0016));
#8899=CARTESIAN_POINT('',(0.,-0.00322089965000001,0.));
#8900=CARTESIAN_POINT('',(0.,-0.00322089965000001,0.0016));
#8901=CARTESIAN_POINT('',(0.,0.01577910035,0.0016));
#8902=CARTESIAN_POINT('',(0.,0.01577910035,0.));
#8903=CARTESIAN_POINT('',(0.,0.01577910035,0.0016));
#8904=CARTESIAN_POINT('',(0.,0.03477910035,0.0016));
#8905=CARTESIAN_POINT('',(0.,0.03477910035,0.));
#8906=CARTESIAN_POINT('',(0.,0.03477910035,0.0016));
#8907=CARTESIAN_POINT('',(0.,0.05377910035,0.0016));
#8908=CARTESIAN_POINT('',(0.,0.05377910035,0.));
#8909=CARTESIAN_POINT('',(0.,0.05377910035,0.0016));
#8910=CARTESIAN_POINT('',(0.019,-0.00622089965000001,0.0016));
#8911=CARTESIAN_POINT('',(0.019,-0.00622089965000001,0.));
#8912=CARTESIAN_POINT('',(0.019,-0.00622089965000001,0.0016));
#8913=CARTESIAN_POINT('',(0.019,0.01277910035,0.0016));
#8914=CARTESIAN_POINT('',(0.019,0.01277910035,0.));
#8915=CARTESIAN_POINT('',(0.019,0.01277910035,0.0016));
#8916=CARTESIAN_POINT('',(0.019,0.03177910035,0.0016));
#8917=CARTESIAN_POINT('',(0.019,0.03177910035,0.));
#8918=CARTESIAN_POINT('',(0.019,0.03177910035,0.0016));
#8919=CARTESIAN_POINT('',(0.019,0.05077910035,0.0016));
#8920=CARTESIAN_POINT('',(0.019,0.05077910035,0.));
#8921=CARTESIAN_POINT('',(0.019,0.05077910035,0.0016));
#8922=CARTESIAN_POINT('',(0.038,-0.00822089965000001,0.0016));
#8923=CARTESIAN_POINT('',(0.038,-0.00822089965000001,0.));
#8924=CARTESIAN_POINT('',(0.038,-0.00822089965000001,0.0016));
#8925=CARTESIAN_POINT('',(0.038,0.01077910035,0.0016));
#8926=CARTESIAN_POINT('',(0.038,0.01077910035,0.));
#8927=CARTESIAN_POINT('',(0.038,0.01077910035,0.0016));
#8928=CARTESIAN_POINT('',(0.038,0.02977910035,0.0016));
#8929=CARTESIAN_POINT('',(0.038,0.02977910035,0.));
#8930=CARTESIAN_POINT('',(0.038,0.02977910035,0.0016));
#8931=CARTESIAN_POINT('',(0.038,0.04877910035,0.0016));
#8932=CARTESIAN_POINT('',(0.038,0.04877910035,0.));
#8933=CARTESIAN_POINT('',(0.038,0.04877910035,0.0016));
#8934=CARTESIAN_POINT('',(0.0095,-0.02522089965,0.0016));
#8935=CARTESIAN_POINT('',(0.0095,-0.02522089965,0.));
#8936=CARTESIAN_POINT('',(0.0095,-0.02522089965,0.0016));
#8937=CARTESIAN_POINT('',(0.057,-0.00822089965000001,0.0016));
#8938=CARTESIAN_POINT('',(0.057,-0.00822089965000001,0.));
#8939=CARTESIAN_POINT('',(0.057,-0.00822089965000001,0.0016));
#8940=CARTESIAN_POINT('',(0.0551676542,-0.03463346345,0.0016));
#8941=CARTESIAN_POINT('',(0.0551676542,-0.03463346345,0.));
#8942=CARTESIAN_POINT('',(0.0551676542,-0.03463346345,0.0016));
#8943=CARTESIAN_POINT('',(-0.0625,0.04427910035,0.0016));
#8944=CARTESIAN_POINT('',(-0.0625,0.04427910035,0.));
#8945=CARTESIAN_POINT('',(-0.0625,0.04427910035,0.0016));
#8946=CARTESIAN_POINT('',(0.,0.,0.0016));
#8947=CARTESIAN_POINT('',(0.062557044583311,0.047336144933311,0.0016));
#8948=CARTESIAN_POINT('',(0.0482829839582173,-0.027661355066689,0.0016));
#8949=CARTESIAN_POINT('',(0.0511329839582173,-0.027661355066689,0.0016));
#8950=CARTESIAN_POINT('',(0.0285925709582174,0.033336144933311,0.0016));
#8951=CARTESIAN_POINT('',(0.0314425709582173,0.033336144933311,0.0016));
#8952=CARTESIAN_POINT('',(-0.00465742904178268,-0.025513855066689,0.0016));
#8953=CARTESIAN_POINT('',(-0.00180742904178268,-0.025513855066689,0.0016));
#8954=CARTESIAN_POINT('',(-0.0474074290417827,-0.00866385506668901,0.0016));
#8955=CARTESIAN_POINT('',(-0.0445574290417827,-0.00866385506668901,0.0016));
#8956=CARTESIAN_POINT('',(-0.0474074290417827,0.029336144933311,0.0016));
#8957=CARTESIAN_POINT('',(-0.0445574290417827,0.029336144933311,0.0016));
#8958=CARTESIAN_POINT('',(0.,0.,0.));
#8959=CARTESIAN_POINT('',(0.0482829839582173,-0.027661355066689,0.));
#8960=CARTESIAN_POINT('',(0.0497329839582173,-0.027661355066689,0.));
#8961=CARTESIAN_POINT('',(0.0285925709582174,0.033336144933311,0.));
#8962=CARTESIAN_POINT('',(0.0300425709582174,0.033336144933311,0.));
#8963=CARTESIAN_POINT('',(-0.00465742904178268,-0.025513855066689,0.));
#8964=CARTESIAN_POINT('',(-0.00320742904178268,-0.025513855066689,0.));
#8965=CARTESIAN_POINT('',(-0.0474074290417827,-0.00866385506668901,0.));
#8966=CARTESIAN_POINT('',(-0.0459574290417827,-0.00866385506668901,0.));
#8967=CARTESIAN_POINT('',(-0.0474074290417827,0.029336144933311,0.));
#8968=CARTESIAN_POINT('',(-0.0459574290417827,0.029336144933311,0.));
#8969=CARTESIAN_POINT('',(-0.0474074290417827,0.029336144933311,-0.175472535132708));
#8970=CARTESIAN_POINT('',(-0.0474074290417827,0.029336144933311,0.000200000000000006));
#8971=CARTESIAN_POINT('',(-0.0459574290417827,0.029336144933311,0.000200000000000006));
#8972=CARTESIAN_POINT('',(-0.0474074290417827,-0.00866385506668901,-0.175472535132708));
#8973=CARTESIAN_POINT('',(-0.0474074290417827,-0.00866385506668901,0.000200000000000006));
#8974=CARTESIAN_POINT('',(-0.0459574290417827,-0.00866385506668901,0.000200000000000006));
#8975=CARTESIAN_POINT('',(-0.00465742904178268,-0.025513855066689,-0.175472535132708));
#8976=CARTESIAN_POINT('',(-0.00465742904178268,-0.025513855066689,0.000200000000000006));
#8977=CARTESIAN_POINT('',(-0.00320742904178268,-0.025513855066689,0.000200000000000006));
#8978=CARTESIAN_POINT('',(0.0285925709582174,0.033336144933311,-0.175472535132708));
#8979=CARTESIAN_POINT('',(0.0285925709582174,0.033336144933311,0.000200000000000006));
#8980=CARTESIAN_POINT('',(0.0300425709582174,0.033336144933311,0.000200000000000006));
#8981=CARTESIAN_POINT('',(0.0482829839582173,-0.027661355066689,-0.175472535132708));
#8982=CARTESIAN_POINT('',(0.0482829839582173,-0.027661355066689,0.000200000000000006));
#8983=CARTESIAN_POINT('',(0.0497329839582173,-0.027661355066689,0.000200000000000006));
#8984=CARTESIAN_POINT('',(0.0482829839582173,-0.027661355066689,0.000200000000000006));
#8985=CARTESIAN_POINT('',(0.0285925709582174,0.033336144933311,0.000200000000000006));
#8986=CARTESIAN_POINT('',(-0.00465742904178268,-0.025513855066689,0.000200000000000006));
#8987=CARTESIAN_POINT('',(-0.0474074290417827,-0.00866385506668901,0.000200000000000006));
#8988=CARTESIAN_POINT('',(-0.0474074290417827,0.029336144933311,0.000200000000000006));
#8989=CARTESIAN_POINT('',(0.,0.,0.0006));
#8990=CARTESIAN_POINT('',(0.062557044583311,0.047336144933311,0.0006));
#8991=CARTESIAN_POINT('',(0.062557044583311,0.047336144933311,0.0006));
#8992=MECHANICAL_DESIGN_GEOMETRIC_PRESENTATION_REPRESENTATION('',(#5330),
#8993);
#8993=(
GEOMETRIC_REPRESENTATION_CONTEXT(3)
GLOBAL_UNCERTAINTY_ASSIGNED_CONTEXT((#8994))
GLOBAL_UNIT_ASSIGNED_CONTEXT((#8997,#8996,#8995))
REPRESENTATION_CONTEXT('Plate','TOP_LEVEL_ASSEMBLY_PART')
);
#8994=UNCERTAINTY_MEASURE_WITH_UNIT(LENGTH_MEASURE(1.E-8),#8997,
'DISTANCE_ACCURACY_VALUE','Maximum Tolerance applied to model');
#8995=(
NAMED_UNIT(*)
SI_UNIT($,.STERADIAN.)
SOLID_ANGLE_UNIT()
);
#8996=(
NAMED_UNIT(*)
PLANE_ANGLE_UNIT()
SI_UNIT($,.RADIAN.)
);
#8997=(
LENGTH_UNIT()
NAMED_UNIT(*)
SI_UNIT($,.METRE.)
);
#8998=PRODUCT_DEFINITION_SHAPE('','',#8999);
#8999=PRODUCT_DEFINITION('','',#9001,#9000);
#9000=PRODUCT_DEFINITION_CONTEXT('',#9007,'design');
#9001=PRODUCT_DEFINITION_FORMATION_WITH_SPECIFIED_SOURCE('','',#9003,
 .NOT_KNOWN.);
#9002=PRODUCT_RELATED_PRODUCT_CATEGORY('','',(#9003));
#9003=PRODUCT('Plate','Plate','Plate',(#9005));
#9004=PRODUCT_CATEGORY('','');
#9005=PRODUCT_CONTEXT('',#9007,'mechanical');
#9006=APPLICATION_PROTOCOL_DEFINITION('international standard',
'ap242_managed_model_based_3d_engineering',2020,#9007);
#9007=APPLICATION_CONTEXT('managed model based 3d engineering');
ENDSEC;
END-ISO-10303-21;
